pc,S
0.007616131,1.39
0.01655654,1.87
0.027767846,2.64
0.038561847,3.92
0.049887596,6.06
0.061685736,5.79
0.07106754,5.53
0.081819492,6.3
0.094279783,5.76
0.106088887,5.51
0.106033749,6.28
0.113644307,8.93
0.127878933,8.54
0.137271349,8.16
0.143771906,10.17
