{
   "log10 r": [
      0.0,
      0.05,
      0.1,
      0.15000000000000002,
      0.2,
      0.25,
      0.30000000000000004,
      0.35000000000000003,
      0.4,
      0.45,
      0.5,
      0.55,
      0.6000000000000001,
      0.65,
      0.7000000000000001,
      0.75,
      0.8,
      0.8500000000000001,
      0.9,
      0.9500000000000001,
      1.0,
      1.05,
      1.1,
      1.1500000000000001,
      1.2000000000000002,
      1.25,
      1.3,
      1.35,
      1.4000000000000001,
      1.4500000000000002,
      1.5,
      1.55,
      1.6,
      1.6500000000000001,
      1.7000000000000002,
      1.75,
      1.8,
      1.85,
      1.9000000000000001,
      1.9500000000000002,
      2.0,
      2.0500000000000003,
      2.1,
      2.15,
      2.2,
      2.25,
      2.3000000000000003,
      2.35,
      2.4000000000000004,
      2.45,
      2.5
   ],
   "Sum dv^2": [
      2.2158614843590456,
      0.0,
      0.0,
      15.064186101219757,
      0.0,
      0.0,
      83.53117813895183,
      0.0,
      0.0,
      78.7838845466515,
      147.8965226986739,
      190.02981644173423,
      412.2926659615361,
      696.4540379976381,
      784.1081073037625,
      1293.8792124591444,
      2859.2281197579096,
      3001.0119480598582,
      5128.530942413496,
      8502.937155764766,
      15542.41985059034,
      19328.0579243558,
      29149.72249111675,
      49209.162340232564,
      65098.45704288865,
      98551.22152220998,
      148078.49026040282,
      205784.0212687342,
      283678.04551829473,
      387284.53705930343,
      554420.1421114531,
      700249.7029129637,
      980250.0401959822,
      1255375.8440856333,
      1637765.8256361454,
      2074418.974774516,
      2587408.5701149874,
      3264196.4319695868,
      3966222.8157542935,
      4814193.976821028,
      5718873.453047314,
      6476537.229468954,
      7049820.696424689,
      7147448.239655015,
      7008738.329183458,
      6610728.859125034,
      5721499.276320217,
      5038042.220999664,
      2856029.9950428717,
      764258.8658683171,
      44874.352396580034
   ],
   "Sum weights": [
      65280.0,
      0.0,
      0.0,
      130050.0,
      0.0,
      0.0,
      324104.0,
      0.0,
      0.0,
      193800.0,
      258060.0,
      257048.0,
      449570.0,
      575312.0,
      511036.0,
      700020.0,
      1203734.0,
      1007972.0,
      1445380.0,
      1937042.0,
      2859272.0,
      2897116.0,
      3674690.0,
      5155474.0,
      5773520.0,
      7491838.0,
      9701238.0,
      11757186.0,
      14320938.0,
      17540114.0,
      22734900.0,
      26303374.0,
      34062188.0,
      40733820.0,
      50149068.0,
      60431004.0,
      72289830.0,
      87731826.0,
      102476376.0,
      120332462.0,
      140368314.0,
      158782298.0,
      178392398.0,
      192781200.0,
      200564162.0,
      196929652.0,
      173862636.0,
      123283452.0,
      50816154.0,
      14282052.0,
      1557090.0
   ],
   "Sum w * dv^2": [
      2.2158614843590456,
      0.0,
      0.0,
      15.064186101219757,
      0.0,
      0.0,
      83.53117813895183,
      0.0,
      0.0,
      78.7838845466515,
      147.8965226986739,
      190.02981644173423,
      412.2926659615361,
      696.4540379976381,
      784.1081073037625,
      1293.8792124591444,
      2859.2281197579096,
      3001.0119480598582,
      5128.530942413496,
      8502.937155764766,
      15542.41985059034,
      19328.0579243558,
      29149.72249111675,
      49209.162340232564,
      65098.45704288865,
      98551.22152220998,
      148078.49026040282,
      205784.0212687342,
      283678.04551829473,
      387284.53705930343,
      554420.1421114531,
      700249.7029129637,
      980250.0401959822,
      1255375.8440856333,
      1637765.8256361454,
      2074418.974774516,
      2587408.5701149874,
      3264196.4319695868,
      3966222.8157542935,
      4814193.976821028,
      5718873.453047314,
      6476537.229468954,
      7049820.696424689,
      7147448.239655015,
      7008738.329183458,
      6610728.859125034,
      5721499.276320217,
      5038042.220999664,
      2856029.9950428717,
      764258.8658683171,
      44874.352396580034
   ],
   "N pairs": [
      65280,
      0,
      0,
      130050,
      0,
      0,
      324104,
      0,
      0,
      193800,
      258060,
      257048,
      449570,
      575312,
      511036,
      700020,
      1203734,
      1007972,
      1445380,
      1937042,
      2859272,
      2897116,
      3674690,
      5155474,
      5773520,
      7491838,
      9701238,
      11757186,
      14320938,
      17540114,
      22734900,
      26303374,
      34062188,
      40733820,
      50149068,
      60431004,
      72289830,
      87731826,
      102476376,
      120332462,
      140368314,
      158782298,
      178392398,
      192781200,
      200564162,
      196929652,
      173862636,
      123283452,
      50816154,
      14282052,
      1557090
   ],
   "Unweighted B(r)": [
      3.3943956561872636e-05,
      NaN,
      NaN,
      0.00011583380316201274,
      NaN,
      NaN,
      0.0002577295502028726,
      NaN,
      NaN,
      0.00040652159208798505,
      0.0005731090548658214,
      0.0007392775529929594,
      0.0009170822473953691,
      0.0012105675494299408,
      0.001534350040513315,
      0.0018483460650540618,
      0.0023752989611973323,
      0.0029772770950580556,
      0.003548223264756324,
      0.004389650382265726,
      0.0054357961923840546,
      0.0066714822341790245,
      0.007932566418151396,
      0.009545031618864252,
      0.01127534970743821,
      0.013154478450042563,
      0.015263875627049128,
      0.01750282944139305,
      0.019808621859706027,
      0.022079932722176347,
      0.0243863022098823,
      0.02662204867379233,
      0.02877824642961815,
      0.0308190060270712,
      0.03265795140272887,
      0.03432706454412897,
      0.03579215181602983,
      0.03720652562240739,
      0.038703777110095046,
      0.040007441855723254,
      0.040741911689894016,
      0.040788786351164626,
      0.039518616126370414,
      0.03707544220938045,
      0.03494511810730901,
      0.03356898665075097,
      0.03290815903838141,
      0.04086551876402409,
      0.05620319072243979,
      0.05351183890580409,
      0.028819369719528115
   ],
   "Weighted B(r)": [
      3.3943956561872636e-05,
      NaN,
      NaN,
      0.00011583380316201274,
      NaN,
      NaN,
      0.0002577295502028726,
      NaN,
      NaN,
      0.00040652159208798505,
      0.0005731090548658214,
      0.0007392775529929594,
      0.0009170822473953691,
      0.0012105675494299408,
      0.001534350040513315,
      0.0018483460650540618,
      0.0023752989611973323,
      0.0029772770950580556,
      0.003548223264756324,
      0.004389650382265726,
      0.0054357961923840546,
      0.0066714822341790245,
      0.007932566418151396,
      0.009545031618864252,
      0.01127534970743821,
      0.013154478450042563,
      0.015263875627049128,
      0.01750282944139305,
      0.019808621859706027,
      0.022079932722176347,
      0.0243863022098823,
      0.02662204867379233,
      0.02877824642961815,
      0.0308190060270712,
      0.03265795140272887,
      0.03432706454412897,
      0.03579215181602983,
      0.03720652562240739,
      0.038703777110095046,
      0.040007441855723254,
      0.040741911689894016,
      0.040788786351164626,
      0.039518616126370414,
      0.03707544220938045,
      0.03494511810730901,
      0.03356898665075097,
      0.03290815903838141,
      0.04086551876402409,
      0.05620319072243979,
      0.05351183890580409,
      0.028819369719528115
   ],
   "Unweighted sigma^2": 0.018136479504424693,
   "Apparent r0": 23.137891298218268
}