{
   "log10 r": [
      0.0,
      0.05,
      0.1,
      0.15000000000000002,
      0.2,
      0.25,
      0.30000000000000004,
      0.35000000000000003,
      0.4,
      0.45,
      0.5,
      0.55,
      0.6000000000000001,
      0.65,
      0.7000000000000001,
      0.75,
      0.8,
      0.8500000000000001,
      0.9,
      0.9500000000000001,
      1.0,
      1.05,
      1.1,
      1.1500000000000001,
      1.2000000000000002,
      1.25,
      1.3,
      1.35,
      1.4000000000000001,
      1.4500000000000002,
      1.5,
      1.55,
      1.6,
      1.6500000000000001,
      1.7000000000000002,
      1.75,
      1.8,
      1.85,
      1.9000000000000001,
      1.9500000000000002,
      2.0,
      2.0500000000000003,
      2.1,
      2.15,
      2.2,
      2.25,
      2.3000000000000003,
      2.35,
      2.4000000000000004,
      2.45,
      2.5
   ],
   "Sum dv^2": [
      1.8766192921578775,
      0.0,
      0.0,
      12.784442438676585,
      0.0,
      0.0,
      70.85951884338938,
      0.0,
      0.0,
      66.83896653740462,
      125.39895377244645,
      161.32045009523912,
      349.48507961048176,
      590.8854581268118,
      664.0591417083479,
      1095.9925997181747,
      2421.615456515477,
      2543.572282026109,
      4340.248759881779,
      7194.550468715422,
      13135.78302146114,
      16347.570821735175,
      24647.638957465817,
      41674.776609803914,
      55190.60227215828,
      83810.58324906809,
      126403.14817854544,
      176799.92542444094,
      245651.90842398946,
      338839.3826572264,
      490778.566433938,
      627712.1977543712,
      890602.7208679726,
      1158246.135345566,
      1535669.948353988,
      1969122.2799441817,
      2471771.3747199248,
      3121730.8010987416,
      3794153.675222773,
      4684840.882746656,
      5914949.645446676,
      7411112.263959842,
      9257473.961700674,
      11156116.730937447,
      12834814.123441366,
      13514838.697849229,
      12723480.364633976,
      9603037.279401263,
      4631109.548833131,
      1567122.9682713964,
      108937.19721292143
   ],
   "Sum weights": [
      65280.0,
      0.0,
      0.0,
      130050.0,
      0.0,
      0.0,
      324104.0,
      0.0,
      0.0,
      193800.0,
      258060.0,
      257048.0,
      449570.0,
      575312.0,
      511036.0,
      700020.0,
      1203734.0,
      1007972.0,
      1445380.0,
      1937042.0,
      2859272.0,
      2897116.0,
      3674690.0,
      5155474.0,
      5773520.0,
      7491838.0,
      9701238.0,
      11757186.0,
      14320938.0,
      17540114.0,
      22734900.0,
      26303374.0,
      34062188.0,
      40733820.0,
      50149068.0,
      60431004.0,
      72289830.0,
      87731826.0,
      102476376.0,
      120332462.0,
      140368314.0,
      158782298.0,
      178392398.0,
      192781200.0,
      200564162.0,
      196929652.0,
      173862636.0,
      123283452.0,
      50816154.0,
      14282052.0,
      1557090.0
   ],
   "Sum w * dv^2": [
      1.8766192921578775,
      0.0,
      0.0,
      12.784442438676585,
      0.0,
      0.0,
      70.85951884338938,
      0.0,
      0.0,
      66.83896653740462,
      125.39895377244645,
      161.32045009523912,
      349.48507961048176,
      590.8854581268118,
      664.0591417083479,
      1095.9925997181747,
      2421.615456515477,
      2543.572282026109,
      4340.248759881779,
      7194.550468715422,
      13135.78302146114,
      16347.570821735175,
      24647.638957465817,
      41674.776609803914,
      55190.60227215828,
      83810.58324906809,
      126403.14817854544,
      176799.92542444094,
      245651.90842398946,
      338839.3826572264,
      490778.566433938,
      627712.1977543712,
      890602.7208679726,
      1158246.135345566,
      1535669.948353988,
      1969122.2799441817,
      2471771.3747199248,
      3121730.8010987416,
      3794153.675222773,
      4684840.882746656,
      5914949.645446676,
      7411112.263959842,
      9257473.961700674,
      11156116.730937447,
      12834814.123441366,
      13514838.697849229,
      12723480.364633976,
      9603037.279401263,
      4631109.548833131,
      1567122.9682713964,
      108937.19721292143
   ],
   "N pairs": [
      65280,
      0,
      0,
      130050,
      0,
      0,
      324104,
      0,
      0,
      193800,
      258060,
      257048,
      449570,
      575312,
      511036,
      700020,
      1203734,
      1007972,
      1445380,
      1937042,
      2859272,
      2897116,
      3674690,
      5155474,
      5773520,
      7491838,
      9701238,
      11757186,
      14320938,
      17540114,
      22734900,
      26303374,
      34062188,
      40733820,
      50149068,
      60431004,
      72289830,
      87731826,
      102476376,
      120332462,
      140368314,
      158782298,
      178392398,
      192781200,
      200564162,
      196929652,
      173862636,
      123283452,
      50816154,
      14282052,
      1557090
   ],
   "Unweighted B(r)": [
      2.8747231803889056e-05,
      NaN,
      NaN,
      9.83040556607196e-05,
      NaN,
      NaN,
      0.00021863204046660757,
      NaN,
      NaN,
      0.0003448863082425419,
      0.00048592944963359854,
      0.0006275888164671156,
      0.0007773763365226367,
      0.0010270695868099602,
      0.001299437107578229,
      0.0015656589807693704,
      0.002011752975753345,
      0.0025234552964031828,
      0.0030028426848868663,
      0.003714194358571173,
      0.004594100533793616,
      0.005642704959599538,
      0.006707406327463219,
      0.008083597475189268,
      0.009559264066316265,
      0.01118691878402444,
      0.013029589437816642,
      0.015037605548167814,
      0.01715333928713255,
      0.01931796923652984,
      0.021587012321758088,
      0.023864322415609922,
      0.026146374415758983,
      0.02843450811501514,
      0.030622103452729928,
      0.03258463619012819,
      0.034192518846979235,
      0.035582649346643506,
      0.03702466678976599,
      0.0389324776114583,
      0.04213878101753559,
      0.04667467568683155,
      0.05189388149656845,
      0.057869318849231396,
      0.06399355695182156,
      0.06862774884632016,
      0.07318122316191028,
      0.077893968116672,
      0.09113459371272235,
      0.10972673732537848,
      0.06996204279323702
   ],
   "Weighted B(r)": [
      2.8747231803889056e-05,
      NaN,
      NaN,
      9.83040556607196e-05,
      NaN,
      NaN,
      0.00021863204046660757,
      NaN,
      NaN,
      0.0003448863082425419,
      0.00048592944963359854,
      0.0006275888164671156,
      0.0007773763365226367,
      0.0010270695868099602,
      0.001299437107578229,
      0.0015656589807693704,
      0.002011752975753345,
      0.0025234552964031828,
      0.0030028426848868663,
      0.003714194358571173,
      0.004594100533793616,
      0.005642704959599538,
      0.006707406327463219,
      0.008083597475189268,
      0.009559264066316265,
      0.01118691878402444,
      0.013029589437816642,
      0.015037605548167814,
      0.01715333928713255,
      0.01931796923652984,
      0.021587012321758088,
      0.023864322415609922,
      0.026146374415758983,
      0.02843450811501514,
      0.030622103452729928,
      0.03258463619012819,
      0.034192518846979235,
      0.035582649346643506,
      0.03702466678976599,
      0.0389324776114583,
      0.04213878101753559,
      0.04667467568683155,
      0.05189388149656845,
      0.057869318849231396,
      0.06399355695182156,
      0.06862774884632016,
      0.07318122316191028,
      0.077893968116672,
      0.09113459371272235,
      0.10972673732537848,
      0.06996204279323702
   ],
   "Unweighted sigma^2": 0.025853171249191134,
   "Apparent r0": 39.25446882897856
}