{
   "log10 r": [
      0.0,
      0.05,
      0.1,
      0.15000000000000002,
      0.2,
      0.25,
      0.30000000000000004,
      0.35000000000000003,
      0.4,
      0.45,
      0.5,
      0.55,
      0.6000000000000001,
      0.65,
      0.7000000000000001,
      0.75,
      0.8,
      0.8500000000000001,
      0.9,
      0.9500000000000001,
      1.0,
      1.05,
      1.1,
      1.1500000000000001,
      1.2000000000000002,
      1.25,
      1.3,
      1.35,
      1.4000000000000001,
      1.4500000000000002,
      1.5,
      1.55,
      1.6,
      1.6500000000000001,
      1.7000000000000002,
      1.75,
      1.8,
      1.85,
      1.9000000000000001,
      1.9500000000000002,
      2.0,
      2.0500000000000003,
      2.1,
      2.15,
      2.2,
      2.25,
      2.3000000000000003,
      2.35,
      2.4000000000000004,
      2.45,
      2.5
   ],
   "Sum dv^2": [
      0.8853512689618005,
      0.0,
      0.0,
      5.688543603586258,
      0.0,
      0.0,
      31.84330740718877,
      0.0,
      0.0,
      30.402659050938688,
      56.34044487706845,
      72.63453296003382,
      159.06340185175722,
      270.20108720477407,
      304.22343003455006,
      507.508654744426,
      1131.1112804526101,
      1197.112376409605,
      2073.039113241282,
      3490.682916722469,
      6515.088041528493,
      8277.24691143614,
      12792.943791241176,
      22195.192212510432,
      30305.123024283228,
      47360.38103674339,
      73714.81010817432,
      106013.26477723698,
      151084.55890904026,
      212441.82522308463,
      312132.8165815758,
      401756.1663924387,
      568181.3050075334,
      728149.4376092629,
      943761.4035266518,
      1186475.9522408044,
      1483617.0370253753,
      1907715.743332145,
      2398211.0390949487,
      3046251.7959348615,
      3790785.4420191376,
      4472905.573298885,
      5301875.364715146,
      6465364.267020909,
      7965110.502315277,
      9358392.351625662,
      10164074.958907833,
      8436589.429085242,
      3947079.3499985463,
      1282223.493507186,
      112831.8453552475
   ],
   "Sum weights": [
      65280.0,
      0.0,
      0.0,
      130050.0,
      0.0,
      0.0,
      324104.0,
      0.0,
      0.0,
      193800.0,
      258060.0,
      257048.0,
      449570.0,
      575312.0,
      511036.0,
      700020.0,
      1203734.0,
      1007972.0,
      1445380.0,
      1937042.0,
      2859272.0,
      2897116.0,
      3674690.0,
      5155474.0,
      5773520.0,
      7491838.0,
      9701238.0,
      11757186.0,
      14320938.0,
      17540114.0,
      22734900.0,
      26303374.0,
      34062188.0,
      40733820.0,
      50149068.0,
      60431004.0,
      72289830.0,
      87731826.0,
      102476376.0,
      120332462.0,
      140368314.0,
      158782298.0,
      178392398.0,
      192781200.0,
      200564162.0,
      196929652.0,
      173862636.0,
      123283452.0,
      50816154.0,
      14282052.0,
      1557090.0
   ],
   "Sum w * dv^2": [
      0.8853512689618005,
      0.0,
      0.0,
      5.688543603586258,
      0.0,
      0.0,
      31.84330740718877,
      0.0,
      0.0,
      30.402659050938688,
      56.34044487706845,
      72.63453296003382,
      159.06340185175722,
      270.20108720477407,
      304.22343003455006,
      507.508654744426,
      1131.1112804526101,
      1197.112376409605,
      2073.039113241282,
      3490.682916722469,
      6515.088041528493,
      8277.24691143614,
      12792.943791241176,
      22195.192212510432,
      30305.123024283228,
      47360.38103674339,
      73714.81010817432,
      106013.26477723698,
      151084.55890904026,
      212441.82522308463,
      312132.8165815758,
      401756.1663924387,
      568181.3050075334,
      728149.4376092629,
      943761.4035266518,
      1186475.9522408044,
      1483617.0370253753,
      1907715.743332145,
      2398211.0390949487,
      3046251.7959348615,
      3790785.4420191376,
      4472905.573298885,
      5301875.364715146,
      6465364.267020909,
      7965110.502315277,
      9358392.351625662,
      10164074.958907833,
      8436589.429085242,
      3947079.3499985463,
      1282223.493507186,
      112831.8453552475
   ],
   "N pairs": [
      65280,
      0,
      0,
      130050,
      0,
      0,
      324104,
      0,
      0,
      193800,
      258060,
      257048,
      449570,
      575312,
      511036,
      700020,
      1203734,
      1007972,
      1445380,
      1937042,
      2859272,
      2897116,
      3674690,
      5155474,
      5773520,
      7491838,
      9701238,
      11757186,
      14320938,
      17540114,
      22734900,
      26303374,
      34062188,
      40733820,
      50149068,
      60431004,
      72289830,
      87731826,
      102476376,
      120332462,
      140368314,
      158782298,
      178392398,
      192781200,
      200564162,
      196929652,
      173862636,
      123283452,
      50816154,
      14282052,
      1557090
   ],
   "Unweighted B(r)": [
      1.356236625247856e-05,
      NaN,
      NaN,
      4.3741204179825134e-05,
      NaN,
      NaN,
      9.825027585956597e-05,
      NaN,
      NaN,
      0.0001568764656911181,
      0.0002183230445519199,
      0.0002825718657995154,
      0.00035381231365917926,
      0.00046966009261891644,
      0.000595307238696589,
      0.0007249916498734693,
      0.0009396687976352002,
      0.0011876444746576344,
      0.0014342519705830175,
      0.0018020687815351805,
      0.0022785828146215164,
      0.0028570643741693946,
      0.0034813668067894643,
      0.004305170041107846,
      0.00524898554508917,
      0.006321597054920754,
      0.007598495172283612,
      0.009016891012631508,
      0.010549906640824802,
      0.012111769924818312,
      0.013729236397854214,
      0.015273940384698887,
      0.016680704862750844,
      0.01787579553327586,
      0.01881912149447427,
      0.0196335634642245,
      0.02052317783878279,
      0.02174485395222647,
      0.023402574648960544,
      0.02531529518555734,
      0.027005991124315544,
      0.02817005188638147,
      0.02972029875799498,
      0.033537317264447516,
      0.039713528194111156,
      0.04752149946228343,
      0.05846037534429096,
      0.06843245619927353,
      0.07767371277248858,
      0.08977866020283261,
      0.07246327788069251
   ],
   "Weighted B(r)": [
      1.356236625247856e-05,
      NaN,
      NaN,
      4.3741204179825134e-05,
      NaN,
      NaN,
      9.825027585956597e-05,
      NaN,
      NaN,
      0.0001568764656911181,
      0.0002183230445519199,
      0.0002825718657995154,
      0.00035381231365917926,
      0.00046966009261891644,
      0.000595307238696589,
      0.0007249916498734693,
      0.0009396687976352002,
      0.0011876444746576344,
      0.0014342519705830175,
      0.0018020687815351805,
      0.0022785828146215164,
      0.0028570643741693946,
      0.0034813668067894643,
      0.004305170041107846,
      0.00524898554508917,
      0.006321597054920754,
      0.007598495172283612,
      0.009016891012631508,
      0.010549906640824802,
      0.012111769924818312,
      0.013729236397854214,
      0.015273940384698887,
      0.016680704862750844,
      0.01787579553327586,
      0.01881912149447427,
      0.0196335634642245,
      0.02052317783878279,
      0.02174485395222647,
      0.023402574648960544,
      0.02531529518555734,
      0.027005991124315544,
      0.02817005188638147,
      0.02972029875799498,
      0.033537317264447516,
      0.039713528194111156,
      0.04752149946228343,
      0.05846037534429096,
      0.06843245619927353,
      0.07767371277248858,
      0.08977866020283261,
      0.07246327788069251
   ],
   "Unweighted sigma^2": 0.017511891792857715,
   "Apparent r0": 43.18921274098982
}