{
   "log10 r": [
      0.0,
      0.05,
      0.1,
      0.15000000000000002,
      0.2,
      0.25,
      0.30000000000000004,
      0.35000000000000003,
      0.4,
      0.45,
      0.5,
      0.55,
      0.6000000000000001,
      0.65,
      0.7000000000000001,
      0.75,
      0.8,
      0.8500000000000001,
      0.9,
      0.9500000000000001,
      1.0,
      1.05,
      1.1,
      1.1500000000000001,
      1.2000000000000002,
      1.25,
      1.3,
      1.35,
      1.4000000000000001,
      1.4500000000000002,
      1.5,
      1.55,
      1.6,
      1.6500000000000001,
      1.7000000000000002,
      1.75,
      1.8,
      1.85,
      1.9000000000000001,
      1.9500000000000002,
      2.0,
      2.0500000000000003,
      2.1,
      2.15,
      2.2,
      2.25,
      2.3000000000000003,
      2.35,
      2.4000000000000004,
      2.45,
      2.5
   ],
   "Sum dv^2": [
      3.9822629057071666,
      0.0,
      0.0,
      17.318989103992177,
      0.0,
      0.0,
      94.83946701449058,
      0.0,
      0.0,
      91.7858823322383,
      150.46024135925933,
      190.2600890295703,
      420.41167930177204,
      696.292101197249,
      742.7221294060923,
      1247.7202062180652,
      2697.9862452915486,
      2770.869943166771,
      4764.83694343656,
      7881.238018998157,
      14521.096949755582,
      18197.314238668983,
      28014.297678827268,
      48323.00070402677,
      66277.80713436115,
      104810.32993062887,
      166376.4741272939,
      247403.65057708195,
      367724.73245504085,
      547966.0713025612,
      868150.7656952739,
      1223996.5454037834,
      1933136.1056863675,
      2827753.5210179957,
      4258657.798782662,
      6288605.4396709865,
      9222203.076735066,
      13767190.14743713,
      19821048.04638498,
      28664779.46554686,
      41134751.39502388,
      56852431.454894796,
      77187155.74005546,
      99968532.85488524,
      123100020.5047541,
      139082422.7731986,
      135012276.83320147,
      99144897.76953325,
      40175457.87527129,
      10166333.29225475,
      969543.9786793819
   ],
   "Sum weights": [
      65280.0,
      0.0,
      0.0,
      130050.0,
      0.0,
      0.0,
      324104.0,
      0.0,
      0.0,
      193800.0,
      258060.0,
      257048.0,
      449570.0,
      575312.0,
      511036.0,
      700020.0,
      1203734.0,
      1007972.0,
      1445380.0,
      1937042.0,
      2859272.0,
      2897116.0,
      3674690.0,
      5155474.0,
      5773520.0,
      7491838.0,
      9701238.0,
      11757186.0,
      14320938.0,
      17540114.0,
      22734900.0,
      26303374.0,
      34062188.0,
      40733820.0,
      50149068.0,
      60431004.0,
      72289830.0,
      87731826.0,
      102476376.0,
      120332462.0,
      140368314.0,
      158782298.0,
      178392398.0,
      192781200.0,
      200564162.0,
      196929652.0,
      173862636.0,
      123283452.0,
      50816154.0,
      14282052.0,
      1557090.0
   ],
   "Sum w * dv^2": [
      3.9822629057071666,
      0.0,
      0.0,
      17.318989103992177,
      0.0,
      0.0,
      94.83946701449058,
      0.0,
      0.0,
      91.7858823322383,
      150.46024135925933,
      190.2600890295703,
      420.41167930177204,
      696.292101197249,
      742.7221294060923,
      1247.7202062180652,
      2697.9862452915486,
      2770.869943166771,
      4764.83694343656,
      7881.238018998157,
      14521.096949755582,
      18197.314238668983,
      28014.297678827268,
      48323.00070402677,
      66277.80713436115,
      104810.32993062887,
      166376.4741272939,
      247403.65057708195,
      367724.73245504085,
      547966.0713025612,
      868150.7656952739,
      1223996.5454037834,
      1933136.1056863675,
      2827753.5210179957,
      4258657.798782662,
      6288605.4396709865,
      9222203.076735066,
      13767190.14743713,
      19821048.04638498,
      28664779.46554686,
      41134751.39502388,
      56852431.454894796,
      77187155.74005546,
      99968532.85488524,
      123100020.5047541,
      139082422.7731986,
      135012276.83320147,
      99144897.76953325,
      40175457.87527129,
      10166333.29225475,
      969543.9786793819
   ],
   "N pairs": [
      65280,
      0,
      0,
      130050,
      0,
      0,
      324104,
      0,
      0,
      193800,
      258060,
      257048,
      449570,
      575312,
      511036,
      700020,
      1203734,
      1007972,
      1445380,
      1937042,
      2859272,
      2897116,
      3674690,
      5155474,
      5773520,
      7491838,
      9701238,
      11757186,
      14320938,
      17540114,
      22734900,
      26303374,
      34062188,
      40733820,
      50149068,
      60431004,
      72289830,
      87731826,
      102476376,
      120332462,
      140368314,
      158782298,
      178392398,
      192781200,
      200564162,
      196929652,
      173862636,
      123283452,
      50816154,
      14282052,
      1557090
   ],
   "Unweighted B(r)": [
      6.100280186438674e-05,
      NaN,
      NaN,
      0.00013317177319486487,
      NaN,
      NaN,
      0.00029262047680525565,
      NaN,
      NaN,
      0.0004736113639434381,
      0.0005830436385308042,
      0.0007401733879647783,
      0.0009351417561264587,
      0.0012102860729434621,
      0.0014533655738658182,
      0.0017824065115540487,
      0.00224134754463324,
      0.002748955271740456,
      0.003296598087310299,
      0.004068697539339961,
      0.0050785993601712535,
      0.00628118247204081,
      0.007623581221498213,
      0.00937314409965539,
      0.01147961852290477,
      0.013989935437822985,
      0.017150024989315168,
      0.02104276062121344,
      0.02567741948572369,
      0.031240736023868558,
      0.03818581852989342,
      0.04653382282454652,
      0.05675313945441107,
      0.06942028812956888,
      0.08491997894721914,
      0.10406256761299194,
      0.12757262088920485,
      0.15692355642337968,
      0.19342065771710135,
      0.2382131886036443,
      0.29304869612542245,
      0.3580527059439258,
      0.4326818665224482,
      0.5185595527721855,
      0.6137687774187399,
      0.7062543469746171,
      0.7765456681169924,
      0.8042028038729256,
      0.7906040641184945,
      0.7118258141235412,
      0.6226640583905759
   ],
   "Weighted B(r)": [
      6.100280186438674e-05,
      NaN,
      NaN,
      0.00013317177319486487,
      NaN,
      NaN,
      0.00029262047680525565,
      NaN,
      NaN,
      0.0004736113639434381,
      0.0005830436385308042,
      0.0007401733879647783,
      0.0009351417561264587,
      0.0012102860729434621,
      0.0014533655738658182,
      0.0017824065115540487,
      0.00224134754463324,
      0.002748955271740456,
      0.003296598087310299,
      0.004068697539339961,
      0.0050785993601712535,
      0.00628118247204081,
      0.007623581221498213,
      0.00937314409965539,
      0.01147961852290477,
      0.013989935437822985,
      0.017150024989315168,
      0.02104276062121344,
      0.02567741948572369,
      0.031240736023868558,
      0.03818581852989342,
      0.04653382282454652,
      0.05675313945441107,
      0.06942028812956888,
      0.08491997894721914,
      0.10406256761299194,
      0.12757262088920485,
      0.15692355642337968,
      0.19342065771710135,
      0.2382131886036443,
      0.29304869612542245,
      0.3580527059439258,
      0.4326818665224482,
      0.5185595527721855,
      0.6137687774187399,
      0.7062543469746171,
      0.7765456681169924,
      0.8042028038729256,
      0.7906040641184945,
      0.7118258141235412,
      0.6226640583905759
   ],
   "Unweighted sigma^2": 0.21312081220149542,
   "Apparent r0": 83.69557039121233
}