{
   "log10 r": [
      0.0,
      0.05,
      0.1,
      0.15000000000000002,
      0.2,
      0.25,
      0.30000000000000004,
      0.35000000000000003,
      0.4,
      0.45,
      0.5,
      0.55,
      0.6000000000000001,
      0.65,
      0.7000000000000001,
      0.75,
      0.8,
      0.8500000000000001,
      0.9,
      0.9500000000000001,
      1.0,
      1.05,
      1.1,
      1.1500000000000001,
      1.2000000000000002,
      1.25,
      1.3,
      1.35,
      1.4000000000000001,
      1.4500000000000002,
      1.5,
      1.55,
      1.6,
      1.6500000000000001,
      1.7000000000000002,
      1.75,
      1.8,
      1.85,
      1.9000000000000001,
      1.9500000000000002,
      2.0,
      2.0500000000000003,
      2.1,
      2.15,
      2.2,
      2.25,
      2.3000000000000003,
      2.35,
      2.4000000000000004,
      2.45,
      2.5
   ],
   "Sum dv^2": [
      362.538643923816,
      0.0,
      0.0,
      1974.4342822909477,
      0.0,
      0.0,
      10996.931850189774,
      0.0,
      0.0,
      10469.213967332233,
      18359.006662439402,
      23100.857787920984,
      49911.277414153206,
      81309.0144931256,
      87997.14934189848,
      141655.38838018297,
      297343.17862038175,
      295544.21517740865,
      486190.7927428568,
      761021.2814159408,
      1310163.268929115,
      1527597.3762127035,
      2181959.2012928296,
      3464940.0871365117,
      4334899.462133329,
      6223680.670924968,
      8871507.816807948,
      11779110.786818912,
      15612867.556057416,
      20753415.946380064,
      29149320.88327117,
      36308029.71759809,
      50094981.1690882,
      63226965.03081251,
      81789271.5057725,
      103873270.12243424,
      131772911.13334997,
      170014468.2699082,
      210856728.04094887,
      259152607.34988293,
      308889879.3930888,
      346680310.5734757,
      382933412.54923695,
      404218774.53037095,
      406401997.5318225,
      433164234.96411014,
      392774003.1579671,
      239962690.41206264,
      86224834.62793148,
      22791678.926502656,
      1432168.494328381
   ],
   "Sum weights": [
      65280.0,
      0.0,
      0.0,
      130050.0,
      0.0,
      0.0,
      324104.0,
      0.0,
      0.0,
      193800.0,
      258060.0,
      257048.0,
      449570.0,
      575312.0,
      511036.0,
      700020.0,
      1203734.0,
      1007972.0,
      1445380.0,
      1937042.0,
      2859272.0,
      2897116.0,
      3674690.0,
      5155474.0,
      5773520.0,
      7491838.0,
      9701238.0,
      11757186.0,
      14320938.0,
      17540114.0,
      22734900.0,
      26303374.0,
      34062188.0,
      40733820.0,
      50149068.0,
      60431004.0,
      72289830.0,
      87731826.0,
      102476376.0,
      120332462.0,
      140368314.0,
      158782298.0,
      178392398.0,
      192781200.0,
      200564162.0,
      196929652.0,
      173862636.0,
      123283452.0,
      50816154.0,
      14282052.0,
      1557090.0
   ],
   "Sum w * dv^2": [
      362.538643923816,
      0.0,
      0.0,
      1974.4342822909477,
      0.0,
      0.0,
      10996.931850189774,
      0.0,
      0.0,
      10469.213967332233,
      18359.006662439402,
      23100.857787920984,
      49911.277414153206,
      81309.0144931256,
      87997.14934189848,
      141655.38838018297,
      297343.17862038175,
      295544.21517740865,
      486190.7927428568,
      761021.2814159408,
      1310163.268929115,
      1527597.3762127035,
      2181959.2012928296,
      3464940.0871365117,
      4334899.462133329,
      6223680.670924968,
      8871507.816807948,
      11779110.786818912,
      15612867.556057416,
      20753415.946380064,
      29149320.88327117,
      36308029.71759809,
      50094981.1690882,
      63226965.03081251,
      81789271.5057725,
      103873270.12243424,
      131772911.13334997,
      170014468.2699082,
      210856728.04094887,
      259152607.34988293,
      308889879.3930888,
      346680310.5734757,
      382933412.54923695,
      404218774.53037095,
      406401997.5318225,
      433164234.96411014,
      392774003.1579671,
      239962690.41206264,
      86224834.62793148,
      22791678.926502656,
      1432168.494328381
   ],
   "N pairs": [
      65280,
      0,
      0,
      130050,
      0,
      0,
      324104,
      0,
      0,
      193800,
      258060,
      257048,
      449570,
      575312,
      511036,
      700020,
      1203734,
      1007972,
      1445380,
      1937042,
      2859272,
      2897116,
      3674690,
      5155474,
      5773520,
      7491838,
      9701238,
      11757186,
      14320938,
      17540114,
      22734900,
      26303374,
      34062188,
      40733820,
      50149068,
      60431004,
      72289830,
      87731826,
      102476376,
      120332462,
      140368314,
      158782298,
      178392398,
      192781200,
      200564162,
      196929652,
      173862636,
      123283452,
      50816154,
      14282052,
      1557090
   ],
   "Unweighted B(r)": [
      0.0055535944228525735,
      NaN,
      NaN,
      0.015182116741952693,
      NaN,
      NaN,
      0.03393025649232893,
      NaN,
      NaN,
      0.05402071190573907,
      0.07114239580887934,
      0.0898698211537183,
      0.11102003562104501,
      0.14133029468032235,
      0.17219364064742695,
      0.20235905885572264,
      0.24701734654033344,
      0.2932067708005864,
      0.3363757577542631,
      0.39287804880634536,
      0.45821568179911354,
      0.5272820888817374,
      0.5937804825149413,
      0.6720895279728909,
      0.7508243605518521,
      0.8307281432039731,
      0.9144717217336538,
      1.0018647988403784,
      1.0902126352378185,
      1.1831973239387192,
      1.2821398327360651,
      1.3803563648373813,
      1.4706918172458034,
      1.552198272364647,
      1.6309230613373014,
      1.7188738105763433,
      1.8228416242416114,
      1.9378881760640454,
      2.0576130447953083,
      2.153638370250273,
      2.2005669982834504,
      2.183368769316311,
      2.1465792087689577,
      2.0967748646152784,
      2.0262941967260457,
      2.199588688472928,
      2.259105304016943,
      1.9464306565009442,
      1.6967996953868543,
      1.5958266309703015,
      0.9197724565236313
   ],
   "Weighted B(r)": [
      0.0055535944228525735,
      NaN,
      NaN,
      0.015182116741952693,
      NaN,
      NaN,
      0.03393025649232893,
      NaN,
      NaN,
      0.05402071190573907,
      0.07114239580887934,
      0.0898698211537183,
      0.11102003562104501,
      0.14133029468032235,
      0.17219364064742695,
      0.20235905885572264,
      0.24701734654033344,
      0.2932067708005864,
      0.3363757577542631,
      0.39287804880634536,
      0.45821568179911354,
      0.5272820888817374,
      0.5937804825149413,
      0.6720895279728909,
      0.7508243605518521,
      0.8307281432039731,
      0.9144717217336538,
      1.0018647988403784,
      1.0902126352378185,
      1.1831973239387192,
      1.2821398327360651,
      1.3803563648373813,
      1.4706918172458034,
      1.552198272364647,
      1.6309230613373014,
      1.7188738105763433,
      1.8228416242416114,
      1.9378881760640454,
      2.0576130447953083,
      2.153638370250273,
      2.2005669982834504,
      2.183368769316311,
      2.1465792087689577,
      2.0967748646152784,
      2.0262941967260457,
      2.199588688472928,
      2.259105304016943,
      1.9464306565009442,
      1.6967996953868543,
      1.5958266309703015,
      0.9197724565236313
   ],
   "Unweighted sigma^2": 0.9903432844980351,
   "Apparent r0": 22.066246107799238
}