{
   "log10 r": [
      0.0,
      0.05,
      0.1,
      0.15000000000000002,
      0.2,
      0.25,
      0.30000000000000004,
      0.35000000000000003,
      0.4,
      0.45,
      0.5,
      0.55,
      0.6000000000000001,
      0.65,
      0.7000000000000001,
      0.75,
      0.8,
      0.8500000000000001,
      0.9,
      0.9500000000000001,
      1.0,
      1.05,
      1.1,
      1.1500000000000001,
      1.2000000000000002,
      1.25,
      1.3,
      1.35,
      1.4000000000000001,
      1.4500000000000002,
      1.5,
      1.55,
      1.6,
      1.6500000000000001,
      1.7000000000000002,
      1.75,
      1.8,
      1.85,
      1.9000000000000001,
      1.9500000000000002,
      2.0,
      2.0500000000000003,
      2.1,
      2.15,
      2.2,
      2.25,
      2.3000000000000003,
      2.35,
      2.4000000000000004,
      2.45,
      2.5
   ],
   "Sum dv^2": [
      170.69507457736995,
      0.0,
      0.0,
      822.6889634568352,
      0.0,
      0.0,
      4745.998165157726,
      0.0,
      0.0,
      4718.297368858354,
      8017.727949075605,
      10289.160622011817,
      22994.341465262776,
      38588.297618396384,
      41940.37421009517,
      70509.40600309192,
      153278.71722121286,
      157384.25420284242,
      269511.5433824099,
      440752.88037147885,
      797655.022959553,
      971434.205379073,
      1448386.5438839984,
      2386910.7069075317,
      3111438.710661467,
      4616466.884711679,
      6818024.13385869,
      9270982.57394834,
      12516703.054096408,
      16661809.973263482,
      23152886.257571116,
      28205137.486935277,
      37834715.17363584,
      46125967.58473554,
      57021981.63124054,
      68327125.67712966,
      80799105.94486302,
      96808314.46221948,
      112317852.55803034,
      133941706.8211666,
      159673337.94559872,
      178267448.0448402,
      206373790.5809536,
      250760102.54457814,
      286850773.2702965,
      281773804.3460277,
      259526249.96041507,
      208844361.68647957,
      100016367.755882,
      23731753.06727301,
      1414336.8076034482
   ],
   "Sum weights": [
      65280.0,
      0.0,
      0.0,
      130050.0,
      0.0,
      0.0,
      324104.0,
      0.0,
      0.0,
      193800.0,
      258060.0,
      257048.0,
      449570.0,
      575312.0,
      511036.0,
      700020.0,
      1203734.0,
      1007972.0,
      1445380.0,
      1937042.0,
      2859272.0,
      2897116.0,
      3674690.0,
      5155474.0,
      5773520.0,
      7491838.0,
      9701238.0,
      11757186.0,
      14320938.0,
      17540114.0,
      22734900.0,
      26303374.0,
      34062188.0,
      40733820.0,
      50149068.0,
      60431004.0,
      72289830.0,
      87731826.0,
      102476376.0,
      120332462.0,
      140368314.0,
      158782298.0,
      178392398.0,
      192781200.0,
      200564162.0,
      196929652.0,
      173862636.0,
      123283452.0,
      50816154.0,
      14282052.0,
      1557090.0
   ],
   "Sum w * dv^2": [
      170.69507457736995,
      0.0,
      0.0,
      822.6889634568352,
      0.0,
      0.0,
      4745.998165157726,
      0.0,
      0.0,
      4718.297368858354,
      8017.727949075605,
      10289.160622011817,
      22994.341465262776,
      38588.297618396384,
      41940.37421009517,
      70509.40600309192,
      153278.71722121286,
      157384.25420284242,
      269511.5433824099,
      440752.88037147885,
      797655.022959553,
      971434.205379073,
      1448386.5438839984,
      2386910.7069075317,
      3111438.710661467,
      4616466.884711679,
      6818024.13385869,
      9270982.57394834,
      12516703.054096408,
      16661809.973263482,
      23152886.257571116,
      28205137.486935277,
      37834715.17363584,
      46125967.58473554,
      57021981.63124054,
      68327125.67712966,
      80799105.94486302,
      96808314.46221948,
      112317852.55803034,
      133941706.8211666,
      159673337.94559872,
      178267448.0448402,
      206373790.5809536,
      250760102.54457814,
      286850773.2702965,
      281773804.3460277,
      259526249.96041507,
      208844361.68647957,
      100016367.755882,
      23731753.06727301,
      1414336.8076034482
   ],
   "N pairs": [
      65280,
      0,
      0,
      130050,
      0,
      0,
      324104,
      0,
      0,
      193800,
      258060,
      257048,
      449570,
      575312,
      511036,
      700020,
      1203734,
      1007972,
      1445380,
      1937042,
      2859272,
      2897116,
      3674690,
      5155474,
      5773520,
      7491838,
      9701238,
      11757186,
      14320938,
      17540114,
      22734900,
      26303374,
      34062188,
      40733820,
      50149068,
      60431004,
      72289830,
      87731826,
      102476376,
      120332462,
      140368314,
      158782298,
      178392398,
      192781200,
      200564162,
      196929652,
      173862636,
      123283452,
      50816154,
      14282052,
      1557090
   ],
   "Unweighted B(r)": [
      0.0026148142551680447,
      NaN,
      NaN,
      0.006325943586749982,
      NaN,
      NaN,
      0.014643442120917134,
      NaN,
      NaN,
      0.024346219653551878,
      0.03106923951435947,
      0.04002816836548745,
      0.05114741078199785,
      0.06707368804821798,
      0.0820693145103186,
      0.10072484500884535,
      0.12733603704905974,
      0.1561395100288921,
      0.18646414325811198,
      0.2275391449289581,
      0.27897136857198374,
      0.3353107729821909,
      0.3941520356503537,
      0.4629856938290314,
      0.5389153775619496,
      0.6161995073454176,
      0.7027993884758512,
      0.7885375440984213,
      0.8740141919542147,
      0.9499259795725091,
      1.0183852252515346,
      1.0723011233059028,
      1.1107541058030634,
      1.1323752003798206,
      1.1370496781962236,
      1.1306634203385013,
      1.1177105540967938,
      1.1034571930854316,
      1.0960365397584937,
      1.1130970362857415,
      1.1375312091131815,
      1.1227161358052657,
      1.1568530548087235,
      1.3007497751055503,
      1.4302194889149564,
      1.4308348259612407,
      1.4927085884077764,
      1.6940177963744847,
      1.9682002647402634,
      1.6616486949685527,
      0.908320525854927
   ],
   "Weighted B(r)": [
      0.0026148142551680447,
      NaN,
      NaN,
      0.006325943586749982,
      NaN,
      NaN,
      0.014643442120917134,
      NaN,
      NaN,
      0.024346219653551878,
      0.03106923951435947,
      0.04002816836548745,
      0.05114741078199785,
      0.06707368804821798,
      0.0820693145103186,
      0.10072484500884535,
      0.12733603704905974,
      0.1561395100288921,
      0.18646414325811198,
      0.2275391449289581,
      0.27897136857198374,
      0.3353107729821909,
      0.3941520356503537,
      0.4629856938290314,
      0.5389153775619496,
      0.6161995073454176,
      0.7027993884758512,
      0.7885375440984213,
      0.8740141919542147,
      0.9499259795725091,
      1.0183852252515346,
      1.0723011233059028,
      1.1107541058030634,
      1.1323752003798206,
      1.1370496781962236,
      1.1306634203385013,
      1.1177105540967938,
      1.1034571930854316,
      1.0960365397584937,
      1.1130970362857415,
      1.1375312091131815,
      1.1227161358052657,
      1.1568530548087235,
      1.3007497751055503,
      1.4302194889149564,
      1.4308348259612407,
      1.4927085884077764,
      1.6940177963744847,
      1.9682002647402634,
      1.6616486949685527,
      0.908320525854927
   ],
   "Unweighted sigma^2": 0.6311073878253378,
   "Apparent r0": 18.15632292868053
}