{
   "log10 r": [
      0.0,
      0.05,
      0.1,
      0.15000000000000002,
      0.2,
      0.25,
      0.30000000000000004,
      0.35000000000000003,
      0.4,
      0.45,
      0.5,
      0.55,
      0.6000000000000001,
      0.65,
      0.7000000000000001,
      0.75,
      0.8,
      0.8500000000000001,
      0.9,
      0.9500000000000001,
      1.0,
      1.05,
      1.1,
      1.1500000000000001,
      1.2000000000000002,
      1.25,
      1.3,
      1.35,
      1.4000000000000001,
      1.4500000000000002,
      1.5,
      1.55,
      1.6,
      1.6500000000000001,
      1.7000000000000002,
      1.75,
      1.8,
      1.85,
      1.9000000000000001,
      1.9500000000000002,
      2.0,
      2.0500000000000003,
      2.1,
      2.15,
      2.2,
      2.25,
      2.3000000000000003,
      2.35,
      2.4000000000000004,
      2.45,
      2.5
   ],
   "Sum dv^2": [
      0.05402117686144934,
      0.0,
      0.0,
      0.3649113975306218,
      0.0,
      0.0,
      2.032482000749519,
      0.0,
      0.0,
      1.9284209258961567,
      3.6207448618283364,
      4.677172831565503,
      10.207457661760255,
      17.4011342023002,
      19.689114135652495,
      32.86933748697245,
      73.71611690817161,
      78.66043744450265,
      136.7849551689853,
      232.5927951956304,
      439.08800422849856,
      567.4070155710082,
      891.9437671542934,
      1587.7697253229985,
      2229.568835048205,
      3614.361548453231,
      5877.479359001528,
      8944.815570464852,
      13595.394326987176,
      20659.96611891816,
      33312.521121733196,
      47690.072448226616,
      76191.85881430165,
      112201.49319281058,
      169192.21646973395,
      248370.97114768173,
      359386.76524544996,
      524344.5375069049,
      731027.118178039,
      1017262.6087978907,
      1401682.5336890416,
      1874225.4255416514,
      2509137.8121172176,
      3280770.2327557583,
      4197166.656386415,
      5096303.114799248,
      5468808.743546063,
      4532018.753963549,
      2102089.8482851903,
      633503.5736017781,
      63105.700916802736
   ],
   "Sum weights": [
      65280.0,
      0.0,
      0.0,
      130050.0,
      0.0,
      0.0,
      324104.0,
      0.0,
      0.0,
      193800.0,
      258060.0,
      257048.0,
      449570.0,
      575312.0,
      511036.0,
      700020.0,
      1203734.0,
      1007972.0,
      1445380.0,
      1937042.0,
      2859272.0,
      2897116.0,
      3674690.0,
      5155474.0,
      5773520.0,
      7491838.0,
      9701238.0,
      11757186.0,
      14320938.0,
      17540114.0,
      22734900.0,
      26303374.0,
      34062188.0,
      40733820.0,
      50149068.0,
      60431004.0,
      72289830.0,
      87731826.0,
      102476376.0,
      120332462.0,
      140368314.0,
      158782298.0,
      178392398.0,
      192781200.0,
      200564162.0,
      196929652.0,
      173862636.0,
      123283452.0,
      50816154.0,
      14282052.0,
      1557090.0
   ],
   "Sum w * dv^2": [
      0.05402117686144934,
      0.0,
      0.0,
      0.3649113975306218,
      0.0,
      0.0,
      2.032482000749519,
      0.0,
      0.0,
      1.9284209258961567,
      3.6207448618283364,
      4.677172831565503,
      10.207457661760255,
      17.4011342023002,
      19.689114135652495,
      32.86933748697245,
      73.71611690817161,
      78.66043744450265,
      136.7849551689853,
      232.5927951956304,
      439.08800422849856,
      567.4070155710082,
      891.9437671542934,
      1587.7697253229985,
      2229.568835048205,
      3614.361548453231,
      5877.479359001528,
      8944.815570464852,
      13595.394326987176,
      20659.96611891816,
      33312.521121733196,
      47690.072448226616,
      76191.85881430165,
      112201.49319281058,
      169192.21646973395,
      248370.97114768173,
      359386.76524544996,
      524344.5375069049,
      731027.118178039,
      1017262.6087978907,
      1401682.5336890416,
      1874225.4255416514,
      2509137.8121172176,
      3280770.2327557583,
      4197166.656386415,
      5096303.114799248,
      5468808.743546063,
      4532018.753963549,
      2102089.8482851903,
      633503.5736017781,
      63105.700916802736
   ],
   "N pairs": [
      65280,
      0,
      0,
      130050,
      0,
      0,
      324104,
      0,
      0,
      193800,
      258060,
      257048,
      449570,
      575312,
      511036,
      700020,
      1203734,
      1007972,
      1445380,
      1937042,
      2859272,
      2897116,
      3674690,
      5155474,
      5773520,
      7491838,
      9701238,
      11757186,
      14320938,
      17540114,
      22734900,
      26303374,
      34062188,
      40733820,
      50149068,
      60431004,
      72289830,
      87731826,
      102476376,
      120332462,
      140368314,
      158782298,
      178392398,
      192781200,
      200564162,
      196929652,
      173862636,
      123283452,
      50816154,
      14282052,
      1557090
   ],
   "Unweighted B(r)": [
      8.275302828040646e-07,
      NaN,
      NaN,
      2.8059315457948617e-06,
      NaN,
      NaN,
      6.2710796557571615e-06,
      NaN,
      NaN,
      9.950572373045185e-06,
      1.4030631875642627e-05,
      1.8195717654156046e-05,
      2.2704935075205764e-05,
      3.0246430114964053e-05,
      3.852784174823788e-05,
      4.695485484267942e-05,
      6.123954038697222e-05,
      7.803831598943487e-05,
      9.46359816581005e-05,
      0.00012007627877745057,
      0.00015356636382565163,
      0.00019585236337482109,
      0.00024272626184910655,
      0.00030797744791710686,
      0.0003861714924427741,
      0.0004824398963850034,
      0.0006058483833714344,
      0.0007607956164395845,
      0.0009493368609644966,
      0.0011778695462822055,
      0.0014652591883726428,
      0.0018130781415428537,
      0.002236845701582695,
      0.002754504566299222,
      0.0033737858591855376,
      0.004109992465915042,
      0.004971470609979992,
      0.005976674160491142,
      0.007133616026566347,
      0.008453767103991363,
      0.009985747450731948,
      0.011803742918128388,
      0.014065273185672507,
      0.01701810255748879,
      0.02092680274747397,
      0.025878800185963096,
      0.03145476721948506,
      0.03676096572931417,
      0.04136656718029449,
      0.04435662141559057,
      0.040527972639219784
   ],
   "Weighted B(r)": [
      8.275302828040646e-07,
      NaN,
      NaN,
      2.8059315457948617e-06,
      NaN,
      NaN,
      6.2710796557571615e-06,
      NaN,
      NaN,
      9.950572373045185e-06,
      1.4030631875642627e-05,
      1.8195717654156046e-05,
      2.2704935075205764e-05,
      3.0246430114964053e-05,
      3.852784174823788e-05,
      4.695485484267942e-05,
      6.123954038697222e-05,
      7.803831598943487e-05,
      9.46359816581005e-05,
      0.00012007627877745057,
      0.00015356636382565163,
      0.00019585236337482109,
      0.00024272626184910655,
      0.00030797744791710686,
      0.0003861714924427741,
      0.0004824398963850034,
      0.0006058483833714344,
      0.0007607956164395845,
      0.0009493368609644966,
      0.0011778695462822055,
      0.0014652591883726428,
      0.0018130781415428537,
      0.002236845701582695,
      0.002754504566299222,
      0.0033737858591855376,
      0.004109992465915042,
      0.004971470609979992,
      0.005976674160491142,
      0.007133616026566347,
      0.008453767103991363,
      0.009985747450731948,
      0.011803742918128388,
      0.014065273185672507,
      0.01701810255748879,
      0.02092680274747397,
      0.025878800185963096,
      0.03145476721948506,
      0.03676096572931417,
      0.04136656718029449,
      0.04435662141559057,
      0.040527972639219784
   ],
   "Unweighted sigma^2": 0.00806856621926512,
   "Apparent r0": 86.29703028778121
}