{
   "log10 r": [
      0.0,
      0.05,
      0.1,
      0.15000000000000002,
      0.2,
      0.25,
      0.30000000000000004,
      0.35000000000000003,
      0.4,
      0.45,
      0.5,
      0.55,
      0.6000000000000001,
      0.65,
      0.7000000000000001,
      0.75,
      0.8,
      0.8500000000000001,
      0.9,
      0.9500000000000001,
      1.0,
      1.05,
      1.1,
      1.1500000000000001,
      1.2000000000000002,
      1.25,
      1.3,
      1.35,
      1.4000000000000001,
      1.4500000000000002,
      1.5,
      1.55,
      1.6,
      1.6500000000000001,
      1.7000000000000002,
      1.75,
      1.8,
      1.85,
      1.9000000000000001,
      1.9500000000000002,
      2.0,
      2.0500000000000003,
      2.1,
      2.15,
      2.2,
      2.25,
      2.3000000000000003,
      2.35,
      2.4000000000000004,
      2.45,
      2.5
   ],
   "Sum dv^2": [
      5.76359019924997,
      0.0,
      0.0,
      35.49208544290589,
      0.0,
      0.0,
      191.79421837273057,
      0.0,
      0.0,
      176.16666948685042,
      319.5551702373677,
      399.5131009460121,
      843.9611053257438,
      1370.083770609163,
      1497.6734331517305,
      2386.036684356009,
      5053.019115677775,
      5103.224970070382,
      8426.08543748122,
      13426.199281181503,
      23561.737915340025,
      28275.64542339289,
      41354.6456306237,
      67964.12823509114,
      87688.89688640277,
      130317.46773340729,
      192582.800521639,
      265409.863036241,
      364633.8169211558,
      500767.2076143531,
      725273.117532744,
      928746.2606997876,
      1315728.3034450235,
      1705603.8414651465,
      2262077.2607973074,
      2921553.6559689376,
      3733764.013252831,
      4816364.3798924275,
      5889390.292027282,
      7028221.757965797,
      8095079.60302795,
      8722617.263792865,
      9097394.503174208,
      9031186.231386071,
      8860836.13395853,
      9899556.844335748,
      10420971.558267942,
      8299455.033467343,
      3725741.6935743173,
      862754.6711047954,
      71523.88891527793
   ],
   "Sum weights": [
      65280.0,
      0.0,
      0.0,
      130050.0,
      0.0,
      0.0,
      324104.0,
      0.0,
      0.0,
      193800.0,
      258060.0,
      257048.0,
      449570.0,
      575312.0,
      511036.0,
      700020.0,
      1203734.0,
      1007972.0,
      1445380.0,
      1937042.0,
      2859272.0,
      2897116.0,
      3674690.0,
      5155474.0,
      5773520.0,
      7491838.0,
      9701238.0,
      11757186.0,
      14320938.0,
      17540114.0,
      22734900.0,
      26303374.0,
      34062188.0,
      40733820.0,
      50149068.0,
      60431004.0,
      72289830.0,
      87731826.0,
      102476376.0,
      120332462.0,
      140368314.0,
      158782298.0,
      178392398.0,
      192781200.0,
      200564162.0,
      196929652.0,
      173862636.0,
      123283452.0,
      50816154.0,
      14282052.0,
      1557090.0
   ],
   "Sum w * dv^2": [
      5.76359019924997,
      0.0,
      0.0,
      35.49208544290589,
      0.0,
      0.0,
      191.79421837273057,
      0.0,
      0.0,
      176.16666948685042,
      319.5551702373677,
      399.5131009460121,
      843.9611053257438,
      1370.083770609163,
      1497.6734331517305,
      2386.036684356009,
      5053.019115677775,
      5103.224970070382,
      8426.08543748122,
      13426.199281181503,
      23561.737915340025,
      28275.64542339289,
      41354.6456306237,
      67964.12823509114,
      87688.89688640277,
      130317.46773340729,
      192582.800521639,
      265409.863036241,
      364633.8169211558,
      500767.2076143531,
      725273.117532744,
      928746.2606997876,
      1315728.3034450235,
      1705603.8414651465,
      2262077.2607973074,
      2921553.6559689376,
      3733764.013252831,
      4816364.3798924275,
      5889390.292027282,
      7028221.757965797,
      8095079.60302795,
      8722617.263792865,
      9097394.503174208,
      9031186.231386071,
      8860836.13395853,
      9899556.844335748,
      10420971.558267942,
      8299455.033467343,
      3725741.6935743173,
      862754.6711047954,
      71523.88891527793
   ],
   "N pairs": [
      65280,
      0,
      0,
      130050,
      0,
      0,
      324104,
      0,
      0,
      193800,
      258060,
      257048,
      449570,
      575312,
      511036,
      700020,
      1203734,
      1007972,
      1445380,
      1937042,
      2859272,
      2897116,
      3674690,
      5155474,
      5773520,
      7491838,
      9701238,
      11757186,
      14320938,
      17540114,
      22734900,
      26303374,
      34062188,
      40733820,
      50149068,
      60431004,
      72289830,
      87731826,
      102476376,
      120332462,
      140368314,
      158782298,
      178392398,
      192781200,
      200564162,
      196929652,
      173862636,
      123283452,
      50816154,
      14282052,
      1557090
   ],
   "Unweighted B(r)": [
      8.829029104243214e-05,
      NaN,
      NaN,
      0.00027291107607001837,
      NaN,
      NaN,
      0.0005917675140471286,
      NaN,
      NaN,
      0.0009090127424502086,
      0.0012382979548840104,
      0.0015542353994040495,
      0.001877262951989109,
      0.0023814621815800175,
      0.002930661309871967,
      0.0034085264483243467,
      0.004197787148720377,
      0.005062863819699736,
      0.0058296679333332555,
      0.006931289709351425,
      0.008240467474007378,
      0.009759928640549045,
      0.01125391410721005,
      0.013182905826911577,
      0.01518811693497256,
      0.017394592319455827,
      0.019851363354000697,
      0.022574267604190405,
      0.025461587566481734,
      0.028549826279028353,
      0.03190131109143845,
      0.03530901627676311,
      0.03862723978403922,
      0.04187193446293882,
      0.04510706481718279,
      0.04834527746666161,
      0.051649921064316116,
      0.05489871349414781,
      0.057470712001244866,
      0.058406697919683524,
      0.05767027737490635,
      0.054934444038546824,
      0.050996536876948134,
      0.04684682028842061,
      0.04417955852929762,
      0.050269508648376364,
      0.059937959057907886,
      0.06732010581166516,
      0.07331805735582267,
      0.06040831325252109,
      0.04593433193667542
   ],
   "Weighted B(r)": [
      8.829029104243214e-05,
      NaN,
      NaN,
      0.00027291107607001837,
      NaN,
      NaN,
      0.0005917675140471286,
      NaN,
      NaN,
      0.0009090127424502086,
      0.0012382979548840104,
      0.0015542353994040495,
      0.001877262951989109,
      0.0023814621815800175,
      0.002930661309871967,
      0.0034085264483243467,
      0.004197787148720377,
      0.005062863819699736,
      0.0058296679333332555,
      0.006931289709351425,
      0.008240467474007378,
      0.009759928640549045,
      0.01125391410721005,
      0.013182905826911577,
      0.01518811693497256,
      0.017394592319455827,
      0.019851363354000697,
      0.022574267604190405,
      0.025461587566481734,
      0.028549826279028353,
      0.03190131109143845,
      0.03530901627676311,
      0.03862723978403922,
      0.04187193446293882,
      0.04510706481718279,
      0.04834527746666161,
      0.051649921064316116,
      0.05489871349414781,
      0.057470712001244866,
      0.058406697919683524,
      0.05767027737490635,
      0.054934444038546824,
      0.050996536876948134,
      0.04684682028842061,
      0.04417955852929762,
      0.050269508648376364,
      0.059937959057907886,
      0.06732010581166516,
      0.07331805735582267,
      0.06040831325252109,
      0.04593433193667542
   ],
   "Unweighted sigma^2": 0.02573985051604817,
   "Apparent r0": 25.395030207671034
}