{
   "log10 r": [
      0.0,
      0.05,
      0.1,
      0.15000000000000002,
      0.2,
      0.25,
      0.30000000000000004,
      0.35000000000000003,
      0.4,
      0.45,
      0.5,
      0.55,
      0.6000000000000001,
      0.65,
      0.7000000000000001,
      0.75,
      0.8,
      0.8500000000000001,
      0.9,
      0.9500000000000001,
      1.0,
      1.05,
      1.1,
      1.1500000000000001,
      1.2000000000000002,
      1.25,
      1.3,
      1.35,
      1.4000000000000001,
      1.4500000000000002,
      1.5,
      1.55,
      1.6,
      1.6500000000000001,
      1.7000000000000002,
      1.75,
      1.8,
      1.85,
      1.9000000000000001,
      1.9500000000000002,
      2.0,
      2.0500000000000003,
      2.1,
      2.15,
      2.2,
      2.25,
      2.3000000000000003,
      2.35,
      2.4000000000000004,
      2.45,
      2.5
   ],
   "Sum dv^2": [
      0.3020949047311585,
      0.0,
      0.0,
      2.85892048916816,
      0.0,
      0.0,
      15.447763302517165,
      0.0,
      0.0,
      14.055377434201626,
      28.368990725613703,
      36.7227304345318,
      78.13124106372572,
      133.72085441969475,
      154.23867066067675,
      253.5011509621894,
      572.2724977742879,
      617.2536130668157,
      1063.8754553795998,
      1810.8371497415933,
      3401.437536113332,
      4406.46529637862,
      6887.8239522369995,
      12265.767795450312,
      17087.859749872514,
      27543.093451614408,
      44290.2419191284,
      66637.52704324346,
      99645.7250433724,
      148511.5055085327,
      233224.34303120864,
      323221.8609464829,
      495683.0567063511,
      694350.8757164289,
      987366.7783276783,
      1353095.9823811844,
      1809919.4846863956,
      2410140.6692767977,
      3015556.370776096,
      3674012.508118321,
      4282995.742373056,
      4622590.771955235,
      4735518.265643179,
      4549238.770118732,
      4461072.487790747,
      4818998.6287548365,
      5101791.50407364,
      4252867.614939105,
      2021723.3125242027,
      494478.82825112453,
      35314.39570227919
   ],
   "Sum weights": [
      65280.0,
      0.0,
      0.0,
      130050.0,
      0.0,
      0.0,
      324104.0,
      0.0,
      0.0,
      193800.0,
      258060.0,
      257048.0,
      449570.0,
      575312.0,
      511036.0,
      700020.0,
      1203734.0,
      1007972.0,
      1445380.0,
      1937042.0,
      2859272.0,
      2897116.0,
      3674690.0,
      5155474.0,
      5773520.0,
      7491838.0,
      9701238.0,
      11757186.0,
      14320938.0,
      17540114.0,
      22734900.0,
      26303374.0,
      34062188.0,
      40733820.0,
      50149068.0,
      60431004.0,
      72289830.0,
      87731826.0,
      102476376.0,
      120332462.0,
      140368314.0,
      158782298.0,
      178392398.0,
      192781200.0,
      200564162.0,
      196929652.0,
      173862636.0,
      123283452.0,
      50816154.0,
      14282052.0,
      1557090.0
   ],
   "Sum w * dv^2": [
      0.3020949047311585,
      0.0,
      0.0,
      2.85892048916816,
      0.0,
      0.0,
      15.447763302517165,
      0.0,
      0.0,
      14.055377434201626,
      28.368990725613703,
      36.7227304345318,
      78.13124106372572,
      133.72085441969475,
      154.23867066067675,
      253.5011509621894,
      572.2724977742879,
      617.2536130668157,
      1063.8754553795998,
      1810.8371497415933,
      3401.437536113332,
      4406.46529637862,
      6887.8239522369995,
      12265.767795450312,
      17087.859749872514,
      27543.093451614408,
      44290.2419191284,
      66637.52704324346,
      99645.7250433724,
      148511.5055085327,
      233224.34303120864,
      323221.8609464829,
      495683.0567063511,
      694350.8757164289,
      987366.7783276783,
      1353095.9823811844,
      1809919.4846863956,
      2410140.6692767977,
      3015556.370776096,
      3674012.508118321,
      4282995.742373056,
      4622590.771955235,
      4735518.265643179,
      4549238.770118732,
      4461072.487790747,
      4818998.6287548365,
      5101791.50407364,
      4252867.614939105,
      2021723.3125242027,
      494478.82825112453,
      35314.39570227919
   ],
   "N pairs": [
      65280,
      0,
      0,
      130050,
      0,
      0,
      324104,
      0,
      0,
      193800,
      258060,
      257048,
      449570,
      575312,
      511036,
      700020,
      1203734,
      1007972,
      1445380,
      1937042,
      2859272,
      2897116,
      3674690,
      5155474,
      5773520,
      7491838,
      9701238,
      11757186,
      14320938,
      17540114,
      22734900,
      26303374,
      34062188,
      40733820,
      50149068,
      60431004,
      72289830,
      87731826,
      102476376,
      120332462,
      140368314,
      158782298,
      178392398,
      192781200,
      200564162,
      196929652,
      173862636,
      123283452,
      50816154,
      14282052,
      1557090
   ],
   "Unweighted B(r)": [
      4.627679300416031e-06,
      NaN,
      NaN,
      2.1983240977840522e-05,
      NaN,
      NaN,
      4.766298256891975e-05,
      NaN,
      NaN,
      7.252516735914152e-05,
      0.00010993176286760328,
      0.00014286331904753898,
      0.00017379104714221528,
      0.00023243188812278336,
      0.00030181566594266693,
      0.00036213415468442246,
      0.00047541441695116024,
      0.0006123717851952392,
      0.0007360524259223179,
      0.0009348466113494665,
      0.0011896166353230235,
      0.0015209833836058412,
      0.0018743959224416208,
      0.002379173630872799,
      0.0029596952552121605,
      0.003676413378347798,
      0.004565421641972746,
      0.005667812607816484,
      0.006958044580834886,
      0.00846696352763344,
      0.010258428364813948,
      0.012288228154550931,
      0.014552296426358491,
      0.017046053518094517,
      0.019688636652782428,
      0.02239075793579707,
      0.025036986318634248,
      0.027471680223284053,
      0.029426844395591192,
      0.03053218098469822,
      0.030512553868624906,
      0.029112758979941422,
      0.02654551605749018,
      0.023597937818203914,
      0.02224262023337323,
      0.024470660359237503,
      0.029343806245256975,
      0.03449666233339333,
      0.03978505166928223,
      0.03462239377444674,
      0.022679739579779708
   ],
   "Weighted B(r)": [
      4.627679300416031e-06,
      NaN,
      NaN,
      2.1983240977840522e-05,
      NaN,
      NaN,
      4.766298256891975e-05,
      NaN,
      NaN,
      7.252516735914152e-05,
      0.00010993176286760328,
      0.00014286331904753898,
      0.00017379104714221528,
      0.00023243188812278336,
      0.00030181566594266693,
      0.00036213415468442246,
      0.00047541441695116024,
      0.0006123717851952392,
      0.0007360524259223179,
      0.0009348466113494665,
      0.0011896166353230235,
      0.0015209833836058412,
      0.0018743959224416208,
      0.002379173630872799,
      0.0029596952552121605,
      0.003676413378347798,
      0.004565421641972746,
      0.005667812607816484,
      0.006958044580834886,
      0.00846696352763344,
      0.010258428364813948,
      0.012288228154550931,
      0.014552296426358491,
      0.017046053518094517,
      0.019688636652782428,
      0.02239075793579707,
      0.025036986318634248,
      0.027471680223284053,
      0.029426844395591192,
      0.03053218098469822,
      0.030512553868624906,
      0.029112758979941422,
      0.02654551605749018,
      0.023597937818203914,
      0.02224262023337323,
      0.024470660359237503,
      0.029343806245256975,
      0.03449666233339333,
      0.03978505166928223,
      0.03462239377444674,
      0.022679739579779708
   ],
   "Unweighted sigma^2": 0.012803844954013485,
   "Apparent r0": 36.46730746674373
}