{
   "log10 r": [
      0.0,
      0.05,
      0.1,
      0.15000000000000002,
      0.2,
      0.25,
      0.30000000000000004,
      0.35000000000000003,
      0.4,
      0.45,
      0.5,
      0.55,
      0.6000000000000001,
      0.65,
      0.7000000000000001,
      0.75,
      0.8,
      0.8500000000000001,
      0.9,
      0.9500000000000001,
      1.0,
      1.05,
      1.1,
      1.1500000000000001,
      1.2000000000000002,
      1.25,
      1.3,
      1.35,
      1.4000000000000001,
      1.4500000000000002,
      1.5,
      1.55,
      1.6,
      1.6500000000000001,
      1.7000000000000002,
      1.75,
      1.8,
      1.85,
      1.9000000000000001,
      1.9500000000000002,
      2.0,
      2.0500000000000003,
      2.1,
      2.15,
      2.2,
      2.25,
      2.3000000000000003,
      2.35,
      2.4000000000000004,
      2.45,
      2.5
   ],
   "Sum dv^2": [
      57.07406438034111,
      0.0,
      0.0,
      282.3142587186408,
      0.0,
      0.0,
      1630.4329420305094,
      0.0,
      0.0,
      1621.4937549969752,
      2788.20280899449,
      3597.128630747699,
      8062.169585379692,
      13661.575987409886,
      14997.8759538861,
      25434.889178800317,
      56209.64614824081,
      58816.130630745014,
      102291.18747167061,
      171456.60065148375,
      319352.1112238483,
      402822.78642758576,
      620985.9026655525,
      1068104.1258819527,
      1451281.367252364,
      2253180.744740358,
      3484039.5139786275,
      4978530.812777961,
      7051274.747947565,
      9871630.84733722,
      14464159.03678389,
      18591749.5023276,
      26283183.88214938,
      33664466.09164571,
      43428418.0888458,
      53578451.310186334,
      63949156.630592525,
      75616486.34068286,
      85042791.90319546,
      97331080.22536361,
      113619383.17042932,
      130136277.00826629,
      148245474.1278828,
      164413665.4790655,
      178203752.9620077,
      179457679.58827674,
      157560155.8369573,
      120599478.55805357,
      74045611.76064034,
      30172171.844042204,
      1825980.8826418137
   ],
   "Sum weights": [
      65280.0,
      0.0,
      0.0,
      130050.0,
      0.0,
      0.0,
      324104.0,
      0.0,
      0.0,
      193800.0,
      258060.0,
      257048.0,
      449570.0,
      575312.0,
      511036.0,
      700020.0,
      1203734.0,
      1007972.0,
      1445380.0,
      1937042.0,
      2859272.0,
      2897116.0,
      3674690.0,
      5155474.0,
      5773520.0,
      7491838.0,
      9701238.0,
      11757186.0,
      14320938.0,
      17540114.0,
      22734900.0,
      26303374.0,
      34062188.0,
      40733820.0,
      50149068.0,
      60431004.0,
      72289830.0,
      87731826.0,
      102476376.0,
      120332462.0,
      140368314.0,
      158782298.0,
      178392398.0,
      192781200.0,
      200564162.0,
      196929652.0,
      173862636.0,
      123283452.0,
      50816154.0,
      14282052.0,
      1557090.0
   ],
   "Sum w * dv^2": [
      57.07406438034111,
      0.0,
      0.0,
      282.3142587186408,
      0.0,
      0.0,
      1630.4329420305094,
      0.0,
      0.0,
      1621.4937549969752,
      2788.20280899449,
      3597.128630747699,
      8062.169585379692,
      13661.575987409886,
      14997.8759538861,
      25434.889178800317,
      56209.64614824081,
      58816.130630745014,
      102291.18747167061,
      171456.60065148375,
      319352.1112238483,
      402822.78642758576,
      620985.9026655525,
      1068104.1258819527,
      1451281.367252364,
      2253180.744740358,
      3484039.5139786275,
      4978530.812777961,
      7051274.747947565,
      9871630.84733722,
      14464159.03678389,
      18591749.5023276,
      26283183.88214938,
      33664466.09164571,
      43428418.0888458,
      53578451.310186334,
      63949156.630592525,
      75616486.34068286,
      85042791.90319546,
      97331080.22536361,
      113619383.17042932,
      130136277.00826629,
      148245474.1278828,
      164413665.4790655,
      178203752.9620077,
      179457679.58827674,
      157560155.8369573,
      120599478.55805357,
      74045611.76064034,
      30172171.844042204,
      1825980.8826418137
   ],
   "N pairs": [
      65280,
      0,
      0,
      130050,
      0,
      0,
      324104,
      0,
      0,
      193800,
      258060,
      257048,
      449570,
      575312,
      511036,
      700020,
      1203734,
      1007972,
      1445380,
      1937042,
      2859272,
      2897116,
      3674690,
      5155474,
      5773520,
      7491838,
      9701238,
      11757186,
      14320938,
      17540114,
      22734900,
      26303374,
      34062188,
      40733820,
      50149068,
      60431004,
      72289830,
      87731826,
      102476376,
      120332462,
      140368314,
      158782298,
      178392398,
      192781200,
      200564162,
      196929652,
      173862636,
      123283452,
      50816154,
      14282052,
      1557090
   ],
   "Unweighted B(r)": [
      0.0008742963293557155,
      NaN,
      NaN,
      0.0021708132158296104,
      NaN,
      NaN,
      0.005030585682467693,
      NaN,
      NaN,
      0.008366840841057663,
      0.010804474963165505,
      0.013993995793578238,
      0.01793306845514534,
      0.023746377595826065,
      0.029347983222094136,
      0.03633451784063358,
      0.04669606918824326,
      0.058350956803110615,
      0.07077113802022347,
      0.08851465309037375,
      0.11169000753473203,
      0.13904268466557285,
      0.16899001076704495,
      0.20717864659621069,
      0.25136855285031734,
      0.3007513970190437,
      0.35913349553723223,
      0.4234457813951366,
      0.4923752025144977,
      0.5628031178894972,
      0.6362094857150852,
      0.7068199502591416,
      0.7716234753372091,
      0.8264500135672449,
      0.8659865441336975,
      0.8866053476488052,
      0.8846217598048374,
      0.8619048501359456,
      0.8298770431069445,
      0.8088513989297719,
      0.8094375427949453,
      0.8195893285803578,
      0.8310077996030011,
      0.8528511363092744,
      0.888512440034066,
      0.9112781024377007,
      0.9062335615166752,
      0.9782292481399172,
      1.457127427641225,
      2.112593613581732,
      1.1726880800992965
   ],
   "Weighted B(r)": [
      0.0008742963293557155,
      NaN,
      NaN,
      0.0021708132158296104,
      NaN,
      NaN,
      0.005030585682467693,
      NaN,
      NaN,
      0.008366840841057663,
      0.010804474963165505,
      0.013993995793578238,
      0.01793306845514534,
      0.023746377595826065,
      0.029347983222094136,
      0.03633451784063358,
      0.04669606918824326,
      0.058350956803110615,
      0.07077113802022347,
      0.08851465309037375,
      0.11169000753473203,
      0.13904268466557285,
      0.16899001076704495,
      0.20717864659621069,
      0.25136855285031734,
      0.3007513970190437,
      0.35913349553723223,
      0.4234457813951366,
      0.4923752025144977,
      0.5628031178894972,
      0.6362094857150852,
      0.7068199502591416,
      0.7716234753372091,
      0.8264500135672449,
      0.8659865441336975,
      0.8866053476488052,
      0.8846217598048374,
      0.8619048501359456,
      0.8298770431069445,
      0.8088513989297719,
      0.8094375427949453,
      0.8195893285803578,
      0.8310077996030011,
      0.8528511363092744,
      0.888512440034066,
      0.9112781024377007,
      0.9062335615166752,
      0.9782292481399172,
      1.457127427641225,
      2.112593613581732,
      1.1726880800992965
   ],
   "Unweighted sigma^2": 0.43037082322517806,
   "Apparent r0": 22.661648781125603
}