{
   "log10 r": [
      0.0,
      0.05,
      0.1,
      0.15000000000000002,
      0.2,
      0.25,
      0.30000000000000004,
      0.35000000000000003,
      0.4,
      0.45,
      0.5,
      0.55,
      0.6000000000000001,
      0.65,
      0.7000000000000001,
      0.75,
      0.8,
      0.8500000000000001,
      0.9,
      0.9500000000000001,
      1.0,
      1.05,
      1.1,
      1.1500000000000001,
      1.2000000000000002,
      1.25,
      1.3,
      1.35,
      1.4000000000000001,
      1.4500000000000002,
      1.5,
      1.55,
      1.6,
      1.6500000000000001,
      1.7000000000000002,
      1.75,
      1.8,
      1.85,
      1.9000000000000001,
      1.9500000000000002,
      2.0,
      2.0500000000000003,
      2.1,
      2.15,
      2.2,
      2.25,
      2.3000000000000003,
      2.35,
      2.4000000000000004,
      2.45,
      2.5
   ],
   "Sum dv^2": [
      4.776740789529924,
      0.0,
      0.0,
      18.57549858894786,
      0.0,
      0.0,
      111.69373285097534,
      0.0,
      0.0,
      116.65709744505236,
      184.7477954070979,
      239.1940664798422,
      554.1434142460953,
      942.0459947923016,
      1007.895926294367,
      1757.776245620092,
      3883.8801403944694,
      4048.5661717130997,
      7169.607174911025,
      12155.373334781674,
      23100.533102903046,
      29638.77445889227,
      46911.31723654613,
      82846.00794828366,
      116872.87040631243,
      189351.80604485248,
      308380.91916310514,
      468991.7472702944,
      711356.8235902224,
      1077968.5662511063,
      1731795.4514354048,
      2462879.782652985,
      3897976.1105036074,
      5663053.07608136,
      8373974.257781747,
      11980605.659649735,
      16754991.03010652,
      23409677.685604125,
      30900317.31841051,
      40174342.04089862,
      50908249.72668936,
      61094901.559557706,
      70873212.23966233,
      75724549.12463123,
      73026620.07760361,
      61239883.062414825,
      44304045.05561974,
      28629575.04598958,
      12162793.343679363,
      2662730.9533499195,
      107641.1001508291
   ],
   "Sum weights": [
      65280.0,
      0.0,
      0.0,
      130050.0,
      0.0,
      0.0,
      324104.0,
      0.0,
      0.0,
      193800.0,
      258060.0,
      257048.0,
      449570.0,
      575312.0,
      511036.0,
      700020.0,
      1203734.0,
      1007972.0,
      1445380.0,
      1937042.0,
      2859272.0,
      2897116.0,
      3674690.0,
      5155474.0,
      5773520.0,
      7491838.0,
      9701238.0,
      11757186.0,
      14320938.0,
      17540114.0,
      22734900.0,
      26303374.0,
      34062188.0,
      40733820.0,
      50149068.0,
      60431004.0,
      72289830.0,
      87731826.0,
      102476376.0,
      120332462.0,
      140368314.0,
      158782298.0,
      178392398.0,
      192781200.0,
      200564162.0,
      196929652.0,
      173862636.0,
      123283452.0,
      50816154.0,
      14282052.0,
      1557090.0
   ],
   "Sum w * dv^2": [
      4.776740789529924,
      0.0,
      0.0,
      18.57549858894786,
      0.0,
      0.0,
      111.69373285097534,
      0.0,
      0.0,
      116.65709744505236,
      184.7477954070979,
      239.1940664798422,
      554.1434142460953,
      942.0459947923016,
      1007.895926294367,
      1757.776245620092,
      3883.8801403944694,
      4048.5661717130997,
      7169.607174911025,
      12155.373334781674,
      23100.533102903046,
      29638.77445889227,
      46911.31723654613,
      82846.00794828366,
      116872.87040631243,
      189351.80604485248,
      308380.91916310514,
      468991.7472702944,
      711356.8235902224,
      1077968.5662511063,
      1731795.4514354048,
      2462879.782652985,
      3897976.1105036074,
      5663053.07608136,
      8373974.257781747,
      11980605.659649735,
      16754991.03010652,
      23409677.685604125,
      30900317.31841051,
      40174342.04089862,
      50908249.72668936,
      61094901.559557706,
      70873212.23966233,
      75724549.12463123,
      73026620.07760361,
      61239883.062414825,
      44304045.05561974,
      28629575.04598958,
      12162793.343679363,
      2662730.9533499195,
      107641.1001508291
   ],
   "N pairs": [
      65280,
      0,
      0,
      130050,
      0,
      0,
      324104,
      0,
      0,
      193800,
      258060,
      257048,
      449570,
      575312,
      511036,
      700020,
      1203734,
      1007972,
      1445380,
      1937042,
      2859272,
      2897116,
      3674690,
      5155474,
      5773520,
      7491838,
      9701238,
      11757186,
      14320938,
      17540114,
      22734900,
      26303374,
      34062188,
      40733820,
      50149068,
      60431004,
      72289830,
      87731826,
      102476376,
      120332462,
      140368314,
      158782298,
      178392398,
      192781200,
      200564162,
      196929652,
      173862636,
      123283452,
      50816154,
      14282052,
      1557090
   ],
   "Unweighted B(r)": [
      7.317311258471085e-05,
      NaN,
      NaN,
      0.00014283351471701544,
      NaN,
      NaN,
      0.00034462312359913896,
      NaN,
      NaN,
      0.0006019458072500122,
      0.0007159102356316279,
      0.000930542414178839,
      0.0012326076345087424,
      0.0016374523646165934,
      0.0019722601270641734,
      0.0025110371783950342,
      0.003226526907435089,
      0.004016546264889401,
      0.004960361410086638,
      0.006275224458107607,
      0.008079165991519185,
      0.010230441052029766,
      0.012766061147075299,
      0.01606952298630226,
      0.020242914271763574,
      0.025274412773588068,
      0.031787790296775024,
      0.039889795676473466,
      0.049672502149665225,
      0.06145732953908432,
      0.07617343605801674,
      0.09363360695297056,
      0.11443704410602183,
      0.13902582856411108,
      0.1669816527354356,
      0.19825263303005417,
      0.23177521693032782,
      0.2668322175991655,
      0.30153600785424445,
      0.3338612156119487,
      0.3626762214062738,
      0.38477149108622744,
      0.3972882983481299,
      0.3928004863785018,
      0.36410602646749823,
      0.3109733980661014,
      0.25482211747680933,
      0.23222561164161415,
      0.23934895473749082,
      0.18643896222685083,
      0.06912965862655922
   ],
   "Weighted B(r)": [
      7.317311258471085e-05,
      NaN,
      NaN,
      0.00014283351471701544,
      NaN,
      NaN,
      0.00034462312359913896,
      NaN,
      NaN,
      0.0006019458072500122,
      0.0007159102356316279,
      0.000930542414178839,
      0.0012326076345087424,
      0.0016374523646165934,
      0.0019722601270641734,
      0.0025110371783950342,
      0.003226526907435089,
      0.004016546264889401,
      0.004960361410086638,
      0.006275224458107607,
      0.008079165991519185,
      0.010230441052029766,
      0.012766061147075299,
      0.01606952298630226,
      0.020242914271763574,
      0.025274412773588068,
      0.031787790296775024,
      0.039889795676473466,
      0.049672502149665225,
      0.06145732953908432,
      0.07617343605801674,
      0.09363360695297056,
      0.11443704410602183,
      0.13902582856411108,
      0.1669816527354356,
      0.19825263303005417,
      0.23177521693032782,
      0.2668322175991655,
      0.30153600785424445,
      0.3338612156119487,
      0.3626762214062738,
      0.38477149108622744,
      0.3972882983481299,
      0.3928004863785018,
      0.36410602646749823,
      0.3109733980661014,
      0.25482211747680933,
      0.23222561164161415,
      0.23934895473749082,
      0.18643896222685083,
      0.06912965862655922
   ],
   "Unweighted sigma^2": 0.14698849666280178,
   "Apparent r0": 46.22078852136965
}