{
   "log10 r": [
      0.0,
      0.05,
      0.1,
      0.15000000000000002,
      0.2,
      0.25,
      0.30000000000000004,
      0.35000000000000003,
      0.4,
      0.45,
      0.5,
      0.55,
      0.6000000000000001,
      0.65,
      0.7000000000000001,
      0.75,
      0.8,
      0.8500000000000001,
      0.9,
      0.9500000000000001,
      1.0,
      1.05,
      1.1,
      1.1500000000000001,
      1.2000000000000002,
      1.25,
      1.3,
      1.35,
      1.4000000000000001,
      1.4500000000000002,
      1.5,
      1.55,
      1.6,
      1.6500000000000001,
      1.7000000000000002,
      1.75,
      1.8,
      1.85,
      1.9000000000000001,
      1.9500000000000002,
      2.0,
      2.0500000000000003,
      2.1,
      2.15,
      2.2,
      2.25,
      2.3000000000000003,
      2.35,
      2.4000000000000004,
      2.45,
      2.5
   ],
   "Sum dv^2": [
      3.531515198218472,
      0.0,
      0.0,
      24.243500279947963,
      0.0,
      0.0,
      133.05286731975292,
      0.0,
      0.0,
      123.85326129516086,
      232.53219735895473,
      296.1695231838868,
      634.4627055345475,
      1056.2878503796328,
      1179.9418977188072,
      1912.2740618184237,
      4148.158224553401,
      4280.611110247806,
      7172.65297813161,
      11637.241084001977,
      20758.214804218907,
      25293.942534849415,
      37412.2372888437,
      62195.08018126107,
      80995.7691624798,
      121400.74404512765,
      180786.74739391834,
      250903.65470328735,
      346774.80115461187,
      478639.36929108546,
      696013.6009983734,
      894353.5121873968,
      1271058.7675359282,
      1652397.0861351327,
      2196679.1243453017,
      2842477.566061574,
      3638392.406249739,
      4699093.738837317,
      5750755.116770204,
      6866406.758331307,
      7907134.243420232,
      8513256.247066125,
      8863894.969799524,
      8776254.406848714,
      8604008.464301823,
      9629463.51362169,
      10167355.55050379,
      8109589.446828134,
      3644413.161267361,
      840033.7299020387,
      68869.24867430402
   ],
   "Sum weights": [
      65280.0,
      0.0,
      0.0,
      130050.0,
      0.0,
      0.0,
      324104.0,
      0.0,
      0.0,
      193800.0,
      258060.0,
      257048.0,
      449570.0,
      575312.0,
      511036.0,
      700020.0,
      1203734.0,
      1007972.0,
      1445380.0,
      1937042.0,
      2859272.0,
      2897116.0,
      3674690.0,
      5155474.0,
      5773520.0,
      7491838.0,
      9701238.0,
      11757186.0,
      14320938.0,
      17540114.0,
      22734900.0,
      26303374.0,
      34062188.0,
      40733820.0,
      50149068.0,
      60431004.0,
      72289830.0,
      87731826.0,
      102476376.0,
      120332462.0,
      140368314.0,
      158782298.0,
      178392398.0,
      192781200.0,
      200564162.0,
      196929652.0,
      173862636.0,
      123283452.0,
      50816154.0,
      14282052.0,
      1557090.0
   ],
   "Sum w * dv^2": [
      3.531515198218472,
      0.0,
      0.0,
      24.243500279947963,
      0.0,
      0.0,
      133.05286731975292,
      0.0,
      0.0,
      123.85326129516086,
      232.53219735895473,
      296.1695231838868,
      634.4627055345475,
      1056.2878503796328,
      1179.9418977188072,
      1912.2740618184237,
      4148.158224553401,
      4280.611110247806,
      7172.65297813161,
      11637.241084001977,
      20758.214804218907,
      25293.942534849415,
      37412.2372888437,
      62195.08018126107,
      80995.7691624798,
      121400.74404512765,
      180786.74739391834,
      250903.65470328735,
      346774.80115461187,
      478639.36929108546,
      696013.6009983734,
      894353.5121873968,
      1271058.7675359282,
      1652397.0861351327,
      2196679.1243453017,
      2842477.566061574,
      3638392.406249739,
      4699093.738837317,
      5750755.116770204,
      6866406.758331307,
      7907134.243420232,
      8513256.247066125,
      8863894.969799524,
      8776254.406848714,
      8604008.464301823,
      9629463.51362169,
      10167355.55050379,
      8109589.446828134,
      3644413.161267361,
      840033.7299020387,
      68869.24867430402
   ],
   "N pairs": [
      65280,
      0,
      0,
      130050,
      0,
      0,
      324104,
      0,
      0,
      193800,
      258060,
      257048,
      449570,
      575312,
      511036,
      700020,
      1203734,
      1007972,
      1445380,
      1937042,
      2859272,
      2897116,
      3674690,
      5155474,
      5773520,
      7491838,
      9701238,
      11757186,
      14320938,
      17540114,
      22734900,
      26303374,
      34062188,
      40733820,
      50149068,
      60431004,
      72289830,
      87731826,
      102476376,
      120332462,
      140368314,
      158782298,
      178392398,
      192781200,
      200564162,
      196929652,
      173862636,
      123283452,
      50816154,
      14282052,
      1557090
   ],
   "Unweighted B(r)": [
      5.409796565898395e-05,
      NaN,
      NaN,
      0.00018641676493616274,
      NaN,
      NaN,
      0.0004105252243716613,
      NaN,
      NaN,
      0.0006390777156613048,
      0.0009010780336315381,
      0.0011521954000182331,
      0.0014112656661577673,
      0.0018360261047564326,
      0.0023089212848386555,
      0.002731742038539504,
      0.003446075482252226,
      0.004246755971641877,
      0.004962468678224142,
      0.006007738130614605,
      0.007259965055517246,
      0.008730731712105906,
      0.010181059433270209,
      0.012063891735514731,
      0.014028836682384369,
      0.016204400581690055,
      0.018635430590808962,
      0.021340451252815713,
      0.0242145312796279,
      0.027288270149845403,
      0.030614324276701167,
      0.03400147495098525,
      0.03731582855264401,
      0.04056572857971908,
      0.04380299000462584,
      0.04703674236591492,
      0.05033062612333905,
      0.05356201908800253,
      0.05611786190380312,
      0.057061965193825316,
      0.056331333034464116,
      0.053615902744184527,
      0.04968762721491935,
      0.04552443084101932,
      0.04289903230220074,
      0.04889798674717452,
      0.0584792442149778,
      0.06578003223683365,
      0.07171761092481263,
      0.058817439531941115,
      0.04422945923119667
   ],
   "Weighted B(r)": [
      5.409796565898395e-05,
      NaN,
      NaN,
      0.00018641676493616274,
      NaN,
      NaN,
      0.0004105252243716613,
      NaN,
      NaN,
      0.0006390777156613048,
      0.0009010780336315381,
      0.0011521954000182331,
      0.0014112656661577673,
      0.0018360261047564326,
      0.0023089212848386555,
      0.002731742038539504,
      0.003446075482252226,
      0.004246755971641877,
      0.004962468678224142,
      0.006007738130614605,
      0.007259965055517246,
      0.008730731712105906,
      0.010181059433270209,
      0.012063891735514731,
      0.014028836682384369,
      0.016204400581690055,
      0.018635430590808962,
      0.021340451252815713,
      0.0242145312796279,
      0.027288270149845403,
      0.030614324276701167,
      0.03400147495098525,
      0.03731582855264401,
      0.04056572857971908,
      0.04380299000462584,
      0.04703674236591492,
      0.05033062612333905,
      0.05356201908800253,
      0.05611786190380312,
      0.057061965193825316,
      0.056331333034464116,
      0.053615902744184527,
      0.04968762721491935,
      0.04552443084101932,
      0.04289903230220074,
      0.04889798674717452,
      0.0584792442149778,
      0.06578003223683365,
      0.07171761092481263,
      0.058817439531941115,
      0.04422945923119667
   ],
   "Unweighted sigma^2": 0.02506534275113841,
   "Apparent r0": 25.967247177075272
}