{
   "log10 r": [
      0.0,
      0.05,
      0.1,
      0.15000000000000002,
      0.2,
      0.25,
      0.30000000000000004,
      0.35000000000000003,
      0.4,
      0.45,
      0.5,
      0.55,
      0.6000000000000001,
      0.65,
      0.7000000000000001,
      0.75,
      0.8,
      0.8500000000000001,
      0.9,
      0.9500000000000001,
      1.0,
      1.05,
      1.1,
      1.1500000000000001,
      1.2000000000000002,
      1.25,
      1.3,
      1.35,
      1.4000000000000001,
      1.4500000000000002,
      1.5,
      1.55,
      1.6,
      1.6500000000000001,
      1.7000000000000002,
      1.75,
      1.8,
      1.85,
      1.9000000000000001,
      1.9500000000000002,
      2.0,
      2.0500000000000003,
      2.1,
      2.15,
      2.2,
      2.25,
      2.3000000000000003,
      2.35,
      2.4000000000000004,
      2.45,
      2.5
   ],
   "Sum dv^2": [
      5.636385817342666,
      0.0,
      0.0,
      32.72202953514481,
      0.0,
      0.0,
      177.68797468517167,
      0.0,
      0.0,
      164.79612398133,
      292.7981562652937,
      366.4000006757634,
      776.523388485177,
      1260.3375864505158,
      1361.9444268178283,
      2180.027045338395,
      4596.212797431472,
      4619.21006243657,
      7610.303245911129,
      12069.229414243398,
      21062.69618795306,
      25086.138897274217,
      36434.01802916713,
      59191.33563738073,
      75714.32287064528,
      111429.57628398093,
      163448.68760044995,
      223008.66887812474,
      303492.1361609953,
      411165.9097589505,
      586042.4891832346,
      738623.8501025158,
      1034328.4099099869,
      1331339.6821037158,
      1752261.7031901053,
      2233601.5514666224,
      2786066.7103344407,
      3500009.7156623397,
      4229424.491042247,
      5179996.272358234,
      6499019.42489041,
      8083236.944740285,
      10016442.42112824,
      11990875.274699798,
      13708857.796876317,
      14338513.734273128,
      13457395.183423057,
      10124717.67666104,
      4850175.524516011,
      1639805.6252719979,
      111848.17796581064
   ],
   "Sum weights": [
      65280.0,
      0.0,
      0.0,
      130050.0,
      0.0,
      0.0,
      324104.0,
      0.0,
      0.0,
      193800.0,
      258060.0,
      257048.0,
      449570.0,
      575312.0,
      511036.0,
      700020.0,
      1203734.0,
      1007972.0,
      1445380.0,
      1937042.0,
      2859272.0,
      2897116.0,
      3674690.0,
      5155474.0,
      5773520.0,
      7491838.0,
      9701238.0,
      11757186.0,
      14320938.0,
      17540114.0,
      22734900.0,
      26303374.0,
      34062188.0,
      40733820.0,
      50149068.0,
      60431004.0,
      72289830.0,
      87731826.0,
      102476376.0,
      120332462.0,
      140368314.0,
      158782298.0,
      178392398.0,
      192781200.0,
      200564162.0,
      196929652.0,
      173862636.0,
      123283452.0,
      50816154.0,
      14282052.0,
      1557090.0
   ],
   "Sum w * dv^2": [
      5.636385817342666,
      0.0,
      0.0,
      32.72202953514481,
      0.0,
      0.0,
      177.68797468517167,
      0.0,
      0.0,
      164.79612398133,
      292.7981562652937,
      366.4000006757634,
      776.523388485177,
      1260.3375864505158,
      1361.9444268178283,
      2180.027045338395,
      4596.212797431472,
      4619.21006243657,
      7610.303245911129,
      12069.229414243398,
      21062.69618795306,
      25086.138897274217,
      36434.01802916713,
      59191.33563738073,
      75714.32287064528,
      111429.57628398093,
      163448.68760044995,
      223008.66887812474,
      303492.1361609953,
      411165.9097589505,
      586042.4891832346,
      738623.8501025158,
      1034328.4099099869,
      1331339.6821037158,
      1752261.7031901053,
      2233601.5514666224,
      2786066.7103344407,
      3500009.7156623397,
      4229424.491042247,
      5179996.272358234,
      6499019.42489041,
      8083236.944740285,
      10016442.42112824,
      11990875.274699798,
      13708857.796876317,
      14338513.734273128,
      13457395.183423057,
      10124717.67666104,
      4850175.524516011,
      1639805.6252719979,
      111848.17796581064
   ],
   "N pairs": [
      65280,
      0,
      0,
      130050,
      0,
      0,
      324104,
      0,
      0,
      193800,
      258060,
      257048,
      449570,
      575312,
      511036,
      700020,
      1203734,
      1007972,
      1445380,
      1937042,
      2859272,
      2897116,
      3674690,
      5155474,
      5773520,
      7491838,
      9701238,
      11757186,
      14320938,
      17540114,
      22734900,
      26303374,
      34062188,
      40733820,
      50149068,
      60431004,
      72289830,
      87731826,
      102476376,
      120332462,
      140368314,
      158782298,
      178392398,
      192781200,
      200564162,
      196929652,
      173862636,
      123283452,
      50816154,
      14282052,
      1557090
   ],
   "Unweighted B(r)": [
      8.634169450586192e-05,
      NaN,
      NaN,
      0.00025161114598342804,
      NaN,
      NaN,
      0.0005482436954964199,
      NaN,
      NaN,
      0.0008503411970140867,
      0.00113461271125046,
      0.0014254147111658656,
      0.0017272580209648709,
      0.0021907027603292055,
      0.002665065527316722,
      0.0031142353723299264,
      0.0038182960665989925,
      0.004582676961697915,
      0.005265261208755572,
      0.006230752567184087,
      0.007366454184125561,
      0.008659003953336427,
      0.009914854866442373,
      0.011481259654763215,
      0.013114066093240393,
      0.014873463132008585,
      0.016848229844526025,
      0.01896786092166312,
      0.021192196779358678,
      0.02344146165520649,
      0.02577721868947014,
      0.028080954561286158,
      0.030365882834948444,
      0.03268388975312691,
      0.03494106217866512,
      0.03696118554420546,
      0.03854023049071274,
      0.039894413182079896,
      0.04127219029527593,
      0.043047372141012404,
      0.04629976124733115,
      0.050907670732541516,
      0.056148370297305156,
      0.06219940157390761,
      0.06835148243920226,
      0.07281033398806355,
      0.0774024568649877,
      0.0821255205983447,
      0.09544554522004972,
      0.11481582795469432,
      0.07183154343410506
   ],
   "Weighted B(r)": [
      8.634169450586192e-05,
      NaN,
      NaN,
      0.00025161114598342804,
      NaN,
      NaN,
      0.0005482436954964199,
      NaN,
      NaN,
      0.0008503411970140867,
      0.00113461271125046,
      0.0014254147111658656,
      0.0017272580209648709,
      0.0021907027603292055,
      0.002665065527316722,
      0.0031142353723299264,
      0.0038182960665989925,
      0.004582676961697915,
      0.005265261208755572,
      0.006230752567184087,
      0.007366454184125561,
      0.008659003953336427,
      0.009914854866442373,
      0.011481259654763215,
      0.013114066093240393,
      0.014873463132008585,
      0.016848229844526025,
      0.01896786092166312,
      0.021192196779358678,
      0.02344146165520649,
      0.02577721868947014,
      0.028080954561286158,
      0.030365882834948444,
      0.03268388975312691,
      0.03494106217866512,
      0.03696118554420546,
      0.03854023049071274,
      0.039894413182079896,
      0.04127219029527593,
      0.043047372141012404,
      0.04629976124733115,
      0.050907670732541516,
      0.056148370297305156,
      0.06219940157390761,
      0.06835148243920226,
      0.07281033398806355,
      0.0774024568649877,
      0.0821255205983447,
      0.09544554522004972,
      0.11481582795469432,
      0.07183154343410506
   ],
   "Unweighted sigma^2": 0.027968144600975516,
   "Apparent r0": 35.29239180155881
}