{
   "log10 r": [
      0.0,
      0.05,
      0.1,
      0.15000000000000002,
      0.2,
      0.25,
      0.30000000000000004,
      0.35000000000000003,
      0.4,
      0.45,
      0.5,
      0.55,
      0.6000000000000001,
      0.65,
      0.7000000000000001,
      0.75,
      0.8,
      0.8500000000000001,
      0.9,
      0.9500000000000001,
      1.0,
      1.05,
      1.1,
      1.1500000000000001,
      1.2000000000000002,
      1.25,
      1.3,
      1.35,
      1.4000000000000001,
      1.4500000000000002,
      1.5,
      1.55,
      1.6,
      1.6500000000000001,
      1.7000000000000002,
      1.75,
      1.8,
      1.85,
      1.9000000000000001,
      1.9500000000000002,
      2.0,
      2.0500000000000003,
      2.1,
      2.15,
      2.2,
      2.25,
      2.3000000000000003,
      2.35,
      2.4000000000000004,
      2.45,
      2.5
   ],
   "Sum dv^2": [
      385.98289271254254,
      0.0,
      0.0,
      1903.7931197548055,
      0.0,
      0.0,
      10756.51418491616,
      0.0,
      0.0,
      10439.782690281094,
      17730.326353845176,
      22332.58676435221,
      48861.66016692144,
      79669.94742843542,
      85248.8627686082,
      138744.07580984043,
      290659.5614988723,
      287476.32986567763,
      475799.46638455655,
      744997.8238435893,
      1288240.0583874267,
      1498914.3662461669,
      2151899.215045828,
      3411097.700146827,
      4304543.300432351,
      6203562.1049335,
      8932862.020550223,
      11885386.154881805,
      15774179.247559039,
      20698211.012976434,
      28388572.67152046,
      34207941.75234135,
      45488657.666888066,
      55152202.39601721,
      68012672.12028158,
      81308963.67286731,
      96126633.11468565,
      115290672.9481627,
      133535602.98402703,
      158995926.45795822,
      190082767.57054824,
      211603306.03764427,
      243826641.89564663,
      293199683.1469776,
      332870835.0146668,
      326378478.6800209,
      299778001.75752187,
      238521124.2920235,
      112917770.86320584,
      27307403.860318176,
      1676762.3298993707
   ],
   "Sum weights": [
      65280.0,
      0.0,
      0.0,
      130050.0,
      0.0,
      0.0,
      324104.0,
      0.0,
      0.0,
      193800.0,
      258060.0,
      257048.0,
      449570.0,
      575312.0,
      511036.0,
      700020.0,
      1203734.0,
      1007972.0,
      1445380.0,
      1937042.0,
      2859272.0,
      2897116.0,
      3674690.0,
      5155474.0,
      5773520.0,
      7491838.0,
      9701238.0,
      11757186.0,
      14320938.0,
      17540114.0,
      22734900.0,
      26303374.0,
      34062188.0,
      40733820.0,
      50149068.0,
      60431004.0,
      72289830.0,
      87731826.0,
      102476376.0,
      120332462.0,
      140368314.0,
      158782298.0,
      178392398.0,
      192781200.0,
      200564162.0,
      196929652.0,
      173862636.0,
      123283452.0,
      50816154.0,
      14282052.0,
      1557090.0
   ],
   "Sum w * dv^2": [
      385.98289271254254,
      0.0,
      0.0,
      1903.7931197548055,
      0.0,
      0.0,
      10756.51418491616,
      0.0,
      0.0,
      10439.782690281094,
      17730.326353845176,
      22332.58676435221,
      48861.66016692144,
      79669.94742843542,
      85248.8627686082,
      138744.07580984043,
      290659.5614988723,
      287476.32986567763,
      475799.46638455655,
      744997.8238435893,
      1288240.0583874267,
      1498914.3662461669,
      2151899.215045828,
      3411097.700146827,
      4304543.300432351,
      6203562.1049335,
      8932862.020550223,
      11885386.154881805,
      15774179.247559039,
      20698211.012976434,
      28388572.67152046,
      34207941.75234135,
      45488657.666888066,
      55152202.39601721,
      68012672.12028158,
      81308963.67286731,
      96126633.11468565,
      115290672.9481627,
      133535602.98402703,
      158995926.45795822,
      190082767.57054824,
      211603306.03764427,
      243826641.89564663,
      293199683.1469776,
      332870835.0146668,
      326378478.6800209,
      299778001.75752187,
      238521124.2920235,
      112917770.86320584,
      27307403.860318176,
      1676762.3298993707
   ],
   "N pairs": [
      65280,
      0,
      0,
      130050,
      0,
      0,
      324104,
      0,
      0,
      193800,
      258060,
      257048,
      449570,
      575312,
      511036,
      700020,
      1203734,
      1007972,
      1445380,
      1937042,
      2859272,
      2897116,
      3674690,
      5155474,
      5773520,
      7491838,
      9701238,
      11757186,
      14320938,
      17540114,
      22734900,
      26303374,
      34062188,
      40733820,
      50149068,
      60431004,
      72289830,
      87731826,
      102476376,
      120332462,
      140368314,
      158782298,
      178392398,
      192781200,
      200564162,
      196929652,
      173862636,
      123283452,
      50816154,
      14282052,
      1557090
   ],
   "Unweighted B(r)": [
      0.005912728135915174,
      NaN,
      NaN,
      0.014638932101151907,
      NaN,
      NaN,
      0.033188464767223355,
      NaN,
      NaN,
      0.0538688477310686,
      0.06870621697994721,
      0.08688099796284045,
      0.10868532190075282,
      0.13848128915863986,
      0.16681576790795208,
      0.19820015972377994,
      0.24146494283527117,
      0.2852026939891958,
      0.32918641906250024,
      0.38460592173199615,
      0.45054827186340674,
      0.5173815498744845,
      0.5856002043834522,
      0.6616457963218954,
      0.7455665348751458,
      0.8280427453094288,
      0.9207960902052112,
      1.0109039828817716,
      1.1014766803374918,
      1.1800499707685157,
      1.2486781411627261,
      1.3005153541268641,
      1.335459062902479,
      1.3539658788696274,
      1.356210091886086,
      1.3454842430363612,
      1.3297393715642387,
      1.3141259928656073,
      1.303086703456678,
      1.3213053553076826,
      1.354171480399403,
      1.3326630783341118,
      1.3667995084389561,
      1.5208935474360445,
      1.6596725541359019,
      1.6573353751725561,
      1.7242232641493016,
      1.9347375533581224,
      2.2220841597576597,
      1.9120084327040803,
      1.076856398730562
   ],
   "Weighted B(r)": [
      0.005912728135915174,
      NaN,
      NaN,
      0.014638932101151907,
      NaN,
      NaN,
      0.033188464767223355,
      NaN,
      NaN,
      0.0538688477310686,
      0.06870621697994721,
      0.08688099796284045,
      0.10868532190075282,
      0.13848128915863986,
      0.16681576790795208,
      0.19820015972377994,
      0.24146494283527117,
      0.2852026939891958,
      0.32918641906250024,
      0.38460592173199615,
      0.45054827186340674,
      0.5173815498744845,
      0.5856002043834522,
      0.6616457963218954,
      0.7455665348751458,
      0.8280427453094288,
      0.9207960902052112,
      1.0109039828817716,
      1.1014766803374918,
      1.1800499707685157,
      1.2486781411627261,
      1.3005153541268641,
      1.335459062902479,
      1.3539658788696274,
      1.356210091886086,
      1.3454842430363612,
      1.3297393715642387,
      1.3141259928656073,
      1.303086703456678,
      1.3213053553076826,
      1.354171480399403,
      1.3326630783341118,
      1.3667995084389561,
      1.5208935474360445,
      1.6596725541359019,
      1.6573353751725561,
      1.7242232641493016,
      1.9347375533581224,
      2.2220841597576597,
      1.9120084327040803,
      1.076856398730562
   ],
   "Unweighted sigma^2": 0.7412962521140714,
   "Apparent r0": 15.761229246533428
}