{
   "log10 r": [
      0.0,
      0.05,
      0.1,
      0.15000000000000002,
      0.2,
      0.25,
      0.30000000000000004,
      0.35000000000000003,
      0.4,
      0.45,
      0.5,
      0.55,
      0.6000000000000001,
      0.65,
      0.7000000000000001,
      0.75,
      0.8,
      0.8500000000000001,
      0.9,
      0.9500000000000001,
      1.0,
      1.05,
      1.1,
      1.1500000000000001,
      1.2000000000000002,
      1.25,
      1.3,
      1.35,
      1.4000000000000001,
      1.4500000000000002,
      1.5,
      1.55,
      1.6,
      1.6500000000000001,
      1.7000000000000002,
      1.75,
      1.8,
      1.85,
      1.9000000000000001,
      1.9500000000000002,
      2.0,
      2.0500000000000003,
      2.1,
      2.15,
      2.2,
      2.25,
      2.3000000000000003,
      2.35,
      2.4000000000000004,
      2.45,
      2.5
   ],
   "Sum dv^2": [
      0.07780909515967262,
      0.0,
      0.0,
      0.6119584864721107,
      0.0,
      0.0,
      3.358801973784072,
      0.0,
      0.0,
      3.1268393008280477,
      6.0717601294786006,
      7.859874047729745,
      16.93792172220975,
      28.96318913102211,
      33.03985714197892,
      54.80204005733507,
      123.37105798161818,
      132.45822159006647,
      229.41605682016734,
      390.70677432047586,
      736.55106745509,
      954.6937824082163,
      1499.2368120795072,
      2675.7445420514155,
      3753.2064513947303,
      6089.267264720476,
      9891.453013325561,
      15053.56200234579,
      22848.910120150435,
      34662.55516085637,
      55704.1770859625,
      79357.98131806574,
      125872.58883987521,
      183439.0815537903,
      272520.01130078593,
      391824.40896922647,
      550778.0217895296,
      772058.6248516706,
      1017833.9438380271,
      1310023.3346549254,
      1621675.0593013975,
      1868600.0811320269,
      2061226.6934905034,
      2131232.583762765,
      2156652.5698343394,
      2212385.6133962283,
      2238365.0096236523,
      1935610.5053890257,
      1019338.4404933939,
      342678.8466548399,
      39527.329704307995
   ],
   "Sum weights": [
      65280.0,
      0.0,
      0.0,
      130050.0,
      0.0,
      0.0,
      324104.0,
      0.0,
      0.0,
      193800.0,
      258060.0,
      257048.0,
      449570.0,
      575312.0,
      511036.0,
      700020.0,
      1203734.0,
      1007972.0,
      1445380.0,
      1937042.0,
      2859272.0,
      2897116.0,
      3674690.0,
      5155474.0,
      5773520.0,
      7491838.0,
      9701238.0,
      11757186.0,
      14320938.0,
      17540114.0,
      22734900.0,
      26303374.0,
      34062188.0,
      40733820.0,
      50149068.0,
      60431004.0,
      72289830.0,
      87731826.0,
      102476376.0,
      120332462.0,
      140368314.0,
      158782298.0,
      178392398.0,
      192781200.0,
      200564162.0,
      196929652.0,
      173862636.0,
      123283452.0,
      50816154.0,
      14282052.0,
      1557090.0
   ],
   "Sum w * dv^2": [
      0.07780909515967262,
      0.0,
      0.0,
      0.6119584864721107,
      0.0,
      0.0,
      3.358801973784072,
      0.0,
      0.0,
      3.1268393008280477,
      6.0717601294786006,
      7.859874047729745,
      16.93792172220975,
      28.96318913102211,
      33.03985714197892,
      54.80204005733507,
      123.37105798161818,
      132.45822159006647,
      229.41605682016734,
      390.70677432047586,
      736.55106745509,
      954.6937824082163,
      1499.2368120795072,
      2675.7445420514155,
      3753.2064513947303,
      6089.267264720476,
      9891.453013325561,
      15053.56200234579,
      22848.910120150435,
      34662.55516085637,
      55704.1770859625,
      79357.98131806574,
      125872.58883987521,
      183439.0815537903,
      272520.01130078593,
      391824.40896922647,
      550778.0217895296,
      772058.6248516706,
      1017833.9438380271,
      1310023.3346549254,
      1621675.0593013975,
      1868600.0811320269,
      2061226.6934905034,
      2131232.583762765,
      2156652.5698343394,
      2212385.6133962283,
      2238365.0096236523,
      1935610.5053890257,
      1019338.4404933939,
      342678.8466548399,
      39527.329704307995
   ],
   "N pairs": [
      65280,
      0,
      0,
      130050,
      0,
      0,
      324104,
      0,
      0,
      193800,
      258060,
      257048,
      449570,
      575312,
      511036,
      700020,
      1203734,
      1007972,
      1445380,
      1937042,
      2859272,
      2897116,
      3674690,
      5155474,
      5773520,
      7491838,
      9701238,
      11757186,
      14320938,
      17540114,
      22734900,
      26303374,
      34062188,
      40733820,
      50149068,
      60431004,
      72289830,
      87731826,
      102476376,
      120332462,
      140368314,
      158782298,
      178392398,
      192781200,
      200564162,
      196929652,
      173862636,
      123283452,
      50816154,
      14282052,
      1557090
   ],
   "Unweighted B(r)": [
      1.1919285410489065e-06,
      NaN,
      NaN,
      4.7055631408851266e-06,
      NaN,
      NaN,
      1.0363346252388344e-05,
      NaN,
      NaN,
      1.613436171737899e-05,
      2.3528482250168956e-05,
      3.057745653624905e-05,
      3.7675827395532955e-05,
      5.0343446914060733e-05,
      6.465269989194288e-05,
      7.828639189928154e-05,
      0.00010249029933657949,
      0.00013141061615805447,
      0.00015872369675806177,
      0.00020170278926346248,
      0.000257600909411588,
      0.0003295324669113064,
      0.00040799001060756344,
      0.0005190103843121729,
      0.0006500724776903398,
      0.0008127868307777713,
      0.001019607292731666,
      0.0012803711706479586,
      0.001595489773096597,
      0.0019761875641661378,
      0.0024501615175770513,
      0.0030170266870731387,
      0.0036953759059716075,
      0.004503360636291669,
      0.005434198922715492,
      0.006483830865514438,
      0.007619024996870647,
      0.008800211508782121,
      0.009932376451700703,
      0.010886699340157483,
      0.011552999484637234,
      0.011768314885655747,
      0.011554453646004038,
      0.011055188907231436,
      0.010752930874232354,
      0.011234395587091314,
      0.012874330339864699,
      0.01570048918965236,
      0.020059338620813254,
      0.02399367028315258,
      0.025385385369058946
   ],
   "Weighted B(r)": [
      1.1919285410489065e-06,
      NaN,
      NaN,
      4.7055631408851266e-06,
      NaN,
      NaN,
      1.0363346252388344e-05,
      NaN,
      NaN,
      1.613436171737899e-05,
      2.3528482250168956e-05,
      3.057745653624905e-05,
      3.7675827395532955e-05,
      5.0343446914060733e-05,
      6.465269989194288e-05,
      7.828639189928154e-05,
      0.00010249029933657949,
      0.00013141061615805447,
      0.00015872369675806177,
      0.00020170278926346248,
      0.000257600909411588,
      0.0003295324669113064,
      0.00040799001060756344,
      0.0005190103843121729,
      0.0006500724776903398,
      0.0008127868307777713,
      0.001019607292731666,
      0.0012803711706479586,
      0.001595489773096597,
      0.0019761875641661378,
      0.0024501615175770513,
      0.0030170266870731387,
      0.0036953759059716075,
      0.004503360636291669,
      0.005434198922715492,
      0.006483830865514438,
      0.007619024996870647,
      0.008800211508782121,
      0.009932376451700703,
      0.010886699340157483,
      0.011552999484637234,
      0.011768314885655747,
      0.011554453646004038,
      0.011055188907231436,
      0.010752930874232354,
      0.011234395587091314,
      0.012874330339864699,
      0.01570048918965236,
      0.020059338620813254,
      0.02399367028315258,
      0.025385385369058946
   ],
   "Unweighted sigma^2": 0.005250993679203499,
   "Apparent r0": 49.04599643963084
}