{
   "log10 r": [
      0.0,
      0.05,
      0.1,
      0.15000000000000002,
      0.2,
      0.25,
      0.30000000000000004,
      0.35000000000000003,
      0.4,
      0.45,
      0.5,
      0.55,
      0.6000000000000001,
      0.65,
      0.7000000000000001,
      0.75,
      0.8,
      0.8500000000000001,
      0.9,
      0.9500000000000001,
      1.0,
      1.05,
      1.1,
      1.1500000000000001,
      1.2000000000000002,
      1.25,
      1.3,
      1.35,
      1.4000000000000001,
      1.4500000000000002,
      1.5,
      1.55,
      1.6,
      1.6500000000000001,
      1.7000000000000002,
      1.75,
      1.8,
      1.85,
      1.9000000000000001,
      1.9500000000000002,
      2.0,
      2.0500000000000003,
      2.1,
      2.15,
      2.2,
      2.25,
      2.3000000000000003,
      2.35,
      2.4000000000000004,
      2.45,
      2.5
   ],
   "Sum dv^2": [
      781.2492173066855,
      0.0,
      0.0,
      4014.955008109292,
      0.0,
      0.0,
      21341.661933686297,
      0.0,
      0.0,
      19401.56427013395,
      32900.520324995734,
      39677.40242323967,
      83118.49861078805,
      128789.75395229393,
      135261.9627938816,
      209695.75447747874,
      422039.32881682686,
      403925.63561803923,
      648131.960969417,
      983778.966901964,
      1648818.6690850786,
      1875145.1294565194,
      2631130.8570948923,
      4104388.0860459213,
      5060597.907713393,
      7169935.203291134,
      10097189.085183715,
      13259502.15105432,
      17406554.02764936,
      22950268.2831228,
      32016762.790045273,
      39658979.24474961,
      54447750.54119558,
      68384022.58882803,
      88066690.110218,
      111413730.0650889,
      140852226.50388443,
      181023647.48566175,
      223799613.02147794,
      274423850.58535904,
      326867538.24266374,
      366867262.1837995,
      405635563.75097984,
      428818430.17882705,
      431553757.77327174,
      458940719.0441058,
      415566918.15522414,
      256151887.826479,
      92934165.15268339,
      24703199.949929867,
      1626053.2154729376
   ],
   "Sum weights": [
      65280.0,
      0.0,
      0.0,
      130050.0,
      0.0,
      0.0,
      324104.0,
      0.0,
      0.0,
      193800.0,
      258060.0,
      257048.0,
      449570.0,
      575312.0,
      511036.0,
      700020.0,
      1203734.0,
      1007972.0,
      1445380.0,
      1937042.0,
      2859272.0,
      2897116.0,
      3674690.0,
      5155474.0,
      5773520.0,
      7491838.0,
      9701238.0,
      11757186.0,
      14320938.0,
      17540114.0,
      22734900.0,
      26303374.0,
      34062188.0,
      40733820.0,
      50149068.0,
      60431004.0,
      72289830.0,
      87731826.0,
      102476376.0,
      120332462.0,
      140368314.0,
      158782298.0,
      178392398.0,
      192781200.0,
      200564162.0,
      196929652.0,
      173862636.0,
      123283452.0,
      50816154.0,
      14282052.0,
      1557090.0
   ],
   "Sum w * dv^2": [
      781.2492173066855,
      0.0,
      0.0,
      4014.955008109292,
      0.0,
      0.0,
      21341.661933686297,
      0.0,
      0.0,
      19401.56427013395,
      32900.520324995734,
      39677.40242323967,
      83118.49861078805,
      128789.75395229393,
      135261.9627938816,
      209695.75447747874,
      422039.32881682686,
      403925.63561803923,
      648131.960969417,
      983778.966901964,
      1648818.6690850786,
      1875145.1294565194,
      2631130.8570948923,
      4104388.0860459213,
      5060597.907713393,
      7169935.203291134,
      10097189.085183715,
      13259502.15105432,
      17406554.02764936,
      22950268.2831228,
      32016762.790045273,
      39658979.24474961,
      54447750.54119558,
      68384022.58882803,
      88066690.110218,
      111413730.0650889,
      140852226.50388443,
      181023647.48566175,
      223799613.02147794,
      274423850.58535904,
      326867538.24266374,
      366867262.1837995,
      405635563.75097984,
      428818430.17882705,
      431553757.77327174,
      458940719.0441058,
      415566918.15522414,
      256151887.826479,
      92934165.15268339,
      24703199.949929867,
      1626053.2154729376
   ],
   "N pairs": [
      65280,
      0,
      0,
      130050,
      0,
      0,
      324104,
      0,
      0,
      193800,
      258060,
      257048,
      449570,
      575312,
      511036,
      700020,
      1203734,
      1007972,
      1445380,
      1937042,
      2859272,
      2897116,
      3674690,
      5155474,
      5773520,
      7491838,
      9701238,
      11757186,
      14320938,
      17540114,
      22734900,
      26303374,
      34062188,
      40733820,
      50149068,
      60431004,
      72289830,
      87731826,
      102476376,
      120332462,
      140368314,
      158782298,
      178392398,
      192781200,
      200564162,
      196929652,
      173862636,
      123283452,
      50816154,
      14282052,
      1557090
   ],
   "Unweighted B(r)": [
      0.011967665706291139,
      NaN,
      NaN,
      0.03087239529495803,
      NaN,
      NaN,
      0.06584819049961216,
      NaN,
      NaN,
      0.10011127074372522,
      0.12749174736493735,
      0.154357950356508,
      0.18488444204637333,
      0.2238607120176425,
      0.26468186741028343,
      0.2995568047734047,
      0.35060846401017737,
      0.40073100802208717,
      0.44841630641728614,
      0.5078769416987159,
      0.5766568095253193,
      0.6472454432119803,
      0.7160143732110443,
      0.7961223519012842,
      0.8765186416109051,
      0.9570328674073216,
      1.040814490396351,
      1.1277785476094637,
      1.2154618662303658,
      1.30844464768717,
      1.4082649490450925,
      1.5077525508609508,
      1.5984807124309095,
      1.678802100780826,
      1.7560982411521189,
      1.8436518126537977,
      1.948437650273689,
      2.0633748975618236,
      2.1839142030303447,
      2.280547127718197,
      2.3286419059123538,
      2.3105048031475115,
      2.273838842342261,
      2.224378882270818,
      2.1516992540934194,
      2.330480526335901,
      2.39020256287397,
      2.077747529542562,
      1.828831145951805,
      1.7296674140333523,
      1.0442898069301951
   ],
   "Weighted B(r)": [
      0.011967665706291139,
      NaN,
      NaN,
      0.03087239529495803,
      NaN,
      NaN,
      0.06584819049961216,
      NaN,
      NaN,
      0.10011127074372522,
      0.12749174736493735,
      0.154357950356508,
      0.18488444204637333,
      0.2238607120176425,
      0.26468186741028343,
      0.2995568047734047,
      0.35060846401017737,
      0.40073100802208717,
      0.44841630641728614,
      0.5078769416987159,
      0.5766568095253193,
      0.6472454432119803,
      0.7160143732110443,
      0.7961223519012842,
      0.8765186416109051,
      0.9570328674073216,
      1.040814490396351,
      1.1277785476094637,
      1.2154618662303658,
      1.30844464768717,
      1.4082649490450925,
      1.5077525508609508,
      1.5984807124309095,
      1.678802100780826,
      1.7560982411521189,
      1.8436518126537977,
      1.948437650273689,
      2.0633748975618236,
      2.1839142030303447,
      2.280547127718197,
      2.3286419059123538,
      2.3105048031475115,
      2.273838842342261,
      2.224378882270818,
      2.1516992540934194,
      2.330480526335901,
      2.39020256287397,
      2.077747529542562,
      1.828831145951805,
      1.7296674140333523,
      1.0442898069301951
   ],
   "Unweighted sigma^2": 1.0541622930690875,
   "Apparent r0": 20.32629940634948
}