{
   "log10 r": [
      0.0,
      0.05,
      0.1,
      0.15000000000000002,
      0.2,
      0.25,
      0.30000000000000004,
      0.35000000000000003,
      0.4,
      0.45,
      0.5,
      0.55,
      0.6000000000000001,
      0.65,
      0.7000000000000001,
      0.75,
      0.8,
      0.8500000000000001,
      0.9,
      0.9500000000000001,
      1.0,
      1.05,
      1.1,
      1.1500000000000001,
      1.2000000000000002,
      1.25,
      1.3,
      1.35,
      1.4000000000000001,
      1.4500000000000002,
      1.5,
      1.55,
      1.6,
      1.6500000000000001,
      1.7000000000000002,
      1.75,
      1.8,
      1.85,
      1.9000000000000001,
      1.9500000000000002,
      2.0,
      2.0500000000000003,
      2.1,
      2.15,
      2.2,
      2.25,
      2.3000000000000003,
      2.35,
      2.4000000000000004,
      2.45,
      2.5
   ],
   "Sum dv^2": [
      143.31877011327873,
      0.0,
      0.0,
      842.8404862319738,
      0.0,
      0.0,
      4734.092251001115,
      0.0,
      0.0,
      4547.5473187340085,
      8204.448521046459,
      10531.354036543644,
      23013.373421038617,
      38685.928414031194,
      42823.49274995215,
      70869.88192446828,
      154861.7861974918,
      160548.92364505894,
      272433.93311755,
      445706.5709432657,
      801945.29028617,
      979442.2436239803,
      1451344.1238078596,
      2397851.5376089425,
      3101621.6276379433,
      4596658.9255622085,
      6745321.703735826,
      9203642.969439808,
      12477329.653352821,
      16896374.61166373,
      24083809.522703126,
      30358848.89533252,
      42363904.93008497,
      54119349.94042199,
      70810633.91686438,
      90740420.13085677,
      115935848.90278779,
      150715201.00100464,
      188030018.5607718,
      232090401.6771112,
      276909918.4847959,
      311037766.3840504,
      342941747.9446216,
      360738334.7907573,
      362629016.4700058,
      386457301.41806567,
      351402053.138325,
      211158754.40243027,
      74231368.75524175,
      19402414.227294836,
      1098307.2619223653
   ],
   "Sum weights": [
      65280.0,
      0.0,
      0.0,
      130050.0,
      0.0,
      0.0,
      324104.0,
      0.0,
      0.0,
      193800.0,
      258060.0,
      257048.0,
      449570.0,
      575312.0,
      511036.0,
      700020.0,
      1203734.0,
      1007972.0,
      1445380.0,
      1937042.0,
      2859272.0,
      2897116.0,
      3674690.0,
      5155474.0,
      5773520.0,
      7491838.0,
      9701238.0,
      11757186.0,
      14320938.0,
      17540114.0,
      22734900.0,
      26303374.0,
      34062188.0,
      40733820.0,
      50149068.0,
      60431004.0,
      72289830.0,
      87731826.0,
      102476376.0,
      120332462.0,
      140368314.0,
      158782298.0,
      178392398.0,
      192781200.0,
      200564162.0,
      196929652.0,
      173862636.0,
      123283452.0,
      50816154.0,
      14282052.0,
      1557090.0
   ],
   "Sum w * dv^2": [
      143.31877011327873,
      0.0,
      0.0,
      842.8404862319738,
      0.0,
      0.0,
      4734.092251001115,
      0.0,
      0.0,
      4547.5473187340085,
      8204.448521046459,
      10531.354036543644,
      23013.373421038617,
      38685.928414031194,
      42823.49274995215,
      70869.88192446828,
      154861.7861974918,
      160548.92364505894,
      272433.93311755,
      445706.5709432657,
      801945.29028617,
      979442.2436239803,
      1451344.1238078596,
      2397851.5376089425,
      3101621.6276379433,
      4596658.9255622085,
      6745321.703735826,
      9203642.969439808,
      12477329.653352821,
      16896374.61166373,
      24083809.522703126,
      30358848.89533252,
      42363904.93008497,
      54119349.94042199,
      70810633.91686438,
      90740420.13085677,
      115935848.90278779,
      150715201.00100464,
      188030018.5607718,
      232090401.6771112,
      276909918.4847959,
      311037766.3840504,
      342941747.9446216,
      360738334.7907573,
      362629016.4700058,
      386457301.41806567,
      351402053.138325,
      211158754.40243027,
      74231368.75524175,
      19402414.227294836,
      1098307.2619223653
   ],
   "N pairs": [
      65280,
      0,
      0,
      130050,
      0,
      0,
      324104,
      0,
      0,
      193800,
      258060,
      257048,
      449570,
      575312,
      511036,
      700020,
      1203734,
      1007972,
      1445380,
      1937042,
      2859272,
      2897116,
      3674690,
      5155474,
      5773520,
      7491838,
      9701238,
      11757186,
      14320938,
      17540114,
      22734900,
      26303374,
      34062188,
      40733820,
      50149068,
      60431004,
      72289830,
      87731826,
      102476376,
      120332462,
      140368314,
      158782298,
      178392398,
      192781200,
      200564162,
      196929652,
      173862636,
      123283452,
      50816154,
      14282052,
      1557090
   ],
   "Unweighted B(r)": [
      0.00219544684609802,
      NaN,
      NaN,
      0.0064808957034369384,
      NaN,
      NaN,
      0.01460670726372126,
      NaN,
      NaN,
      0.023465156443415937,
      0.0317927943929569,
      0.04097037921533583,
      0.05118974446924532,
      0.06724338865525349,
      0.08379740908654605,
      0.10123979589792903,
      0.12865116894387946,
      0.15927915025919265,
      0.1884860265933872,
      0.23009649297396015,
      0.28047184398202407,
      0.33807491437138876,
      0.3949568871953443,
      0.4651078712857329,
      0.5372150140015005,
      0.6135555688153173,
      0.6953052490554119,
      0.7828100167369818,
      0.8712648328868418,
      0.9632990191320153,
      1.05933210714378,
      1.1541807866676161,
      1.2437223624649414,
      1.328609738551945,
      1.4120029891056876,
      1.5015540719935212,
      1.6037643040907386,
      1.7179079459830762,
      1.8348621009077428,
      1.9287430658329854,
      1.9727380816499365,
      1.9588944756552802,
      1.922401132500173,
      1.8712319188321127,
      1.8080449311278544,
      1.9624129606346212,
      2.0211476210352926,
      1.7127907353083387,
      1.460782898982118,
      1.3585172653967956,
      0.7053588822241266
   ],
   "Weighted B(r)": [
      0.00219544684609802,
      NaN,
      NaN,
      0.0064808957034369384,
      NaN,
      NaN,
      0.01460670726372126,
      NaN,
      NaN,
      0.023465156443415937,
      0.0317927943929569,
      0.04097037921533583,
      0.05118974446924532,
      0.06724338865525349,
      0.08379740908654605,
      0.10123979589792903,
      0.12865116894387946,
      0.15927915025919265,
      0.1884860265933872,
      0.23009649297396015,
      0.28047184398202407,
      0.33807491437138876,
      0.3949568871953443,
      0.4651078712857329,
      0.5372150140015005,
      0.6135555688153173,
      0.6953052490554119,
      0.7828100167369818,
      0.8712648328868418,
      0.9632990191320153,
      1.05933210714378,
      1.1541807866676161,
      1.2437223624649414,
      1.328609738551945,
      1.4120029891056876,
      1.5015540719935212,
      1.6037643040907386,
      1.7179079459830762,
      1.8348621009077428,
      1.9287430658329854,
      1.9727380816499365,
      1.9588944756552802,
      1.922401132500173,
      1.8712319188321127,
      1.8080449311278544,
      1.9624129606346212,
      2.0211476210352926,
      1.7127907353083387,
      1.460782898982118,
      1.3585172653967956,
      0.7053588822241266
   ],
   "Unweighted sigma^2": 0.8774853684764409,
   "Apparent r0": 25.326023465689456
}