{
   "log10 r": [
      0.0,
      0.05,
      0.1,
      0.15000000000000002,
      0.2,
      0.25,
      0.30000000000000004,
      0.35000000000000003,
      0.4,
      0.45,
      0.5,
      0.55,
      0.6000000000000001,
      0.65,
      0.7000000000000001,
      0.75,
      0.8,
      0.8500000000000001,
      0.9,
      0.9500000000000001,
      1.0,
      1.05,
      1.1,
      1.1500000000000001,
      1.2000000000000002,
      1.25,
      1.3,
      1.35,
      1.4000000000000001,
      1.4500000000000002,
      1.5,
      1.55,
      1.6,
      1.6500000000000001,
      1.7000000000000002,
      1.75,
      1.8,
      1.85,
      1.9000000000000001,
      1.9500000000000002,
      2.0,
      2.0500000000000003,
      2.1,
      2.15,
      2.2,
      2.25,
      2.3000000000000003,
      2.35,
      2.4000000000000004,
      2.45,
      2.5
   ],
   "Sum dv^2": [
      63.633526566492954,
      0.0,
      0.0,
      303.9340195202254,
      0.0,
      0.0,
      1763.7783347295178,
      0.0,
      0.0,
      1765.99974337616,
      2999.823767800791,
      3873.266247506175,
      8711.599635253595,
      14766.577070566786,
      16132.898379582146,
      27451.964228279063,
      60600.315605630414,
      63311.45195105344,
      110202.75401293937,
      184632.81589158942,
      343855.783953768,
      433247.8548629775,
      667570.9160024717,
      1145622.509556068,
      1553597.4653744644,
      2403278.8597968975,
      3697713.869143704,
      5241050.097707501,
      7344338.113711238,
      10128117.97636252,
      14549262.256316079,
      18261138.81505852,
      25138951.137934525,
      31304138.762872376,
      39321309.552035384,
      47682410.640554644,
      56790263.724027835,
      68371897.64119768,
      79759949.93471438,
      94778844.19655587,
      111836703.31793383,
      126430176.20197695,
      148841762.90092948,
      183003559.04007712,
      211632327.73957664,
      210411974.00662717,
      195211136.91883573,
      159413364.8619339,
      77187285.57423064,
      18032961.21982494,
      1026207.8908552513
   ],
   "Sum weights": [
      65280.0,
      0.0,
      0.0,
      130050.0,
      0.0,
      0.0,
      324104.0,
      0.0,
      0.0,
      193800.0,
      258060.0,
      257048.0,
      449570.0,
      575312.0,
      511036.0,
      700020.0,
      1203734.0,
      1007972.0,
      1445380.0,
      1937042.0,
      2859272.0,
      2897116.0,
      3674690.0,
      5155474.0,
      5773520.0,
      7491838.0,
      9701238.0,
      11757186.0,
      14320938.0,
      17540114.0,
      22734900.0,
      26303374.0,
      34062188.0,
      40733820.0,
      50149068.0,
      60431004.0,
      72289830.0,
      87731826.0,
      102476376.0,
      120332462.0,
      140368314.0,
      158782298.0,
      178392398.0,
      192781200.0,
      200564162.0,
      196929652.0,
      173862636.0,
      123283452.0,
      50816154.0,
      14282052.0,
      1557090.0
   ],
   "Sum w * dv^2": [
      63.633526566492954,
      0.0,
      0.0,
      303.9340195202254,
      0.0,
      0.0,
      1763.7783347295178,
      0.0,
      0.0,
      1765.99974337616,
      2999.823767800791,
      3873.266247506175,
      8711.599635253595,
      14766.577070566786,
      16132.898379582146,
      27451.964228279063,
      60600.315605630414,
      63311.45195105344,
      110202.75401293937,
      184632.81589158942,
      343855.783953768,
      433247.8548629775,
      667570.9160024717,
      1145622.509556068,
      1553597.4653744644,
      2403278.8597968975,
      3697713.869143704,
      5241050.097707501,
      7344338.113711238,
      10128117.97636252,
      14549262.256316079,
      18261138.81505852,
      25138951.137934525,
      31304138.762872376,
      39321309.552035384,
      47682410.640554644,
      56790263.724027835,
      68371897.64119768,
      79759949.93471438,
      94778844.19655587,
      111836703.31793383,
      126430176.20197695,
      148841762.90092948,
      183003559.04007712,
      211632327.73957664,
      210411974.00662717,
      195211136.91883573,
      159413364.8619339,
      77187285.57423064,
      18032961.21982494,
      1026207.8908552513
   ],
   "N pairs": [
      65280,
      0,
      0,
      130050,
      0,
      0,
      324104,
      0,
      0,
      193800,
      258060,
      257048,
      449570,
      575312,
      511036,
      700020,
      1203734,
      1007972,
      1445380,
      1937042,
      2859272,
      2897116,
      3674690,
      5155474,
      5773520,
      7491838,
      9701238,
      11757186,
      14320938,
      17540114,
      22734900,
      26303374,
      34062188,
      40733820,
      50149068,
      60431004,
      72289830,
      87731826,
      102476376,
      120332462,
      140368314,
      158782298,
      178392398,
      192781200,
      200564162,
      196929652,
      173862636,
      123283452,
      50816154,
      14282052,
      1557090
   ],
   "Unweighted B(r)": [
      0.0009747782868641691,
      NaN,
      NaN,
      0.0023370551289521365,
      NaN,
      NaN,
      0.0054420134732354975,
      NaN,
      NaN,
      0.009112485775934778,
      0.011624520529337328,
      0.015068260587540752,
      0.019377626699409647,
      0.025667076422127098,
      0.03156900566610209,
      0.03921597129836157,
      0.05034361047011251,
      0.06281072485252907,
      0.07624483112602871,
      0.09531688827169954,
      0.12025990670134497,
      0.14954453147991917,
      0.18166727424693557,
      0.2222147778373178,
      0.2690901677615154,
      0.3207862823244306,
      0.3811589684887335,
      0.44577419271137675,
      0.5128391809049965,
      0.5774260062598522,
      0.6399527711279169,
      0.6942508141753418,
      0.7380310136839866,
      0.7685048631057037,
      0.7840885408286229,
      0.7890388622461848,
      0.7855913303991424,
      0.7793283322428246,
      0.7783252399042134,
      0.7876415276582296,
      0.7967375266609944,
      0.7962485604155758,
      0.8343503678947658,
      0.9492811489921067,
      1.0551851618415091,
      1.0684626305368536,
      1.1227894699516447,
      1.293063767081521,
      1.5189517407049467,
      1.262630973464103,
      0.6590549620479557
   ],
   "Weighted B(r)": [
      0.0009747782868641691,
      NaN,
      NaN,
      0.0023370551289521365,
      NaN,
      NaN,
      0.0054420134732354975,
      NaN,
      NaN,
      0.009112485775934778,
      0.011624520529337328,
      0.015068260587540752,
      0.019377626699409647,
      0.025667076422127098,
      0.03156900566610209,
      0.03921597129836157,
      0.05034361047011251,
      0.06281072485252907,
      0.07624483112602871,
      0.09531688827169954,
      0.12025990670134497,
      0.14954453147991917,
      0.18166727424693557,
      0.2222147778373178,
      0.2690901677615154,
      0.3207862823244306,
      0.3811589684887335,
      0.44577419271137675,
      0.5128391809049965,
      0.5774260062598522,
      0.6399527711279169,
      0.6942508141753418,
      0.7380310136839866,
      0.7685048631057037,
      0.7840885408286229,
      0.7890388622461848,
      0.7855913303991424,
      0.7793283322428246,
      0.7783252399042134,
      0.7876415276582296,
      0.7967375266609944,
      0.7962485604155758,
      0.8343503678947658,
      0.9492811489921067,
      1.0551851618415091,
      1.0684626305368536,
      1.1227894699516447,
      1.293063767081521,
      1.5189517407049467,
      1.262630973464103,
      0.6590549620479557
   ],
   "Unweighted sigma^2": 0.45602216533897755,
   "Apparent r0": 22.80462597417038
}