{
   "log10 r": [
      0.0,
      0.05,
      0.1,
      0.15000000000000002,
      0.2,
      0.25,
      0.30000000000000004,
      0.35000000000000003,
      0.4,
      0.45,
      0.5,
      0.55,
      0.6000000000000001,
      0.65,
      0.7000000000000001,
      0.75,
      0.8,
      0.8500000000000001,
      0.9,
      0.9500000000000001,
      1.0,
      1.05,
      1.1,
      1.1500000000000001,
      1.2000000000000002,
      1.25,
      1.3,
      1.35,
      1.4000000000000001,
      1.4500000000000002,
      1.5,
      1.55,
      1.6,
      1.6500000000000001,
      1.7000000000000002,
      1.75,
      1.8,
      1.85,
      1.9000000000000001,
      1.9500000000000002,
      2.0,
      2.0500000000000003,
      2.1,
      2.15,
      2.2,
      2.25,
      2.3000000000000003,
      2.35,
      2.4000000000000004,
      2.45,
      2.5
   ],
   "Sum dv^2": [
      11.080549288505292,
      0.0,
      0.0,
      52.35279417357778,
      0.0,
      0.0,
      256.40283232706156,
      0.0,
      0.0,
      224.50511628453722,
      378.5765996312069,
      457.73434925258397,
      952.2644392688525,
      1496.9424223152857,
      1580.0908178745437,
      2491.0028117718393,
      5136.362068798859,
      5057.4794635626495,
      8260.553111775325,
      12916.750111709098,
      22312.959796270472,
      26235.11803047194,
      37884.41689637378,
      61000.31493201359,
      77759.13497254728,
      113667.16895579029,
      165690.95203541612,
      223698.2914085782,
      301350.31100365607,
      402674.7620581128,
      564584.7776458928,
      697617.7311943268,
      950894.5927074163,
      1177132.6560256772,
      1476849.8126895528,
      1801072.68391418,
      2196665.6990644583,
      2773791.2723495443,
      3429668.424374827,
      4296440.5014274465,
      5291459.285880124,
      6095721.7477357155,
      7076895.991091232,
      8464055.871940436,
      10129731.171213666,
      11482899.654855413,
      12223674.162038788,
      9963511.861113075,
      4574109.260163744,
      1479697.6796877906,
      117937.36202550342
   ],
   "Sum weights": [
      65280.0,
      0.0,
      0.0,
      130050.0,
      0.0,
      0.0,
      324104.0,
      0.0,
      0.0,
      193800.0,
      258060.0,
      257048.0,
      449570.0,
      575312.0,
      511036.0,
      700020.0,
      1203734.0,
      1007972.0,
      1445380.0,
      1937042.0,
      2859272.0,
      2897116.0,
      3674690.0,
      5155474.0,
      5773520.0,
      7491838.0,
      9701238.0,
      11757186.0,
      14320938.0,
      17540114.0,
      22734900.0,
      26303374.0,
      34062188.0,
      40733820.0,
      50149068.0,
      60431004.0,
      72289830.0,
      87731826.0,
      102476376.0,
      120332462.0,
      140368314.0,
      158782298.0,
      178392398.0,
      192781200.0,
      200564162.0,
      196929652.0,
      173862636.0,
      123283452.0,
      50816154.0,
      14282052.0,
      1557090.0
   ],
   "Sum w * dv^2": [
      11.080549288505292,
      0.0,
      0.0,
      52.35279417357778,
      0.0,
      0.0,
      256.40283232706156,
      0.0,
      0.0,
      224.50511628453722,
      378.5765996312069,
      457.73434925258397,
      952.2644392688525,
      1496.9424223152857,
      1580.0908178745437,
      2491.0028117718393,
      5136.362068798859,
      5057.4794635626495,
      8260.553111775325,
      12916.750111709098,
      22312.959796270472,
      26235.11803047194,
      37884.41689637378,
      61000.31493201359,
      77759.13497254728,
      113667.16895579029,
      165690.95203541612,
      223698.2914085782,
      301350.31100365607,
      402674.7620581128,
      564584.7776458928,
      697617.7311943268,
      950894.5927074163,
      1177132.6560256772,
      1476849.8126895528,
      1801072.68391418,
      2196665.6990644583,
      2773791.2723495443,
      3429668.424374827,
      4296440.5014274465,
      5291459.285880124,
      6095721.7477357155,
      7076895.991091232,
      8464055.871940436,
      10129731.171213666,
      11482899.654855413,
      12223674.162038788,
      9963511.861113075,
      4574109.260163744,
      1479697.6796877906,
      117937.36202550342
   ],
   "N pairs": [
      65280,
      0,
      0,
      130050,
      0,
      0,
      324104,
      0,
      0,
      193800,
      258060,
      257048,
      449570,
      575312,
      511036,
      700020,
      1203734,
      1007972,
      1445380,
      1937042,
      2859272,
      2897116,
      3674690,
      5155474,
      5773520,
      7491838,
      9701238,
      11757186,
      14320938,
      17540114,
      22734900,
      26303374,
      34062188,
      40733820,
      50149068,
      60431004,
      72289830,
      87731826,
      102476376,
      120332462,
      140368314,
      158782298,
      178392398,
      192781200,
      200564162,
      196929652,
      173862636,
      123283452,
      50816154,
      14282052,
      1557090
   ],
   "Unweighted B(r)": [
      0.00016973880650283842,
      NaN,
      NaN,
      0.00040255897096176684,
      NaN,
      NaN,
      0.0007911128289902672,
      NaN,
      NaN,
      0.0011584371325311519,
      0.001467009996245861,
      0.001780734918196539,
      0.002118167224834514,
      0.002601966276238434,
      0.0030919364151929486,
      0.0035584737747090646,
      0.004267024167132322,
      0.005017480112108917,
      0.005715142807964221,
      0.0066682860318511925,
      0.007803720596106446,
      0.009055598060440775,
      0.010309554519258437,
      0.011832144809965793,
      0.013468236876731574,
      0.015172133854975279,
      0.01707936162739396,
      0.01902651632870129,
      0.02104263777998732,
      0.02295736288020208,
      0.0248333961286785,
      0.026521986540370326,
      0.027916427233253962,
      0.02889816511256929,
      0.029449197594052054,
      0.029803785552101367,
      0.030386925782844673,
      0.0316167051207796,
      0.03346789336475782,
      0.03570475023961071,
      0.03769696404474961,
      0.038390436619929226,
      0.03967038994055807,
      0.04390498592155478,
      0.05050618749731403,
      0.058309652905167444,
      0.07030650427984302,
      0.0808179175670152,
      0.09001289747673041,
      0.1036053978579402,
      0.07574216135580052
   ],
   "Weighted B(r)": [
      0.00016973880650283842,
      NaN,
      NaN,
      0.00040255897096176684,
      NaN,
      NaN,
      0.0007911128289902672,
      NaN,
      NaN,
      0.0011584371325311519,
      0.001467009996245861,
      0.001780734918196539,
      0.002118167224834514,
      0.002601966276238434,
      0.0030919364151929486,
      0.0035584737747090646,
      0.004267024167132322,
      0.005017480112108917,
      0.005715142807964221,
      0.0066682860318511925,
      0.007803720596106446,
      0.009055598060440775,
      0.010309554519258437,
      0.011832144809965793,
      0.013468236876731574,
      0.015172133854975279,
      0.01707936162739396,
      0.01902651632870129,
      0.02104263777998732,
      0.02295736288020208,
      0.0248333961286785,
      0.026521986540370326,
      0.027916427233253962,
      0.02889816511256929,
      0.029449197594052054,
      0.029803785552101367,
      0.030386925782844673,
      0.0316167051207796,
      0.03346789336475782,
      0.03570475023961071,
      0.03769696404474961,
      0.038390436619929226,
      0.03967038994055807,
      0.04390498592155478,
      0.05050618749731403,
      0.058309652905167444,
      0.07030650427984302,
      0.0808179175670152,
      0.09001289747673041,
      0.1036053978579402,
      0.07574216135580052
   ],
   "Unweighted sigma^2": 0.022836800906375847,
   "Apparent r0": 27.990841697988355
}