{
   "log10 r": [
      0.0,
      0.05,
      0.1,
      0.15000000000000002,
      0.2,
      0.25,
      0.30000000000000004,
      0.35000000000000003,
      0.4,
      0.45,
      0.5,
      0.55,
      0.6000000000000001,
      0.65,
      0.7000000000000001,
      0.75,
      0.8,
      0.8500000000000001,
      0.9,
      0.9500000000000001,
      1.0,
      1.05,
      1.1,
      1.1500000000000001,
      1.2000000000000002,
      1.25,
      1.3,
      1.35,
      1.4000000000000001,
      1.4500000000000002,
      1.5,
      1.55,
      1.6,
      1.6500000000000001,
      1.7000000000000002,
      1.75,
      1.8,
      1.85,
      1.9000000000000001,
      1.9500000000000002,
      2.0,
      2.0500000000000003,
      2.1,
      2.15,
      2.2,
      2.25,
      2.3000000000000003,
      2.35,
      2.4000000000000004,
      2.45,
      2.5
   ],
   "Sum dv^2": [
      22.272409201823294,
      0.0,
      0.0,
      95.44249551966017,
      0.0,
      0.0,
      564.7367649873108,
      0.0,
      0.0,
      578.7142873284531,
      948.7514597349024,
      1227.8249412731132,
      2807.3143106497914,
      4773.833200796916,
      5165.821259701666,
      8919.473067338946,
      19749.975127099802,
      20667.789338315946,
      36399.37312510664,
      61612.25856797174,
      116545.95974832414,
      149167.05118626993,
      234628.3736737914,
      412301.8342880857,
      576303.8235777545,
      924106.7475256558,
      1484393.33033326,
      2218979.3428799827,
      3297104.622154031,
      4870867.765271471,
      7578304.487253285,
      10375257.553674309,
      15687722.158907097,
      21586528.595312864,
      29987480.048448067,
      40015767.08234974,
      51974803.53796118,
      67430244.49233398,
      83219796.74168779,
      102779398.84660624,
      126495060.42396042,
      150353373.29361594,
      174186669.5343737,
      185193916.6979605,
      177467236.38013557,
      149376512.8925604,
      111542421.67680474,
      79890225.21558803,
      42783723.36393497,
      11734715.653818322,
      516079.9355680225
   ],
   "Sum weights": [
      65280.0,
      0.0,
      0.0,
      130050.0,
      0.0,
      0.0,
      324104.0,
      0.0,
      0.0,
      193800.0,
      258060.0,
      257048.0,
      449570.0,
      575312.0,
      511036.0,
      700020.0,
      1203734.0,
      1007972.0,
      1445380.0,
      1937042.0,
      2859272.0,
      2897116.0,
      3674690.0,
      5155474.0,
      5773520.0,
      7491838.0,
      9701238.0,
      11757186.0,
      14320938.0,
      17540114.0,
      22734900.0,
      26303374.0,
      34062188.0,
      40733820.0,
      50149068.0,
      60431004.0,
      72289830.0,
      87731826.0,
      102476376.0,
      120332462.0,
      140368314.0,
      158782298.0,
      178392398.0,
      192781200.0,
      200564162.0,
      196929652.0,
      173862636.0,
      123283452.0,
      50816154.0,
      14282052.0,
      1557090.0
   ],
   "Sum w * dv^2": [
      22.272409201823294,
      0.0,
      0.0,
      95.44249551966017,
      0.0,
      0.0,
      564.7367649873108,
      0.0,
      0.0,
      578.7142873284531,
      948.7514597349024,
      1227.8249412731132,
      2807.3143106497914,
      4773.833200796916,
      5165.821259701666,
      8919.473067338946,
      19749.975127099802,
      20667.789338315946,
      36399.37312510664,
      61612.25856797174,
      116545.95974832414,
      149167.05118626993,
      234628.3736737914,
      412301.8342880857,
      576303.8235777545,
      924106.7475256558,
      1484393.33033326,
      2218979.3428799827,
      3297104.622154031,
      4870867.765271471,
      7578304.487253285,
      10375257.553674309,
      15687722.158907097,
      21586528.595312864,
      29987480.048448067,
      40015767.08234974,
      51974803.53796118,
      67430244.49233398,
      83219796.74168779,
      102779398.84660624,
      126495060.42396042,
      150353373.29361594,
      174186669.5343737,
      185193916.6979605,
      177467236.38013557,
      149376512.8925604,
      111542421.67680474,
      79890225.21558803,
      42783723.36393497,
      11734715.653818322,
      516079.9355680225
   ],
   "N pairs": [
      65280,
      0,
      0,
      130050,
      0,
      0,
      324104,
      0,
      0,
      193800,
      258060,
      257048,
      449570,
      575312,
      511036,
      700020,
      1203734,
      1007972,
      1445380,
      1937042,
      2859272,
      2897116,
      3674690,
      5155474,
      5773520,
      7491838,
      9701238,
      11757186,
      14320938,
      17540114,
      22734900,
      26303374,
      34062188,
      40733820,
      50149068,
      60431004,
      72289830,
      87731826,
      102476376,
      120332462,
      140368314,
      158782298,
      178392398,
      192781200,
      200564162,
      196929652,
      173862636,
      123283452,
      50816154,
      14282052,
      1557090
   ],
   "Unweighted B(r)": [
      0.0003411827389985186,
      NaN,
      NaN,
      0.0007338907767755492,
      NaN,
      NaN,
      0.001742455400079329,
      NaN,
      NaN,
      0.0029861418334801502,
      0.0036764762448070307,
      0.004776636819866769,
      0.006244443158239632,
      0.008297816142887538,
      0.01010852710905233,
      0.012741740332189003,
      0.016407258685971985,
      0.02050432882889202,
      0.02518325500913714,
      0.031807394247503014,
      0.04076071103005385,
      0.05148811824803354,
      0.06384984139445542,
      0.07997360364693638,
      0.09981845106239427,
      0.12334846903065119,
      0.15301071165693078,
      0.18873388095416563,
      0.23022965549840596,
      0.2776987518593933,
      0.3333335307062395,
      0.394445881873341,
      0.4605611993835245,
      0.5299411789837748,
      0.5979668465313865,
      0.6621727992861038,
      0.7189780849942679,
      0.7685950192389017,
      0.8120876243875739,
      0.85412861283106,
      0.9011653472161846,
      0.9469152115030854,
      0.9764242842588713,
      0.9606430331275067,
      0.8848402157716271,
      0.7585272780178396,
      0.641554874831213,
      0.6480206704107218,
      0.8419315512137139,
      0.8216407315852318,
      0.3314387322300076
   ],
   "Weighted B(r)": [
      0.0003411827389985186,
      NaN,
      NaN,
      0.0007338907767755492,
      NaN,
      NaN,
      0.001742455400079329,
      NaN,
      NaN,
      0.0029861418334801502,
      0.0036764762448070307,
      0.004776636819866769,
      0.006244443158239632,
      0.008297816142887538,
      0.01010852710905233,
      0.012741740332189003,
      0.016407258685971985,
      0.02050432882889202,
      0.02518325500913714,
      0.031807394247503014,
      0.04076071103005385,
      0.05148811824803354,
      0.06384984139445542,
      0.07997360364693638,
      0.09981845106239427,
      0.12334846903065119,
      0.15301071165693078,
      0.18873388095416563,
      0.23022965549840596,
      0.2776987518593933,
      0.3333335307062395,
      0.394445881873341,
      0.4605611993835245,
      0.5299411789837748,
      0.5979668465313865,
      0.6621727992861038,
      0.7189780849942679,
      0.7685950192389017,
      0.8120876243875739,
      0.85412861283106,
      0.9011653472161846,
      0.9469152115030854,
      0.9764242842588713,
      0.9606430331275067,
      0.8848402157716271,
      0.7585272780178396,
      0.641554874831213,
      0.6480206704107218,
      0.8419315512137139,
      0.8216407315852318,
      0.3314387322300076
   ],
   "Unweighted sigma^2": 0.3866267877002617,
   "Apparent r0": 34.987650469392385
}