{
   "log10 r": [
      0.0,
      0.05,
      0.1,
      0.15000000000000002,
      0.2,
      0.25,
      0.30000000000000004,
      0.35000000000000003,
      0.4,
      0.45,
      0.5,
      0.55,
      0.6000000000000001,
      0.65,
      0.7000000000000001,
      0.75,
      0.8,
      0.8500000000000001,
      0.9,
      0.9500000000000001,
      1.0,
      1.05,
      1.1,
      1.1500000000000001,
      1.2000000000000002,
      1.25,
      1.3,
      1.35,
      1.4000000000000001,
      1.4500000000000002,
      1.5,
      1.55,
      1.6,
      1.6500000000000001,
      1.7000000000000002,
      1.75,
      1.8,
      1.85,
      1.9000000000000001,
      1.9500000000000002,
      2.0,
      2.0500000000000003,
      2.1,
      2.15,
      2.2,
      2.25,
      2.3000000000000003,
      2.35,
      2.4000000000000004,
      2.45,
      2.5
   ],
   "Sum dv^2": [
      2.0335646242196406,
      0.0,
      0.0,
      12.316800411015466,
      0.0,
      0.0,
      69.20261694820752,
      0.0,
      0.0,
      66.44341795918933,
      120.97513543237515,
      155.53620147410905,
      340.8336189005434,
      575.4991515944525,
      641.5555592215252,
      1066.480586092275,
      2350.0483052449467,
      2455.8605899085514,
      4208.991276382743,
      6971.667570720654,
      12755.14501463944,
      15830.357460337134,
      23899.989350758467,
      40264.31724773231,
      53344.217221457446,
      80734.34438254403,
      121517.89568776685,
      168825.89639274805,
      232906.67081490235,
      317491.5334656338,
      452974.9157732783,
      567648.1813762605,
      783065.2408492628,
      979528.6424294029,
      1239860.214799845,
      1524619.8303490148,
      1872722.4826822293,
      2379089.07066539,
      2963719.8737270664,
      3739840.1406638958,
      4624800.954841592,
      5368399.330782602,
      6269062.507959534,
      7561420.908662383,
      9160256.858726423,
      10530673.485245978,
      11323469.158856045,
      9306580.328753533,
      4306146.561947107,
      1396629.35192341,
      114191.75448975075
   ],
   "Sum weights": [
      65280.0,
      0.0,
      0.0,
      130050.0,
      0.0,
      0.0,
      324104.0,
      0.0,
      0.0,
      193800.0,
      258060.0,
      257048.0,
      449570.0,
      575312.0,
      511036.0,
      700020.0,
      1203734.0,
      1007972.0,
      1445380.0,
      1937042.0,
      2859272.0,
      2897116.0,
      3674690.0,
      5155474.0,
      5773520.0,
      7491838.0,
      9701238.0,
      11757186.0,
      14320938.0,
      17540114.0,
      22734900.0,
      26303374.0,
      34062188.0,
      40733820.0,
      50149068.0,
      60431004.0,
      72289830.0,
      87731826.0,
      102476376.0,
      120332462.0,
      140368314.0,
      158782298.0,
      178392398.0,
      192781200.0,
      200564162.0,
      196929652.0,
      173862636.0,
      123283452.0,
      50816154.0,
      14282052.0,
      1557090.0
   ],
   "Sum w * dv^2": [
      2.0335646242196406,
      0.0,
      0.0,
      12.316800411015466,
      0.0,
      0.0,
      69.20261694820752,
      0.0,
      0.0,
      66.44341795918933,
      120.97513543237515,
      155.53620147410905,
      340.8336189005434,
      575.4991515944525,
      641.5555592215252,
      1066.480586092275,
      2350.0483052449467,
      2455.8605899085514,
      4208.991276382743,
      6971.667570720654,
      12755.14501463944,
      15830.357460337134,
      23899.989350758467,
      40264.31724773231,
      53344.217221457446,
      80734.34438254403,
      121517.89568776685,
      168825.89639274805,
      232906.67081490235,
      317491.5334656338,
      452974.9157732783,
      567648.1813762605,
      783065.2408492628,
      979528.6424294029,
      1239860.214799845,
      1524619.8303490148,
      1872722.4826822293,
      2379089.07066539,
      2963719.8737270664,
      3739840.1406638958,
      4624800.954841592,
      5368399.330782602,
      6269062.507959534,
      7561420.908662383,
      9160256.858726423,
      10530673.485245978,
      11323469.158856045,
      9306580.328753533,
      4306146.561947107,
      1396629.35192341,
      114191.75448975075
   ],
   "N pairs": [
      65280,
      0,
      0,
      130050,
      0,
      0,
      324104,
      0,
      0,
      193800,
      258060,
      257048,
      449570,
      575312,
      511036,
      700020,
      1203734,
      1007972,
      1445380,
      1937042,
      2859272,
      2897116,
      3674690,
      5155474,
      5773520,
      7491838,
      9701238,
      11757186,
      14320938,
      17540114,
      22734900,
      26303374,
      34062188,
      40733820,
      50149068,
      60431004,
      72289830,
      87731826,
      102476376,
      120332462,
      140368314,
      158782298,
      178392398,
      192781200,
      200564162,
      196929652,
      173862636,
      123283452,
      50816154,
      14282052,
      1557090
   ],
   "Unweighted B(r)": [
      3.115141887591361e-05,
      NaN,
      NaN,
      9.470819231845802e-05,
      NaN,
      NaN,
      0.0002135197866987372,
      NaN,
      NaN,
      0.0003428452939070657,
      0.0004687868535703912,
      0.0006050862153142956,
      0.0007581324797040358,
      0.0010003253045207689,
      0.0012554018879717382,
      0.0015235001658413687,
      0.0019522986849627466,
      0.002436437311659998,
      0.002912030937457792,
      0.0035991308245875175,
      0.004460976435484081,
      0.005464177982634155,
      0.006503947095063385,
      0.007810012667648467,
      0.009239461753221162,
      0.010776306746427784,
      0.012526019430485764,
      0.01435937956520787,
      0.01626336702350798,
      0.01810088198204606,
      0.019924209729239112,
      0.02158081246064708,
      0.022989281864372976,
      0.024047060708507154,
      0.024723494657963432,
      0.025229099790382677,
      0.02590575303168135,
      0.02711774254721873,
      0.028921005888489525,
      0.031079228983646123,
      0.032947613482353234,
      0.03380981002543874,
      0.035141982384022524,
      0.03922281274658724,
      0.045672450987163014,
      0.053474290835825875,
      0.065128824797388,
      0.07548929055582847,
      0.08473971804216249,
      0.09778912385443003,
      0.07333664366847821
   ],
   "Weighted B(r)": [
      3.115141887591361e-05,
      NaN,
      NaN,
      9.470819231845802e-05,
      NaN,
      NaN,
      0.0002135197866987372,
      NaN,
      NaN,
      0.0003428452939070657,
      0.0004687868535703912,
      0.0006050862153142956,
      0.0007581324797040358,
      0.0010003253045207689,
      0.0012554018879717382,
      0.0015235001658413687,
      0.0019522986849627466,
      0.002436437311659998,
      0.002912030937457792,
      0.0035991308245875175,
      0.004460976435484081,
      0.005464177982634155,
      0.006503947095063385,
      0.007810012667648467,
      0.009239461753221162,
      0.010776306746427784,
      0.012526019430485764,
      0.01435937956520787,
      0.01626336702350798,
      0.01810088198204606,
      0.019924209729239112,
      0.02158081246064708,
      0.022989281864372976,
      0.024047060708507154,
      0.024723494657963432,
      0.025229099790382677,
      0.02590575303168135,
      0.02711774254721873,
      0.028921005888489525,
      0.031079228983646123,
      0.032947613482353234,
      0.03380981002543874,
      0.035141982384022524,
      0.03922281274658724,
      0.045672450987163014,
      0.053474290835825875,
      0.065128824797388,
      0.07548929055582847,
      0.08473971804216249,
      0.09778912385443003,
      0.07333664366847821
   ],
   "Unweighted sigma^2": 0.02045628095607661,
   "Apparent r0": 32.86207794376054
}