{
   "log10 r": [
      0.0,
      0.05,
      0.1,
      0.15000000000000002,
      0.2,
      0.25,
      0.30000000000000004,
      0.35000000000000003,
      0.4,
      0.45,
      0.5,
      0.55,
      0.6000000000000001,
      0.65,
      0.7000000000000001,
      0.75,
      0.8,
      0.8500000000000001,
      0.9,
      0.9500000000000001,
      1.0,
      1.05,
      1.1,
      1.1500000000000001,
      1.2000000000000002,
      1.25,
      1.3,
      1.35,
      1.4000000000000001,
      1.4500000000000002,
      1.5,
      1.55,
      1.6,
      1.6500000000000001,
      1.7000000000000002,
      1.75,
      1.8,
      1.85,
      1.9000000000000001,
      1.9500000000000002,
      2.0,
      2.0500000000000003,
      2.1,
      2.15,
      2.2,
      2.25,
      2.3000000000000003,
      2.35,
      2.4000000000000004,
      2.45,
      2.5
   ],
   "Sum dv^2": [
      6.345303692213706,
      0.0,
      0.0,
      36.99703606377296,
      0.0,
      0.0,
      201.617261564201,
      0.0,
      0.0,
      187.36535883870582,
      334.52243202740686,
      418.8486384450245,
      891.5622670362627,
      1449.5621637654485,
      1576.1830405351732,
      2526.3827755858283,
      5344.513999071154,
      5382.294172649794,
      8899.53132169684,
      14148.552920442353,
      24779.033627294986,
      29564.3269422243,
      43057.891598379916,
      70065.31531394113,
      89723.34416219579,
      131871.03605373518,
      192834.89188746066,
      261726.48571359497,
      353674.6993114874,
      474382.09263499465,
      667733.8977523384,
      831037.1070590884,
      1149161.656524153,
      1455940.3603864715,
      1883757.3106180748,
      2369596.8623101823,
      2937874.43799574,
      3683000.4995247927,
      4462705.315103906,
      5406154.556913054,
      6408258.961987453,
      7267113.725136942,
      7927891.918313532,
      8073548.56944015,
      7975005.642398909,
      7572969.0012839595,
      6539006.837180155,
      5647339.218251472,
      3126319.396110448,
      834947.6461396563,
      51776.58709467401
   ],
   "Sum weights": [
      65280.0,
      0.0,
      0.0,
      130050.0,
      0.0,
      0.0,
      324104.0,
      0.0,
      0.0,
      193800.0,
      258060.0,
      257048.0,
      449570.0,
      575312.0,
      511036.0,
      700020.0,
      1203734.0,
      1007972.0,
      1445380.0,
      1937042.0,
      2859272.0,
      2897116.0,
      3674690.0,
      5155474.0,
      5773520.0,
      7491838.0,
      9701238.0,
      11757186.0,
      14320938.0,
      17540114.0,
      22734900.0,
      26303374.0,
      34062188.0,
      40733820.0,
      50149068.0,
      60431004.0,
      72289830.0,
      87731826.0,
      102476376.0,
      120332462.0,
      140368314.0,
      158782298.0,
      178392398.0,
      192781200.0,
      200564162.0,
      196929652.0,
      173862636.0,
      123283452.0,
      50816154.0,
      14282052.0,
      1557090.0
   ],
   "Sum w * dv^2": [
      6.345303692213706,
      0.0,
      0.0,
      36.99703606377296,
      0.0,
      0.0,
      201.617261564201,
      0.0,
      0.0,
      187.36535883870582,
      334.52243202740686,
      418.8486384450245,
      891.5622670362627,
      1449.5621637654485,
      1576.1830405351732,
      2526.3827755858283,
      5344.513999071154,
      5382.294172649794,
      8899.53132169684,
      14148.552920442353,
      24779.033627294986,
      29564.3269422243,
      43057.891598379916,
      70065.31531394113,
      89723.34416219579,
      131871.03605373518,
      192834.89188746066,
      261726.48571359497,
      353674.6993114874,
      474382.09263499465,
      667733.8977523384,
      831037.1070590884,
      1149161.656524153,
      1455940.3603864715,
      1883757.3106180748,
      2369596.8623101823,
      2937874.43799574,
      3683000.4995247927,
      4462705.315103906,
      5406154.556913054,
      6408258.961987453,
      7267113.725136942,
      7927891.918313532,
      8073548.56944015,
      7975005.642398909,
      7572969.0012839595,
      6539006.837180155,
      5647339.218251472,
      3126319.396110448,
      834947.6461396563,
      51776.58709467401
   ],
   "N pairs": [
      65280,
      0,
      0,
      130050,
      0,
      0,
      324104,
      0,
      0,
      193800,
      258060,
      257048,
      449570,
      575312,
      511036,
      700020,
      1203734,
      1007972,
      1445380,
      1937042,
      2859272,
      2897116,
      3674690,
      5155474,
      5773520,
      7491838,
      9701238,
      11757186,
      14320938,
      17540114,
      22734900,
      26303374,
      34062188,
      40733820,
      50149068,
      60431004,
      72289830,
      87731826,
      102476376,
      120332462,
      140368314,
      158782298,
      178392398,
      192781200,
      200564162,
      196929652,
      173862636,
      123283452,
      50816154,
      14282052,
      1557090
   ],
   "Unweighted B(r)": [
      9.720134332435212e-05,
      NaN,
      NaN,
      0.0002844831685026756,
      NaN,
      NaN,
      0.0006220758199966708,
      NaN,
      NaN,
      0.0009667975172275841,
      0.0012962971093056145,
      0.0016294569047221705,
      0.0019831444870348617,
      0.00251961051353952,
      0.0030842896401333236,
      0.0036090151361187228,
      0.0044399460338174,
      0.00533972587795077,
      0.006157226004024437,
      0.007304205546623332,
      0.008666203714545167,
      0.010204743939222419,
      0.011717421496338443,
      0.013590470112727002,
      0.01554049248330235,
      0.01760196043397297,
      0.019877348838103,
      0.022260980281641796,
      0.024696336183529833,
      0.027045553559970858,
      0.029370434783189653,
      0.03159431588734922,
      0.03373716499140199,
      0.03574278966191905,
      0.03756315691884991,
      0.03921160837093129,
      0.04064021782864533,
      0.04198021023208605,
      0.04354862544225711,
      0.04492681747767326,
      0.045653173279458586,
      0.045767782786069404,
      0.04444074975836993,
      0.04187933558583591,
      0.03976286472554807,
      0.03845519922659468,
      0.03761019036419162,
      0.045807763545195605,
      0.06152215683442804,
      0.058461322374379836,
      0.03325214797774953
   ],
   "Weighted B(r)": [
      9.720134332435212e-05,
      NaN,
      NaN,
      0.0002844831685026756,
      NaN,
      NaN,
      0.0006220758199966708,
      NaN,
      NaN,
      0.0009667975172275841,
      0.0012962971093056145,
      0.0016294569047221705,
      0.0019831444870348617,
      0.00251961051353952,
      0.0030842896401333236,
      0.0036090151361187228,
      0.0044399460338174,
      0.00533972587795077,
      0.006157226004024437,
      0.007304205546623332,
      0.008666203714545167,
      0.010204743939222419,
      0.011717421496338443,
      0.013590470112727002,
      0.01554049248330235,
      0.01760196043397297,
      0.019877348838103,
      0.022260980281641796,
      0.024696336183529833,
      0.027045553559970858,
      0.029370434783189653,
      0.03159431588734922,
      0.03373716499140199,
      0.03574278966191905,
      0.03756315691884991,
      0.03921160837093129,
      0.04064021782864533,
      0.04198021023208605,
      0.04354862544225711,
      0.04492681747767326,
      0.045653173279458586,
      0.045767782786069404,
      0.04444074975836993,
      0.04187933558583591,
      0.03976286472554807,
      0.03845519922659468,
      0.03761019036419162,
      0.045807763545195605,
      0.06152215683442804,
      0.058461322374379836,
      0.03325214797774953
   ],
   "Unweighted sigma^2": 0.020564572451901842,
   "Apparent r0": 20.654538091357978
}