{
   "log10 r": [
      0.0,
      0.05,
      0.1,
      0.15000000000000002,
      0.2,
      0.25,
      0.30000000000000004,
      0.35000000000000003,
      0.4,
      0.45,
      0.5,
      0.55,
      0.6000000000000001,
      0.65,
      0.7000000000000001,
      0.75,
      0.8,
      0.8500000000000001,
      0.9,
      0.9500000000000001,
      1.0,
      1.05,
      1.1,
      1.1500000000000001,
      1.2000000000000002,
      1.25,
      1.3,
      1.35,
      1.4000000000000001,
      1.4500000000000002,
      1.5,
      1.55,
      1.6,
      1.6500000000000001,
      1.7000000000000002,
      1.75,
      1.8,
      1.85,
      1.9000000000000001,
      1.9500000000000002,
      2.0,
      2.0500000000000003,
      2.1,
      2.15,
      2.2,
      2.25,
      2.3000000000000003,
      2.35,
      2.4000000000000004,
      2.45,
      2.5
   ],
   "Sum dv^2": [
      3.152981784317931,
      0.0,
      0.0,
      20.62249865082858,
      0.0,
      0.0,
      115.18701599026278,
      0.0,
      0.0,
      110.07575002573613,
      204.03458318794105,
      264.70069404736626,
      577.4657768737874,
      987.7946746705577,
      1107.7036895803985,
      1857.720384283002,
      4164.167303996403,
      4448.094589757634,
      7719.45424361292,
      13126.009509483722,
      24721.516553224956,
      31982.34612417214,
      50202.94431860403,
      89358.1465350721,
      125117.06567914039,
      202746.4742798334,
      328432.51704078255,
      499242.79394053784,
      755489.1092196474,
      1144392.386568345,
      1836251.0705167304,
      2612540.994451823,
      4140695.862193499,
      6039356.320563219,
      9002658.838463249,
      13025907.106368907,
      18502196.245843578,
      26342043.545345202,
      35546068.168656744,
      47262585.32550201,
      60945203.24616623,
      74244030.16162492,
      87298613.04032029,
      96753184.23177165,
      102418969.54496339,
      102047234.54621008,
      87795702.21879226,
      53972857.32598721,
      16663793.853494154,
      2649384.291428118,
      74218.1069515505
   ],
   "Sum weights": [
      65280.0,
      0.0,
      0.0,
      130050.0,
      0.0,
      0.0,
      324104.0,
      0.0,
      0.0,
      193800.0,
      258060.0,
      257048.0,
      449570.0,
      575312.0,
      511036.0,
      700020.0,
      1203734.0,
      1007972.0,
      1445380.0,
      1937042.0,
      2859272.0,
      2897116.0,
      3674690.0,
      5155474.0,
      5773520.0,
      7491838.0,
      9701238.0,
      11757186.0,
      14320938.0,
      17540114.0,
      22734900.0,
      26303374.0,
      34062188.0,
      40733820.0,
      50149068.0,
      60431004.0,
      72289830.0,
      87731826.0,
      102476376.0,
      120332462.0,
      140368314.0,
      158782298.0,
      178392398.0,
      192781200.0,
      200564162.0,
      196929652.0,
      173862636.0,
      123283452.0,
      50816154.0,
      14282052.0,
      1557090.0
   ],
   "Sum w * dv^2": [
      3.152981784317931,
      0.0,
      0.0,
      20.62249865082858,
      0.0,
      0.0,
      115.18701599026278,
      0.0,
      0.0,
      110.07575002573613,
      204.03458318794105,
      264.70069404736626,
      577.4657768737874,
      987.7946746705577,
      1107.7036895803985,
      1857.720384283002,
      4164.167303996403,
      4448.094589757634,
      7719.45424361292,
      13126.009509483722,
      24721.516553224956,
      31982.34612417214,
      50202.94431860403,
      89358.1465350721,
      125117.06567914039,
      202746.4742798334,
      328432.51704078255,
      499242.79394053784,
      755489.1092196474,
      1144392.386568345,
      1836251.0705167304,
      2612540.994451823,
      4140695.862193499,
      6039356.320563219,
      9002658.838463249,
      13025907.106368907,
      18502196.245843578,
      26342043.545345202,
      35546068.168656744,
      47262585.32550201,
      60945203.24616623,
      74244030.16162492,
      87298613.04032029,
      96753184.23177165,
      102418969.54496339,
      102047234.54621008,
      87795702.21879226,
      53972857.32598721,
      16663793.853494154,
      2649384.291428118,
      74218.1069515505
   ],
   "N pairs": [
      65280,
      0,
      0,
      130050,
      0,
      0,
      324104,
      0,
      0,
      193800,
      258060,
      257048,
      449570,
      575312,
      511036,
      700020,
      1203734,
      1007972,
      1445380,
      1937042,
      2859272,
      2897116,
      3674690,
      5155474,
      5773520,
      7491838,
      9701238,
      11757186,
      14320938,
      17540114,
      22734900,
      26303374,
      34062188,
      40733820,
      50149068,
      60431004,
      72289830,
      87731826,
      102476376,
      120332462,
      140368314,
      158782298,
      178392398,
      192781200,
      200564162,
      196929652,
      173862636,
      123283452,
      50816154,
      14282052,
      1557090
   ],
   "Unweighted B(r)": [
      4.82993533136938e-05,
      NaN,
      NaN,
      0.00015857361515439123,
      NaN,
      NaN,
      0.0003554014019890615,
      NaN,
      NaN,
      0.0005679863262421885,
      0.00079064784619058,
      0.0010297714592113778,
      0.0012844846784122324,
      0.0017169721380234685,
      0.0021675648869754743,
      0.0026538104401059998,
      0.0034593749981278277,
      0.00441291483271126,
      0.005340778372201719,
      0.006776316419305168,
      0.008646087729053044,
      0.011039373682024517,
      0.01366181754613424,
      0.01733267329736744,
      0.021670846499040514,
      0.02706231425183425,
      0.03385470153817302,
      0.04246277926882656,
      0.05275416381382612,
      0.06524429582204226,
      0.08076794138160848,
      0.0993234173856108,
      0.12156282685638102,
      0.14826393204868138,
      0.17951796907697765,
      0.21555006940425658,
      0.25594466394295823,
      0.3002564148766857,
      0.3468708550803626,
      0.3927667109935971,
      0.43418063172124605,
      0.46758379930755833,
      0.4893628541296939,
      0.5018808070069677,
      0.5106543887185757,
      0.5181913110079028,
      0.5049716502560807,
      0.4377948252616029,
      0.32792316107775793,
      0.18550445632239107,
      0.04766462243772068
   ],
   "Weighted B(r)": [
      4.82993533136938e-05,
      NaN,
      NaN,
      0.00015857361515439123,
      NaN,
      NaN,
      0.0003554014019890615,
      NaN,
      NaN,
      0.0005679863262421885,
      0.00079064784619058,
      0.0010297714592113778,
      0.0012844846784122324,
      0.0017169721380234685,
      0.0021675648869754743,
      0.0026538104401059998,
      0.0034593749981278277,
      0.00441291483271126,
      0.005340778372201719,
      0.006776316419305168,
      0.008646087729053044,
      0.011039373682024517,
      0.01366181754613424,
      0.01733267329736744,
      0.021670846499040514,
      0.02706231425183425,
      0.03385470153817302,
      0.04246277926882656,
      0.05275416381382612,
      0.06524429582204226,
      0.08076794138160848,
      0.0993234173856108,
      0.12156282685638102,
      0.14826393204868138,
      0.17951796907697765,
      0.21555006940425658,
      0.25594466394295823,
      0.3002564148766857,
      0.3468708550803626,
      0.3927667109935971,
      0.43418063172124605,
      0.46758379930755833,
      0.4893628541296939,
      0.5018808070069677,
      0.5106543887185757,
      0.5181913110079028,
      0.5049716502560807,
      0.4377948252616029,
      0.32792316107775793,
      0.18550445632239107,
      0.04766462243772068
   ],
   "Unweighted sigma^2": 0.19894503224136856,
   "Apparent r0": 53.41590667639991
}