{
   "log10 r": [
      0.0,
      0.05,
      0.1,
      0.15000000000000002,
      0.2,
      0.25,
      0.30000000000000004,
      0.35000000000000003,
      0.4,
      0.45,
      0.5,
      0.55,
      0.6000000000000001,
      0.65,
      0.7000000000000001,
      0.75,
      0.8,
      0.8500000000000001,
      0.9,
      0.9500000000000001,
      1.0,
      1.05,
      1.1,
      1.1500000000000001,
      1.2000000000000002,
      1.25,
      1.3,
      1.35,
      1.4000000000000001,
      1.4500000000000002,
      1.5,
      1.55,
      1.6,
      1.6500000000000001,
      1.7000000000000002,
      1.75,
      1.8,
      1.85,
      1.9000000000000001,
      1.9500000000000002,
      2.0,
      2.0500000000000003,
      2.1,
      2.15,
      2.2,
      2.25,
      2.3000000000000003,
      2.35,
      2.4000000000000004,
      2.45,
      2.5
   ],
   "Sum dv^2": [
      47.80852059555319,
      0.0,
      0.0,
      306.0259382890898,
      0.0,
      0.0,
      1711.6489418629185,
      0.0,
      0.0,
      1634.8148370972738,
      3021.445670612186,
      3906.4957390235354,
      8524.123282050296,
      14508.090246965041,
      16255.852021482018,
      27127.211362754297,
      60417.25935097793,
      64048.48699813986,
      110401.40430522648,
      185613.79971285208,
      344534.19710528397,
      437613.26830483635,
      672935.117966491,
      1165967.9952791228,
      1580561.0177691488,
      2464739.883631793,
      3807807.427836362,
      5473579.6694122255,
      7771850.978781858,
      10963420.281106964,
      16199962.225790823,
      21076744.38897817,
      30312337.4127623,
      39908863.99764185,
      53708005.65277805,
      70417876.3185178,
      91507151.58052608,
      120566180.62152414,
      151932637.03380805,
      188818301.9758304,
      226143418.48445183,
      255035982.62066165,
      280863019.4245915,
      293622637.480367,
      296687940.27424574,
      312718421.68646467,
      285650755.75778747,
      168909797.85526007,
      56823563.23738995,
      14639924.860523336,
      733788.2536076616
   ],
   "Sum weights": [
      65280.0,
      0.0,
      0.0,
      130050.0,
      0.0,
      0.0,
      324104.0,
      0.0,
      0.0,
      193800.0,
      258060.0,
      257048.0,
      449570.0,
      575312.0,
      511036.0,
      700020.0,
      1203734.0,
      1007972.0,
      1445380.0,
      1937042.0,
      2859272.0,
      2897116.0,
      3674690.0,
      5155474.0,
      5773520.0,
      7491838.0,
      9701238.0,
      11757186.0,
      14320938.0,
      17540114.0,
      22734900.0,
      26303374.0,
      34062188.0,
      40733820.0,
      50149068.0,
      60431004.0,
      72289830.0,
      87731826.0,
      102476376.0,
      120332462.0,
      140368314.0,
      158782298.0,
      178392398.0,
      192781200.0,
      200564162.0,
      196929652.0,
      173862636.0,
      123283452.0,
      50816154.0,
      14282052.0,
      1557090.0
   ],
   "Sum w * dv^2": [
      47.80852059555319,
      0.0,
      0.0,
      306.0259382890898,
      0.0,
      0.0,
      1711.6489418629185,
      0.0,
      0.0,
      1634.8148370972738,
      3021.445670612186,
      3906.4957390235354,
      8524.123282050296,
      14508.090246965041,
      16255.852021482018,
      27127.211362754297,
      60417.25935097793,
      64048.48699813986,
      110401.40430522648,
      185613.79971285208,
      344534.19710528397,
      437613.26830483635,
      672935.117966491,
      1165967.9952791228,
      1580561.0177691488,
      2464739.883631793,
      3807807.427836362,
      5473579.6694122255,
      7771850.978781858,
      10963420.281106964,
      16199962.225790823,
      21076744.38897817,
      30312337.4127623,
      39908863.99764185,
      53708005.65277805,
      70417876.3185178,
      91507151.58052608,
      120566180.62152414,
      151932637.03380805,
      188818301.9758304,
      226143418.48445183,
      255035982.62066165,
      280863019.4245915,
      293622637.480367,
      296687940.27424574,
      312718421.68646467,
      285650755.75778747,
      168909797.85526007,
      56823563.23738995,
      14639924.860523336,
      733788.2536076616
   ],
   "N pairs": [
      65280,
      0,
      0,
      130050,
      0,
      0,
      324104,
      0,
      0,
      193800,
      258060,
      257048,
      449570,
      575312,
      511036,
      700020,
      1203734,
      1007972,
      1445380,
      1937042,
      2859272,
      2897116,
      3674690,
      5155474,
      5773520,
      7491838,
      9701238,
      11757186,
      14320938,
      17540114,
      22734900,
      26303374,
      34062188,
      40733820,
      50149068,
      60431004,
      72289830,
      87731826,
      102476376,
      120332462,
      140368314,
      158782298,
      178392398,
      192781200,
      200564162,
      196929652,
      173862636,
      123283452,
      50816154,
      14282052,
      1557090
   ],
   "Unweighted B(r)": [
      0.0007323609159858025,
      NaN,
      NaN,
      0.002353140625060283,
      NaN,
      NaN,
      0.005281171913530591,
      NaN,
      NaN,
      0.008435577074805333,
      0.011708306868992428,
      0.015197534075439355,
      0.018960614102476358,
      0.025217777913488754,
      0.031809602496657804,
      0.038752051888166474,
      0.05019153679382483,
      0.06354193072638908,
      0.07638226923385302,
      0.09582332221647857,
      0.12049717449241763,
      0.1510513449598968,
      0.18312704417692133,
      0.22616116292684685,
      0.2737603780309324,
      0.32899001334943345,
      0.3925073715165386,
      0.46555184798575316,
      0.5426914758503848,
      0.6250484051076842,
      0.7125592030662472,
      0.8012943278295084,
      0.8899116349414283,
      0.9797476396184264,
      1.0709671743606093,
      1.1652607379900193,
      1.2658371389243284,
      1.3742581924776551,
      1.4826113389666322,
      1.5691385253617631,
      1.6110717015839617,
      1.6061990904090684,
      1.574411368272495,
      1.5230875079124262,
      1.4792669703087122,
      1.5879702142898453,
      1.642968048395329,
      1.3700930263962765,
      1.1182184947997038,
      1.0250575239834818,
      0.4712561596360272
   ],
   "Weighted B(r)": [
      0.0007323609159858025,
      NaN,
      NaN,
      0.002353140625060283,
      NaN,
      NaN,
      0.005281171913530591,
      NaN,
      NaN,
      0.008435577074805333,
      0.011708306868992428,
      0.015197534075439355,
      0.018960614102476358,
      0.025217777913488754,
      0.031809602496657804,
      0.038752051888166474,
      0.05019153679382483,
      0.06354193072638908,
      0.07638226923385302,
      0.09582332221647857,
      0.12049717449241763,
      0.1510513449598968,
      0.18312704417692133,
      0.22616116292684685,
      0.2737603780309324,
      0.32899001334943345,
      0.3925073715165386,
      0.46555184798575316,
      0.5426914758503848,
      0.6250484051076842,
      0.7125592030662472,
      0.8012943278295084,
      0.8899116349414283,
      0.9797476396184264,
      1.0709671743606093,
      1.1652607379900193,
      1.2658371389243284,
      1.3742581924776551,
      1.4826113389666322,
      1.5691385253617631,
      1.6110717015839617,
      1.6061990904090684,
      1.574411368272495,
      1.5230875079124262,
      1.4792669703087122,
      1.5879702142898453,
      1.642968048395329,
      1.3700930263962765,
      1.1182184947997038,
      1.0250575239834818,
      0.4712561596360272
   ],
   "Unweighted sigma^2": 0.7032311850306193,
   "Apparent r0": 31.256209696981117
}