{
   "log10 r": [
      0.0,
      0.05,
      0.1,
      0.15000000000000002,
      0.2,
      0.25,
      0.30000000000000004,
      0.35000000000000003,
      0.4,
      0.45,
      0.5,
      0.55,
      0.6000000000000001,
      0.65,
      0.7000000000000001,
      0.75,
      0.8,
      0.8500000000000001,
      0.9,
      0.9500000000000001,
      1.0,
      1.05,
      1.1,
      1.1500000000000001,
      1.2000000000000002,
      1.25,
      1.3,
      1.35,
      1.4000000000000001,
      1.4500000000000002,
      1.5,
      1.55,
      1.6,
      1.6500000000000001,
      1.7000000000000002,
      1.75,
      1.8,
      1.85,
      1.9000000000000001,
      1.9500000000000002,
      2.0,
      2.0500000000000003,
      2.1,
      2.15,
      2.2,
      2.25,
      2.3000000000000003,
      2.35,
      2.4000000000000004,
      2.45,
      2.5
   ],
   "Sum dv^2": [
      830.364369737537,
      0.0,
      0.0,
      4095.697784855601,
      0.0,
      0.0,
      21981.13161040222,
      0.0,
      0.0,
      20253.2768708626,
      33877.57071372642,
      41052.3966196461,
      86828.26314897294,
      135421.00568305262,
      141758.18212532162,
      222374.49047503076,
      450034.80369995406,
      432654.12588509603,
      699603.0133417582,
      1068900.6233063794,
      1804605.3499232668,
      2062443.723676613,
      2912133.834056249,
      4556209.901990959,
      5660180.768342068,
      8068304.372291902,
      11477466.193559716,
      15198540.414187849,
      20113739.536998186,
      26520568.4787067,
      36740534.75385841,
      44986330.58634467,
      61366100.2474795,
      76919770.24804819,
      98733454.4715423,
      123122958.0677222,
      150287475.1162836,
      184122154.88005158,
      217689478.3124931,
      258151555.83905008,
      309661741.72279537,
      370194108.908977,
      423760373.9518556,
      441848915.0388754,
      437769582.407535,
      400835760.2845388,
      325643891.2170307,
      229133214.2840025,
      116769484.84764612,
      31107818.478649944,
      1717120.1115002963
   ],
   "Sum weights": [
      65280.0,
      0.0,
      0.0,
      130050.0,
      0.0,
      0.0,
      324104.0,
      0.0,
      0.0,
      193800.0,
      258060.0,
      257048.0,
      449570.0,
      575312.0,
      511036.0,
      700020.0,
      1203734.0,
      1007972.0,
      1445380.0,
      1937042.0,
      2859272.0,
      2897116.0,
      3674690.0,
      5155474.0,
      5773520.0,
      7491838.0,
      9701238.0,
      11757186.0,
      14320938.0,
      17540114.0,
      22734900.0,
      26303374.0,
      34062188.0,
      40733820.0,
      50149068.0,
      60431004.0,
      72289830.0,
      87731826.0,
      102476376.0,
      120332462.0,
      140368314.0,
      158782298.0,
      178392398.0,
      192781200.0,
      200564162.0,
      196929652.0,
      173862636.0,
      123283452.0,
      50816154.0,
      14282052.0,
      1557090.0
   ],
   "Sum w * dv^2": [
      830.364369737537,
      0.0,
      0.0,
      4095.697784855601,
      0.0,
      0.0,
      21981.13161040222,
      0.0,
      0.0,
      20253.2768708626,
      33877.57071372642,
      41052.3966196461,
      86828.26314897294,
      135421.00568305262,
      141758.18212532162,
      222374.49047503076,
      450034.80369995406,
      432654.12588509603,
      699603.0133417582,
      1068900.6233063794,
      1804605.3499232668,
      2062443.723676613,
      2912133.834056249,
      4556209.901990959,
      5660180.768342068,
      8068304.372291902,
      11477466.193559716,
      15198540.414187849,
      20113739.536998186,
      26520568.4787067,
      36740534.75385841,
      44986330.58634467,
      61366100.2474795,
      76919770.24804819,
      98733454.4715423,
      123122958.0677222,
      150287475.1162836,
      184122154.88005158,
      217689478.3124931,
      258151555.83905008,
      309661741.72279537,
      370194108.908977,
      423760373.9518556,
      441848915.0388754,
      437769582.407535,
      400835760.2845388,
      325643891.2170307,
      229133214.2840025,
      116769484.84764612,
      31107818.478649944,
      1717120.1115002963
   ],
   "N pairs": [
      65280,
      0,
      0,
      130050,
      0,
      0,
      324104,
      0,
      0,
      193800,
      258060,
      257048,
      449570,
      575312,
      511036,
      700020,
      1203734,
      1007972,
      1445380,
      1937042,
      2859272,
      2897116,
      3674690,
      5155474,
      5773520,
      7491838,
      9701238,
      11757186,
      14320938,
      17540114,
      22734900,
      26303374,
      34062188,
      40733820,
      50149068,
      60431004,
      72289830,
      87731826,
      102476376,
      120332462,
      140368314,
      158782298,
      178392398,
      192781200,
      200564162,
      196929652,
      173862636,
      123283452,
      50816154,
      14282052,
      1557090
   ],
   "Unweighted B(r)": [
      0.012720042428577466,
      NaN,
      NaN,
      0.0314932547855102,
      NaN,
      NaN,
      0.06782122902032131,
      NaN,
      NaN,
      0.10450607260507017,
      0.13127788387865774,
      0.1597071232596484,
      0.19313624830165033,
      0.2353870694215532,
      0.2773937298454935,
      0.3176687672852644,
      0.3738656577781753,
      0.4292322861003044,
      0.48402704710301664,
      0.5518210876720171,
      0.6311415457932182,
      0.7118954586825702,
      0.7924842188201586,
      0.8837615904940961,
      0.9803691280782033,
      1.076945920652836,
      1.183092940670017,
      1.2927022175363942,
      1.4044987511989917,
      1.5119952172891635,
      1.616041185747833,
      1.7102874553790957,
      1.801590087151169,
      1.8883515036902552,
      1.9687993896824223,
      2.037413743245474,
      2.0789573736206544,
      2.0986928378767766,
      2.1242893904883315,
      2.145319322387421,
      2.2060658342223545,
      2.3314570551748592,
      2.3754396415023,
      2.291970975587222,
      2.1826909555633125,
      2.035426134224514,
      1.8729952490598998,
      1.8585885661605461,
      2.297881198322213,
      2.178105672675743,
      1.102775119935454
   ],
   "Weighted B(r)": [
      0.012720042428577466,
      NaN,
      NaN,
      0.0314932547855102,
      NaN,
      NaN,
      0.06782122902032131,
      NaN,
      NaN,
      0.10450607260507017,
      0.13127788387865774,
      0.1597071232596484,
      0.19313624830165033,
      0.2353870694215532,
      0.2773937298454935,
      0.3176687672852644,
      0.3738656577781753,
      0.4292322861003044,
      0.48402704710301664,
      0.5518210876720171,
      0.6311415457932182,
      0.7118954586825702,
      0.7924842188201586,
      0.8837615904940961,
      0.9803691280782033,
      1.076945920652836,
      1.183092940670017,
      1.2927022175363942,
      1.4044987511989917,
      1.5119952172891635,
      1.616041185747833,
      1.7102874553790957,
      1.801590087151169,
      1.8883515036902552,
      1.9687993896824223,
      2.037413743245474,
      2.0789573736206544,
      2.0986928378767766,
      2.1242893904883315,
      2.145319322387421,
      2.2060658342223545,
      2.3314570551748592,
      2.3754396415023,
      2.291970975587222,
      2.1826909555633125,
      2.035426134224514,
      1.8729952490598998,
      1.8585885661605461,
      2.297881198322213,
      2.178105672675743,
      1.102775119935454
   ],
   "Unweighted sigma^2": 1.038122958720495,
   "Apparent r0": 17.005399701267848
}