{
   "log10 r": [
      0.0,
      0.05,
      0.1,
      0.15000000000000002,
      0.2,
      0.25,
      0.30000000000000004,
      0.35000000000000003,
      0.4,
      0.45,
      0.5,
      0.55,
      0.6000000000000001,
      0.65,
      0.7000000000000001,
      0.75,
      0.8,
      0.8500000000000001,
      0.9,
      0.9500000000000001,
      1.0,
      1.05,
      1.1,
      1.1500000000000001,
      1.2000000000000002,
      1.25,
      1.3,
      1.35,
      1.4000000000000001,
      1.4500000000000002,
      1.5,
      1.55,
      1.6,
      1.6500000000000001,
      1.7000000000000002,
      1.75,
      1.8,
      1.85,
      1.9000000000000001,
      1.9500000000000002,
      2.0,
      2.0500000000000003,
      2.1,
      2.15,
      2.2,
      2.25,
      2.3000000000000003,
      2.35,
      2.4000000000000004,
      2.45,
      2.5
   ],
   "Sum dv^2": [
      13.861310029959112,
      0.0,
      0.0,
      74.83377818294208,
      0.0,
      0.0,
      426.76335738793216,
      0.0,
      0.0,
      418.9183930929213,
      737.5009454855177,
      953.8284677273165,
      2117.067619418442,
      3601.283928871465,
      3976.570395839126,
      6725.995576648924,
      14944.966745274618,
      15764.89723185009,
      27420.990814369932,
      46275.60290054161,
      86735.07351360361,
      110758.93278131065,
      172481.33710138706,
      301767.54708239814,
      416756.3805701264,
      661292.2895862011,
      1047187.4940471202,
      1541415.6829782324,
      2250849.1848376505,
      3258896.8564571184,
      4948627.437901788,
      6595741.977094959,
      9676725.850545654,
      12876301.038280373,
      17260881.5362097,
      22197865.95548363,
      27778128.319594495,
      34678302.138045885,
      41094510.405361295,
      48582225.59766871,
      57291749.13730065,
      67022718.09604892,
      82119634.35031442,
      101493734.78181154,
      118819898.80719054,
      123788633.24189256,
      117872653.37755226,
      94965674.7983103,
      44713376.91340794,
      10499537.710031172,
      509805.0090763631
   ],
   "Sum weights": [
      65280.0,
      0.0,
      0.0,
      130050.0,
      0.0,
      0.0,
      324104.0,
      0.0,
      0.0,
      193800.0,
      258060.0,
      257048.0,
      449570.0,
      575312.0,
      511036.0,
      700020.0,
      1203734.0,
      1007972.0,
      1445380.0,
      1937042.0,
      2859272.0,
      2897116.0,
      3674690.0,
      5155474.0,
      5773520.0,
      7491838.0,
      9701238.0,
      11757186.0,
      14320938.0,
      17540114.0,
      22734900.0,
      26303374.0,
      34062188.0,
      40733820.0,
      50149068.0,
      60431004.0,
      72289830.0,
      87731826.0,
      102476376.0,
      120332462.0,
      140368314.0,
      158782298.0,
      178392398.0,
      192781200.0,
      200564162.0,
      196929652.0,
      173862636.0,
      123283452.0,
      50816154.0,
      14282052.0,
      1557090.0
   ],
   "Sum w * dv^2": [
      13.861310029959112,
      0.0,
      0.0,
      74.83377818294208,
      0.0,
      0.0,
      426.76335738793216,
      0.0,
      0.0,
      418.9183930929213,
      737.5009454855177,
      953.8284677273165,
      2117.067619418442,
      3601.283928871465,
      3976.570395839126,
      6725.995576648924,
      14944.966745274618,
      15764.89723185009,
      27420.990814369932,
      46275.60290054161,
      86735.07351360361,
      110758.93278131065,
      172481.33710138706,
      301767.54708239814,
      416756.3805701264,
      661292.2895862011,
      1047187.4940471202,
      1541415.6829782324,
      2250849.1848376505,
      3258896.8564571184,
      4948627.437901788,
      6595741.977094959,
      9676725.850545654,
      12876301.038280373,
      17260881.5362097,
      22197865.95548363,
      27778128.319594495,
      34678302.138045885,
      41094510.405361295,
      48582225.59766871,
      57291749.13730065,
      67022718.09604892,
      82119634.35031442,
      101493734.78181154,
      118819898.80719054,
      123788633.24189256,
      117872653.37755226,
      94965674.7983103,
      44713376.91340794,
      10499537.710031172,
      509805.0090763631
   ],
   "N pairs": [
      65280,
      0,
      0,
      130050,
      0,
      0,
      324104,
      0,
      0,
      193800,
      258060,
      257048,
      449570,
      575312,
      511036,
      700020,
      1203734,
      1007972,
      1445380,
      1937042,
      2859272,
      2897116,
      3674690,
      5155474,
      5773520,
      7491838,
      9701238,
      11757186,
      14320938,
      17540114,
      22734900,
      26303374,
      34062188,
      40733820,
      50149068,
      60431004,
      72289830,
      87731826,
      102476376,
      120332462,
      140368314,
      158782298,
      178392398,
      192781200,
      200564162,
      196929652,
      173862636,
      123283452,
      50816154,
      14282052,
      1557090
   ],
   "Unweighted B(r)": [
      0.0002123362443314815,
      NaN,
      NaN,
      0.0005754231309722575,
      NaN,
      NaN,
      0.0013167481962207568,
      NaN,
      NaN,
      0.0021616016155465495,
      0.0028578661764144682,
      0.003710701766702392,
      0.004709094511240612,
      0.0062597059141326185,
      0.0077813899526435045,
      0.009608290586910265,
      0.01241550603810694,
      0.015640213450224896,
      0.018971475192938833,
      0.02388982938962687,
      0.030334670333428793,
      0.03823075526879512,
      0.04693765653739147,
      0.058533424294720166,
      0.07218410615536561,
      0.08826836479729021,
      0.10794369688148257,
      0.13110413350424432,
      0.15717191044592543,
      0.185796788804059,
      0.2176665583706895,
      0.250756499036776,
      0.2840899665795296,
      0.3161083600379334,
      0.34419147203712136,
      0.3673257845506527,
      0.38426052903422925,
      0.39527619245091156,
      0.4010144777696012,
      0.4037333300607504,
      0.40815300479637195,
      0.4221044722255432,
      0.4603314674334633,
      0.5264711226084885,
      0.5924283661763587,
      0.628593165045011,
      0.6779642601159702,
      0.7703035018707157,
      0.8799047821172759,
      0.7351561043210858,
      0.32740882612845956
   ],
   "Weighted B(r)": [
      0.0002123362443314815,
      NaN,
      NaN,
      0.0005754231309722575,
      NaN,
      NaN,
      0.0013167481962207568,
      NaN,
      NaN,
      0.0021616016155465495,
      0.0028578661764144682,
      0.003710701766702392,
      0.004709094511240612,
      0.0062597059141326185,
      0.0077813899526435045,
      0.009608290586910265,
      0.01241550603810694,
      0.015640213450224896,
      0.018971475192938833,
      0.02388982938962687,
      0.030334670333428793,
      0.03823075526879512,
      0.04693765653739147,
      0.058533424294720166,
      0.07218410615536561,
      0.08826836479729021,
      0.10794369688148257,
      0.13110413350424432,
      0.15717191044592543,
      0.185796788804059,
      0.2176665583706895,
      0.250756499036776,
      0.2840899665795296,
      0.3161083600379334,
      0.34419147203712136,
      0.3673257845506527,
      0.38426052903422925,
      0.39527619245091156,
      0.4010144777696012,
      0.4037333300607504,
      0.40815300479637195,
      0.4221044722255432,
      0.4603314674334633,
      0.5264711226084885,
      0.5924283661763587,
      0.628593165045011,
      0.6779642601159702,
      0.7703035018707157,
      0.8799047821172759,
      0.7351561043210858,
      0.32740882612845956
   ],
   "Unweighted sigma^2": 0.24626259851213136,
   "Apparent r0": 34.957312742207115
}