{
   "log10 r": [
      0.0,
      0.05,
      0.1,
      0.15000000000000002,
      0.2,
      0.25,
      0.30000000000000004,
      0.35000000000000003,
      0.4,
      0.45,
      0.5,
      0.55,
      0.6000000000000001,
      0.65,
      0.7000000000000001,
      0.75,
      0.8,
      0.8500000000000001,
      0.9,
      0.9500000000000001,
      1.0,
      1.05,
      1.1,
      1.1500000000000001,
      1.2000000000000002,
      1.25,
      1.3,
      1.35,
      1.4000000000000001,
      1.4500000000000002,
      1.5,
      1.55,
      1.6,
      1.6500000000000001,
      1.7000000000000002,
      1.75,
      1.8,
      1.85,
      1.9000000000000001,
      1.9500000000000002,
      2.0,
      2.0500000000000003,
      2.1,
      2.15,
      2.2,
      2.25,
      2.3000000000000003,
      2.35,
      2.4000000000000004,
      2.45,
      2.5
   ],
   "Sum dv^2": [
      0.9557576892442696,
      0.0,
      0.0,
      7.0663011046496065,
      0.0,
      0.0,
      38.957318961954535,
      0.0,
      0.0,
      36.45017426588104,
      69.88633759556375,
      90.09873345680373,
      194.94003220704724,
      331.4486636544796,
      376.8108096781553,
      623.5421757629158,
      1393.5375451979219,
      1481.6865395713419,
      2555.4336347101557,
      4304.808525002432,
      8018.919724088209,
      10203.761965115455,
      15742.608801710112,
      27356.621738017682,
      37290.53698713804,
      58299.4253654207,
      90665.71200817777,
      130566.37348605886,
      186362.3255926886,
      263151.60547193396,
      389371.6661355534,
      506930.06892442144,
      729341.5644749634,
      956887.9211479531,
      1273719.1034877442,
      1640932.0182388416,
      2077949.4138409004,
      2655588.288424404,
      3248386.1668136516,
      3955767.408123216,
      4712378.740269495,
      5319270.704247977,
      5765758.115887234,
      5800922.751092425,
      5595063.52802269,
      5197591.689492488,
      4554235.296004982,
      4143600.4465515283,
      2421441.5077493857,
      662050.9827042099,
      37664.798146946596
   ],
   "Sum weights": [
      65280.0,
      0.0,
      0.0,
      130050.0,
      0.0,
      0.0,
      324104.0,
      0.0,
      0.0,
      193800.0,
      258060.0,
      257048.0,
      449570.0,
      575312.0,
      511036.0,
      700020.0,
      1203734.0,
      1007972.0,
      1445380.0,
      1937042.0,
      2859272.0,
      2897116.0,
      3674690.0,
      5155474.0,
      5773520.0,
      7491838.0,
      9701238.0,
      11757186.0,
      14320938.0,
      17540114.0,
      22734900.0,
      26303374.0,
      34062188.0,
      40733820.0,
      50149068.0,
      60431004.0,
      72289830.0,
      87731826.0,
      102476376.0,
      120332462.0,
      140368314.0,
      158782298.0,
      178392398.0,
      192781200.0,
      200564162.0,
      196929652.0,
      173862636.0,
      123283452.0,
      50816154.0,
      14282052.0,
      1557090.0
   ],
   "Sum w * dv^2": [
      0.9557576892442696,
      0.0,
      0.0,
      7.0663011046496065,
      0.0,
      0.0,
      38.957318961954535,
      0.0,
      0.0,
      36.45017426588104,
      69.88633759556375,
      90.09873345680373,
      194.94003220704724,
      331.4486636544796,
      376.8108096781553,
      623.5421757629158,
      1393.5375451979219,
      1481.6865395713419,
      2555.4336347101557,
      4304.808525002432,
      8018.919724088209,
      10203.761965115455,
      15742.608801710112,
      27356.621738017682,
      37290.53698713804,
      58299.4253654207,
      90665.71200817777,
      130566.37348605886,
      186362.3255926886,
      263151.60547193396,
      389371.6661355534,
      506930.06892442144,
      729341.5644749634,
      956887.9211479531,
      1273719.1034877442,
      1640932.0182388416,
      2077949.4138409004,
      2655588.288424404,
      3248386.1668136516,
      3955767.408123216,
      4712378.740269495,
      5319270.704247977,
      5765758.115887234,
      5800922.751092425,
      5595063.52802269,
      5197591.689492488,
      4554235.296004982,
      4143600.4465515283,
      2421441.5077493857,
      662050.9827042099,
      37664.798146946596
   ],
   "N pairs": [
      65280,
      0,
      0,
      130050,
      0,
      0,
      324104,
      0,
      0,
      193800,
      258060,
      257048,
      449570,
      575312,
      511036,
      700020,
      1203734,
      1007972,
      1445380,
      1937042,
      2859272,
      2897116,
      3674690,
      5155474,
      5773520,
      7491838,
      9701238,
      11757186,
      14320938,
      17540114,
      22734900,
      26303374,
      34062188,
      40733820,
      50149068,
      60431004,
      72289830,
      87731826,
      102476376,
      120332462,
      140368314,
      158782298,
      178392398,
      192781200,
      200564162,
      196929652,
      173862636,
      123283452,
      50816154,
      14282052,
      1557090
   ],
   "Unweighted B(r)": [
      1.4640895974942856e-05,
      NaN,
      NaN,
      5.433526416493354e-05,
      NaN,
      NaN,
      0.00012020005603742791,
      NaN,
      NaN,
      0.00018808139456078968,
      0.0002708142974330146,
      0.0003505132638915834,
      0.00043361441423370607,
      0.0005761198508886997,
      0.0007373468986101865,
      0.000890749086830256,
      0.0011576789765828015,
      0.0014699679550338124,
      0.0017680012416874148,
      0.002222361995765932,
      0.0028045319662096534,
      0.0035220412179268815,
      0.004284064452160621,
      0.005306325225967134,
      0.006458891107528516,
      0.007781725307650899,
      0.009345787827097713,
      0.01110524010473755,
      0.013013276476211866,
      0.015002844649238537,
      0.017126605621117903,
      0.019272435122749707,
      0.02141205856990054,
      0.023491239494551532,
      0.025398659522201772,
      0.027153810289811526,
      0.02874469913459335,
      0.030269383523653135,
      0.03169887825476626,
      0.03287365140192358,
      0.03357152769014163,
      0.033500401312040316,
      0.03232064920102276,
      0.030090707761402172,
      0.027896626556955323,
      0.026393139056034527,
      0.026194445228617042,
      0.033610353857965694,
      0.04765101876362752,
      0.04635545247309069,
      0.02418922358177536
   ],
   "Weighted B(r)": [
      1.4640895974942856e-05,
      NaN,
      NaN,
      5.433526416493354e-05,
      NaN,
      NaN,
      0.00012020005603742791,
      NaN,
      NaN,
      0.00018808139456078968,
      0.0002708142974330146,
      0.0003505132638915834,
      0.00043361441423370607,
      0.0005761198508886997,
      0.0007373468986101865,
      0.000890749086830256,
      0.0011576789765828015,
      0.0014699679550338124,
      0.0017680012416874148,
      0.002222361995765932,
      0.0028045319662096534,
      0.0035220412179268815,
      0.004284064452160621,
      0.005306325225967134,
      0.006458891107528516,
      0.007781725307650899,
      0.009345787827097713,
      0.01110524010473755,
      0.013013276476211866,
      0.015002844649238537,
      0.017126605621117903,
      0.019272435122749707,
      0.02141205856990054,
      0.023491239494551532,
      0.025398659522201772,
      0.027153810289811526,
      0.02874469913459335,
      0.030269383523653135,
      0.03169887825476626,
      0.03287365140192358,
      0.03357152769014163,
      0.033500401312040316,
      0.03232064920102276,
      0.030090707761402172,
      0.027896626556955323,
      0.026393139056034527,
      0.026194445228617042,
      0.033610353857965694,
      0.04765101876362752,
      0.04635545247309069,
      0.02418922358177536
   ],
   "Unweighted sigma^2": 0.014604124188813149,
   "Apparent r0": 27.56959338367347
}