{
   "log10 r": [
      0.0,
      0.05,
      0.1,
      0.15000000000000002,
      0.2,
      0.25,
      0.30000000000000004,
      0.35000000000000003,
      0.4,
      0.45,
      0.5,
      0.55,
      0.6000000000000001,
      0.65,
      0.7000000000000001,
      0.75,
      0.8,
      0.8500000000000001,
      0.9,
      0.9500000000000001,
      1.0,
      1.05,
      1.1,
      1.1500000000000001,
      1.2000000000000002,
      1.25,
      1.3,
      1.35,
      1.4000000000000001,
      1.4500000000000002,
      1.5,
      1.55,
      1.6,
      1.6500000000000001,
      1.7000000000000002,
      1.75,
      1.8,
      1.85,
      1.9000000000000001,
      1.9500000000000002,
      2.0,
      2.0500000000000003,
      2.1,
      2.15,
      2.2,
      2.25,
      2.3000000000000003,
      2.35,
      2.4000000000000004,
      2.45,
      2.5
   ],
   "Sum dv^2": [
      11.53835921949691,
      0.0,
      0.0,
      57.072607813773686,
      0.0,
      0.0,
      281.41528690415146,
      0.0,
      0.0,
      246.72731624720117,
      424.34749750156993,
      516.2839303741548,
      1075.2424230577021,
      1703.5876284619733,
      1819.5603659805138,
      2874.113102933864,
      5978.4963641102995,
      5938.8521754253015,
      9727.18675672561,
      15300.7905546299,
      26542.394304455273,
      31407.60729201546,
      45459.47169651671,
      73522.8806650933,
      93673.05198296355,
      137074.44257277908,
      199663.70176449942,
      270105.3153834692,
      364036.7159264511,
      487173.62065473443,
      684304.009291821,
      850108.6569757579,
      1173885.0258207144,
      1485350.3954155971,
      1919956.2808391927,
      2413112.553260371,
      2989832.1126139443,
      3745406.251478896,
      4536280.740139831,
      5493293.799583503,
      6509725.00785146,
      7382813.435445667,
      8056929.990866065,
      8211212.743390031,
      8118473.576819408,
      7714906.581860335,
      6661919.002632137,
      5737016.343565463,
      3164705.273570739,
      845513.5247164271,
      52904.45663513186
   ],
   "Sum weights": [
      65280.0,
      0.0,
      0.0,
      130050.0,
      0.0,
      0.0,
      324104.0,
      0.0,
      0.0,
      193800.0,
      258060.0,
      257048.0,
      449570.0,
      575312.0,
      511036.0,
      700020.0,
      1203734.0,
      1007972.0,
      1445380.0,
      1937042.0,
      2859272.0,
      2897116.0,
      3674690.0,
      5155474.0,
      5773520.0,
      7491838.0,
      9701238.0,
      11757186.0,
      14320938.0,
      17540114.0,
      22734900.0,
      26303374.0,
      34062188.0,
      40733820.0,
      50149068.0,
      60431004.0,
      72289830.0,
      87731826.0,
      102476376.0,
      120332462.0,
      140368314.0,
      158782298.0,
      178392398.0,
      192781200.0,
      200564162.0,
      196929652.0,
      173862636.0,
      123283452.0,
      50816154.0,
      14282052.0,
      1557090.0
   ],
   "Sum w * dv^2": [
      11.53835921949691,
      0.0,
      0.0,
      57.072607813773686,
      0.0,
      0.0,
      281.41528690415146,
      0.0,
      0.0,
      246.72731624720117,
      424.34749750156993,
      516.2839303741548,
      1075.2424230577021,
      1703.5876284619733,
      1819.5603659805138,
      2874.113102933864,
      5978.4963641102995,
      5938.8521754253015,
      9727.18675672561,
      15300.7905546299,
      26542.394304455273,
      31407.60729201546,
      45459.47169651671,
      73522.8806650933,
      93673.05198296355,
      137074.44257277908,
      199663.70176449942,
      270105.3153834692,
      364036.7159264511,
      487173.62065473443,
      684304.009291821,
      850108.6569757579,
      1173885.0258207144,
      1485350.3954155971,
      1919956.2808391927,
      2413112.553260371,
      2989832.1126139443,
      3745406.251478896,
      4536280.740139831,
      5493293.799583503,
      6509725.00785146,
      7382813.435445667,
      8056929.990866065,
      8211212.743390031,
      8118473.576819408,
      7714906.581860335,
      6661919.002632137,
      5737016.343565463,
      3164705.273570739,
      845513.5247164271,
      52904.45663513186
   ],
   "N pairs": [
      65280,
      0,
      0,
      130050,
      0,
      0,
      324104,
      0,
      0,
      193800,
      258060,
      257048,
      449570,
      575312,
      511036,
      700020,
      1203734,
      1007972,
      1445380,
      1937042,
      2859272,
      2897116,
      3674690,
      5155474,
      5773520,
      7491838,
      9701238,
      11757186,
      14320938,
      17540114,
      22734900,
      26303374,
      34062188,
      40733820,
      50149068,
      60431004,
      72289830,
      87731826,
      102476376,
      120332462,
      140368314,
      158782298,
      178392398,
      192781200,
      200564162,
      196929652,
      173862636,
      123283452,
      50816154,
      14282052,
      1557090
   ],
   "Unweighted B(r)": [
      0.00017675182627905804,
      NaN,
      NaN,
      0.000438851271155507,
      NaN,
      NaN,
      0.0008682869909169633,
      NaN,
      NaN,
      0.0012731027670134219,
      0.0016443753293868477,
      0.00200851175801467,
      0.002391713021459844,
      0.0029611543448806446,
      0.0035605326551955514,
      0.004105758553946836,
      0.004966625819417163,
      0.005891882091392719,
      0.006729847345836811,
      0.007899049455112434,
      0.00928292037429642,
      0.010840990589267208,
      0.012370967808581598,
      0.014261129173591661,
      0.01622459989451211,
      0.01829650381825916,
      0.02058126001696891,
      0.022973636326198227,
      0.025419893300735685,
      0.027774826358297013,
      0.03009927509211921,
      0.032319376859248475,
      0.0344629953255121,
      0.03646479498892068,
      0.03828498429600312,
      0.03993169720066824,
      0.04135895896579013,
      0.04269153421563226,
      0.04426659994436016,
      0.04565097155232728,
      0.04637602905062648,
      0.0464964516097737,
      0.045164088162916366,
      0.042593431016043216,
      0.04047818661052421,
      0.039175951937701764,
      0.038317140220007574,
      0.04653516956651622,
      0.062277544136274836,
      0.05920112353017809,
      0.033976492453956966
   ],
   "Weighted B(r)": [
      0.00017675182627905804,
      NaN,
      NaN,
      0.000438851271155507,
      NaN,
      NaN,
      0.0008682869909169633,
      NaN,
      NaN,
      0.0012731027670134219,
      0.0016443753293868477,
      0.00200851175801467,
      0.002391713021459844,
      0.0029611543448806446,
      0.0035605326551955514,
      0.004105758553946836,
      0.004966625819417163,
      0.005891882091392719,
      0.006729847345836811,
      0.007899049455112434,
      0.00928292037429642,
      0.010840990589267208,
      0.012370967808581598,
      0.014261129173591661,
      0.01622459989451211,
      0.01829650381825916,
      0.02058126001696891,
      0.022973636326198227,
      0.025419893300735685,
      0.027774826358297013,
      0.03009927509211921,
      0.032319376859248475,
      0.0344629953255121,
      0.03646479498892068,
      0.03828498429600312,
      0.03993169720066824,
      0.04135895896579013,
      0.04269153421563226,
      0.04426659994436016,
      0.04565097155232728,
      0.04637602905062648,
      0.0464964516097737,
      0.045164088162916366,
      0.042593431016043216,
      0.04047818661052421,
      0.039175951937701764,
      0.038317140220007574,
      0.04653516956651622,
      0.062277544136274836,
      0.05920112353017809,
      0.033976492453956966
   ],
   "Unweighted sig2": 0.020924077142743146,
   "Unweighted sigma^2": 0.020924077142743146,
   "Apparent r0": 20.301489061078925
}