{
   "log10 r": [
      0.0,
      0.05,
      0.1,
      0.15000000000000002,
      0.2,
      0.25,
      0.30000000000000004,
      0.35000000000000003,
      0.4,
      0.45,
      0.5,
      0.55,
      0.6000000000000001,
      0.65,
      0.7000000000000001,
      0.75,
      0.8,
      0.8500000000000001,
      0.9,
      0.9500000000000001,
      1.0,
      1.05,
      1.1,
      1.1500000000000001,
      1.2000000000000002,
      1.25,
      1.3,
      1.35,
      1.4000000000000001,
      1.4500000000000002,
      1.5,
      1.55,
      1.6,
      1.6500000000000001,
      1.7000000000000002,
      1.75,
      1.8,
      1.85,
      1.9000000000000001,
      1.9500000000000002,
      2.0,
      2.0500000000000003,
      2.1,
      2.15,
      2.2,
      2.25,
      2.3000000000000003,
      2.35,
      2.4000000000000004,
      2.45,
      2.5
   ],
   "Sum dv^2": [
      0.05943279027605827,
      0.0,
      0.0,
      0.592630479645818,
      0.0,
      0.0,
      3.1860606465761108,
      0.0,
      0.0,
      2.88107550980925,
      5.867196437605197,
      7.59223161992014,
      16.098078292456776,
      27.548757907480372,
      31.845770883206868,
      52.22931182350866,
      117.96797516818204,
      127.3593239954583,
      219.36675598381038,
      373.57112673952406,
      702.1217839652402,
      910.9017201997276,
      1426.0122497703508,
      2546.690312009069,
      3560.7970856265406,
      5767.371630241061,
      9339.6579934942,
      14178.989320767512,
      21457.89669726351,
      32456.99034466645,
      51970.680233731175,
      73768.26892560971,
      116521.91697820374,
      169072.0090179474,
      250161.54710419528,
      358089.72792352125,
      501269.89493990265,
      699605.7155004526,
      919082.4312072289,
      1180006.4798258874,
      1455772.7156387537,
      1670038.9010231337,
      1814593.8844228613,
      1802921.978886833,
      1676106.3376176727,
      1540638.4806658574,
      1518111.4697030175,
      1478972.437942541,
      835062.7869561008,
      313215.2725859522,
      39829.89375336116
   ],
   "Sum weights": [
      65280.0,
      0.0,
      0.0,
      130050.0,
      0.0,
      0.0,
      324104.0,
      0.0,
      0.0,
      193800.0,
      258060.0,
      257048.0,
      449570.0,
      575312.0,
      511036.0,
      700020.0,
      1203734.0,
      1007972.0,
      1445380.0,
      1937042.0,
      2859272.0,
      2897116.0,
      3674690.0,
      5155474.0,
      5773520.0,
      7491838.0,
      9701238.0,
      11757186.0,
      14320938.0,
      17540114.0,
      22734900.0,
      26303374.0,
      34062188.0,
      40733820.0,
      50149068.0,
      60431004.0,
      72289830.0,
      87731826.0,
      102476376.0,
      120332462.0,
      140368314.0,
      158782298.0,
      178392398.0,
      192781200.0,
      200564162.0,
      196929652.0,
      173862636.0,
      123283452.0,
      50816154.0,
      14282052.0,
      1557090.0
   ],
   "Sum w * dv^2": [
      0.05943279027605827,
      0.0,
      0.0,
      0.592630479645818,
      0.0,
      0.0,
      3.1860606465761108,
      0.0,
      0.0,
      2.88107550980925,
      5.867196437605197,
      7.59223161992014,
      16.098078292456776,
      27.548757907480372,
      31.845770883206868,
      52.22931182350866,
      117.96797516818204,
      127.3593239954583,
      219.36675598381038,
      373.57112673952406,
      702.1217839652402,
      910.9017201997276,
      1426.0122497703508,
      2546.690312009069,
      3560.7970856265406,
      5767.371630241061,
      9339.6579934942,
      14178.989320767512,
      21457.89669726351,
      32456.99034466645,
      51970.680233731175,
      73768.26892560971,
      116521.91697820374,
      169072.0090179474,
      250161.54710419528,
      358089.72792352125,
      501269.89493990265,
      699605.7155004526,
      919082.4312072289,
      1180006.4798258874,
      1455772.7156387537,
      1670038.9010231337,
      1814593.8844228613,
      1802921.978886833,
      1676106.3376176727,
      1540638.4806658574,
      1518111.4697030175,
      1478972.437942541,
      835062.7869561008,
      313215.2725859522,
      39829.89375336116
   ],
   "N pairs": [
      65280,
      0,
      0,
      130050,
      0,
      0,
      324104,
      0,
      0,
      193800,
      258060,
      257048,
      449570,
      575312,
      511036,
      700020,
      1203734,
      1007972,
      1445380,
      1937042,
      2859272,
      2897116,
      3674690,
      5155474,
      5773520,
      7491838,
      9701238,
      11757186,
      14320938,
      17540114,
      22734900,
      26303374,
      34062188,
      40733820,
      50149068,
      60431004,
      72289830,
      87731826,
      102476376,
      120332462,
      140368314,
      158782298,
      178392398,
      192781200,
      200564162,
      196929652,
      173862636,
      123283452,
      50816154,
      14282052,
      1557090
   ],
   "Unweighted B(r)": [
      9.104287726111868e-07,
      NaN,
      NaN,
      4.556943326765229e-06,
      NaN,
      NaN,
      9.830365088292989e-06,
      NaN,
      NaN,
      1.4866230700770124e-05,
      2.2735784071941398e-05,
      2.953624077962147e-05,
      3.58077235857748e-05,
      4.788490055392617e-05,
      6.231610078978168e-05,
      7.46111708572736e-05,
      9.800169735853771e-05,
      0.0001263520454888214,
      0.00015177099170032127,
      0.00019285649291007838,
      0.00024555963334906233,
      0.0003144167234586836,
      0.00038806327874469704,
      0.0004939779178420974,
      0.0006167462978610173,
      0.0007698206541894073,
      0.0009627284675929196,
      0.0012059849457827334,
      0.0014983583266168397,
      0.0018504435230390435,
      0.0022859427678912675,
      0.0028045173568079025,
      0.0034208582542672753,
      0.004150654395240795,
      0.004988358848547201,
      0.005925596204284828,
      0.006934168954884839,
      0.007974366286419851,
      0.008968724959665133,
      0.009806219038598973,
      0.010371092122961266,
      0.01051779022006051,
      0.010171923830649226,
      0.009352167010511569,
      0.008356958296555856,
      0.007823293572193269,
      0.008731671764731656,
      0.011996520327339154,
      0.016433018267303364,
      0.02193069123302115,
      0.02557969915249675
   ],
   "Weighted B(r)": [
      9.104287726111868e-07,
      NaN,
      NaN,
      4.556943326765229e-06,
      NaN,
      NaN,
      9.830365088292989e-06,
      NaN,
      NaN,
      1.4866230700770124e-05,
      2.2735784071941398e-05,
      2.953624077962147e-05,
      3.58077235857748e-05,
      4.788490055392617e-05,
      6.231610078978168e-05,
      7.46111708572736e-05,
      9.800169735853771e-05,
      0.0001263520454888214,
      0.00015177099170032127,
      0.00019285649291007838,
      0.00024555963334906233,
      0.0003144167234586836,
      0.00038806327874469704,
      0.0004939779178420974,
      0.0006167462978610173,
      0.0007698206541894073,
      0.0009627284675929196,
      0.0012059849457827334,
      0.0014983583266168397,
      0.0018504435230390435,
      0.0022859427678912675,
      0.0028045173568079025,
      0.0034208582542672753,
      0.004150654395240795,
      0.004988358848547201,
      0.005925596204284828,
      0.006934168954884839,
      0.007974366286419851,
      0.008968724959665133,
      0.009806219038598973,
      0.010371092122961266,
      0.01051779022006051,
      0.010171923830649226,
      0.009352167010511569,
      0.008356958296555856,
      0.007823293572193269,
      0.008731671764731656,
      0.011996520327339154,
      0.016433018267303364,
      0.02193069123302115,
      0.02557969915249675
   ],
   "Unweighted sigma^2": 0.004336420949543101,
   "Apparent r0": 45.87701384669332
}