{
   "log10 r": [
      0.0,
      0.05,
      0.1,
      0.15000000000000002,
      0.2,
      0.25,
      0.30000000000000004,
      0.35000000000000003,
      0.4,
      0.45,
      0.5,
      0.55,
      0.6000000000000001,
      0.65,
      0.7000000000000001,
      0.75,
      0.8,
      0.8500000000000001,
      0.9,
      0.9500000000000001,
      1.0,
      1.05,
      1.1,
      1.1500000000000001,
      1.2000000000000002,
      1.25,
      1.3,
      1.35,
      1.4000000000000001,
      1.4500000000000002,
      1.5,
      1.55,
      1.6,
      1.6500000000000001,
      1.7000000000000002,
      1.75,
      1.8,
      1.85,
      1.9000000000000001,
      1.9500000000000002,
      2.0,
      2.0500000000000003,
      2.1,
      2.15,
      2.2,
      2.25,
      2.3000000000000003,
      2.35,
      2.4000000000000004,
      2.45,
      2.5
   ],
   "Sum dv^2": [
      1.8529854548415492,
      0.0,
      0.0,
      14.64298136981498,
      0.0,
      0.0,
      80.04720480602839,
      0.0,
      0.0,
      73.98517346452967,
      143.98537946965013,
      185.1836000481517,
      397.110737600972,
      672.3856563077197,
      765.466025775166,
      1254.1459980175714,
      2785.350526966079,
      2945.684503740551,
      5021.672678422583,
      8357.57285299456,
      15301.208209416407,
      19165.29316149231,
      28995.104606758803,
      49428.06554015038,
      65780.63808230835,
      100672.98357254702,
      152851.48438391692,
      216030.89219347227,
      303197.5042044823,
      423913.749060193,
      623033.4746876251,
      808073.1979887595,
      1158494.0134802323,
      1518227.658894038,
      2031791.436950574,
      2642867.1705315853,
      3396825.7256295015,
      4399927.307293746,
      5395202.539136301,
      6452440.690456915,
      7428220.616298392,
      7984582.14389931,
      8278600.170403536,
      8138279.292416458,
      7971107.43186747,
      8942701.326498665,
      9503736.278449425,
      7607251.342863297,
      3428397.734472454,
      783492.1860359719,
      61956.5669269137
   ],
   "Sum weights": [
      65280.0,
      0.0,
      0.0,
      130050.0,
      0.0,
      0.0,
      324104.0,
      0.0,
      0.0,
      193800.0,
      258060.0,
      257048.0,
      449570.0,
      575312.0,
      511036.0,
      700020.0,
      1203734.0,
      1007972.0,
      1445380.0,
      1937042.0,
      2859272.0,
      2897116.0,
      3674690.0,
      5155474.0,
      5773520.0,
      7491838.0,
      9701238.0,
      11757186.0,
      14320938.0,
      17540114.0,
      22734900.0,
      26303374.0,
      34062188.0,
      40733820.0,
      50149068.0,
      60431004.0,
      72289830.0,
      87731826.0,
      102476376.0,
      120332462.0,
      140368314.0,
      158782298.0,
      178392398.0,
      192781200.0,
      200564162.0,
      196929652.0,
      173862636.0,
      123283452.0,
      50816154.0,
      14282052.0,
      1557090.0
   ],
   "Sum w * dv^2": [
      1.8529854548415492,
      0.0,
      0.0,
      14.64298136981498,
      0.0,
      0.0,
      80.04720480602839,
      0.0,
      0.0,
      73.98517346452967,
      143.98537946965013,
      185.1836000481517,
      397.110737600972,
      672.3856563077197,
      765.466025775166,
      1254.1459980175714,
      2785.350526966079,
      2945.684503740551,
      5021.672678422583,
      8357.57285299456,
      15301.208209416407,
      19165.29316149231,
      28995.104606758803,
      49428.06554015038,
      65780.63808230835,
      100672.98357254702,
      152851.48438391692,
      216030.89219347227,
      303197.5042044823,
      423913.749060193,
      623033.4746876251,
      808073.1979887595,
      1158494.0134802323,
      1518227.658894038,
      2031791.436950574,
      2642867.1705315853,
      3396825.7256295015,
      4399927.307293746,
      5395202.539136301,
      6452440.690456915,
      7428220.616298392,
      7984582.14389931,
      8278600.170403536,
      8138279.292416458,
      7971107.43186747,
      8942701.326498665,
      9503736.278449425,
      7607251.342863297,
      3428397.734472454,
      783492.1860359719,
      61956.5669269137
   ],
   "N pairs": [
      65280,
      0,
      0,
      130050,
      0,
      0,
      324104,
      0,
      0,
      193800,
      258060,
      257048,
      449570,
      575312,
      511036,
      700020,
      1203734,
      1007972,
      1445380,
      1937042,
      2859272,
      2897116,
      3674690,
      5155474,
      5773520,
      7491838,
      9701238,
      11757186,
      14320938,
      17540114,
      22734900,
      26303374,
      34062188,
      40733820,
      50149068,
      60431004,
      72289830,
      87731826,
      102476376,
      120332462,
      140368314,
      158782298,
      178392398,
      192781200,
      200564162,
      196929652,
      173862636,
      123283452,
      50816154,
      14282052,
      1557090
   ],
   "Unweighted B(r)": [
      2.8385193854803144e-05,
      NaN,
      NaN,
      0.00011259501245532471,
      NaN,
      NaN,
      0.0002469799965629193,
      NaN,
      NaN,
      0.00038176044099344513,
      0.0005579531096243127,
      0.000720424201114779,
      0.0008833123598126477,
      0.0011687321945443858,
      0.0014978710419132233,
      0.001791585951855049,
      0.002313925274991052,
      0.002922387232721297,
      0.0034742923510928496,
      0.004314605905806152,
      0.005351434983945706,
      0.006615300582197023,
      0.007890489975143156,
      0.009587491962940824,
      0.011393506575244971,
      0.013437688264554975,
      0.015755874083690856,
      0.018374370550357226,
      0.021171623269682634,
      0.024168243664789923,
      0.027404276011226136,
      0.03072127545267613,
      0.03401114495287949,
      0.03727191947364716,
      0.040515038822866535,
      0.04373363001765758,
      0.04698898483548103,
      0.05015200877380286,
      0.05264825660049006,
      0.053621779054573944,
      0.052919497318307834,
      0.050286349577201045,
      0.04640668696209541,
      0.04221510859158703,
      0.03974342849879367,
      0.0454106389549638,
      0.05466232709395609,
      0.061705372614511936,
      0.06746669050303283,
      0.05485851655182125,
      0.03978997163099994
   ],
   "Weighted B(r)": [
      2.8385193854803144e-05,
      NaN,
      NaN,
      0.00011259501245532471,
      NaN,
      NaN,
      0.0002469799965629193,
      NaN,
      NaN,
      0.00038176044099344513,
      0.0005579531096243127,
      0.000720424201114779,
      0.0008833123598126477,
      0.0011687321945443858,
      0.0014978710419132233,
      0.001791585951855049,
      0.002313925274991052,
      0.002922387232721297,
      0.0034742923510928496,
      0.004314605905806152,
      0.005351434983945706,
      0.006615300582197023,
      0.007890489975143156,
      0.009587491962940824,
      0.011393506575244971,
      0.013437688264554975,
      0.015755874083690856,
      0.018374370550357226,
      0.021171623269682634,
      0.024168243664789923,
      0.027404276011226136,
      0.03072127545267613,
      0.03401114495287949,
      0.03727191947364716,
      0.040515038822866535,
      0.04373363001765758,
      0.04698898483548103,
      0.05015200877380286,
      0.05264825660049006,
      0.053621779054573944,
      0.052919497318307834,
      0.050286349577201045,
      0.04640668696209541,
      0.04221510859158703,
      0.03974342849879367,
      0.0454106389549638,
      0.05466232709395609,
      0.061705372614511936,
      0.06746669050303283,
      0.05485851655182125,
      0.03978997163099994
   ],
   "Unweighted sigma^2": 0.02335517431638845,
   "Apparent r0": 27.3522161068147
}