{
   "log10 r": [
      0.0,
      0.05,
      0.1,
      0.15000000000000002,
      0.2,
      0.25,
      0.30000000000000004,
      0.35000000000000003,
      0.4,
      0.45,
      0.5,
      0.55,
      0.6000000000000001,
      0.65,
      0.7000000000000001,
      0.75,
      0.8,
      0.8500000000000001,
      0.9,
      0.9500000000000001,
      1.0,
      1.05,
      1.1,
      1.1500000000000001,
      1.2000000000000002,
      1.25,
      1.3,
      1.35,
      1.4000000000000001,
      1.4500000000000002,
      1.5,
      1.55,
      1.6,
      1.6500000000000001,
      1.7000000000000002,
      1.75,
      1.8,
      1.85,
      1.9000000000000001,
      1.9500000000000002,
      2.0,
      2.0500000000000003,
      2.1,
      2.15,
      2.2,
      2.25,
      2.3000000000000003,
      2.35,
      2.4000000000000004,
      2.45,
      2.5
   ],
   "Sum dv^2": [
      2.814266636994413,
      0.0,
      0.0,
      10.808999857848088,
      0.0,
      0.0,
      65.00502135986987,
      0.0,
      0.0,
      67.90907479438341,
      107.08501778971927,
      138.1960660073093,
      320.8230222338254,
      543.4676733074685,
      580.9893532278167,
      1011.9944483332682,
      2228.730310279793,
      2311.9447402757473,
      4093.304643926877,
      6914.355118907325,
      13109.358354169239,
      16722.00468091546,
      26377.631165855524,
      46265.2435535016,
      64963.76131711152,
      104463.69745703739,
      169000.03812270053,
      254454.76164170768,
      382179.66648418194,
      572029.6496030075,
      906166.3346194043,
      1267987.6187960927,
      1969582.742502222,
      2798594.376408956,
      4029923.9438916924,
      5590463.879425817,
      7546167.689671266,
      10132097.48489926,
      12794553.441124337,
      15888779.883950096,
      19306646.809715897,
      22415078.32200986,
      25700035.06331003,
      28004839.105176788,
      28879506.499554735,
      27956942.996467624,
      26549818.052824263,
      24828776.118610457,
      14899578.791359967,
      4309667.097410435,
      295369.33825493685
   ],
   "Sum weights": [
      65280.0,
      0.0,
      0.0,
      130050.0,
      0.0,
      0.0,
      324104.0,
      0.0,
      0.0,
      193800.0,
      258060.0,
      257048.0,
      449570.0,
      575312.0,
      511036.0,
      700020.0,
      1203734.0,
      1007972.0,
      1445380.0,
      1937042.0,
      2859272.0,
      2897116.0,
      3674690.0,
      5155474.0,
      5773520.0,
      7491838.0,
      9701238.0,
      11757186.0,
      14320938.0,
      17540114.0,
      22734900.0,
      26303374.0,
      34062188.0,
      40733820.0,
      50149068.0,
      60431004.0,
      72289830.0,
      87731826.0,
      102476376.0,
      120332462.0,
      140368314.0,
      158782298.0,
      178392398.0,
      192781200.0,
      200564162.0,
      196929652.0,
      173862636.0,
      123283452.0,
      50816154.0,
      14282052.0,
      1557090.0
   ],
   "Sum w * dv^2": [
      2.814266636994413,
      0.0,
      0.0,
      10.808999857848088,
      0.0,
      0.0,
      65.00502135986987,
      0.0,
      0.0,
      67.90907479438341,
      107.08501778971927,
      138.1960660073093,
      320.8230222338254,
      543.4676733074685,
      580.9893532278167,
      1011.9944483332682,
      2228.730310279793,
      2311.9447402757473,
      4093.304643926877,
      6914.355118907325,
      13109.358354169239,
      16722.00468091546,
      26377.631165855524,
      46265.2435535016,
      64963.76131711152,
      104463.69745703739,
      169000.03812270053,
      254454.76164170768,
      382179.66648418194,
      572029.6496030075,
      906166.3346194043,
      1267987.6187960927,
      1969582.742502222,
      2798594.376408956,
      4029923.9438916924,
      5590463.879425817,
      7546167.689671266,
      10132097.48489926,
      12794553.441124337,
      15888779.883950096,
      19306646.809715897,
      22415078.32200986,
      25700035.06331003,
      28004839.105176788,
      28879506.499554735,
      27956942.996467624,
      26549818.052824263,
      24828776.118610457,
      14899578.791359967,
      4309667.097410435,
      295369.33825493685
   ],
   "N pairs": [
      65280,
      0,
      0,
      130050,
      0,
      0,
      324104,
      0,
      0,
      193800,
      258060,
      257048,
      449570,
      575312,
      511036,
      700020,
      1203734,
      1007972,
      1445380,
      1937042,
      2859272,
      2897116,
      3674690,
      5155474,
      5773520,
      7491838,
      9701238,
      11757186,
      14320938,
      17540114,
      22734900,
      26303374,
      34062188,
      40733820,
      50149068,
      60431004,
      72289830,
      87731826,
      102476376,
      120332462,
      140368314,
      158782298,
      178392398,
      192781200,
      200564162,
      196929652,
      173862636,
      123283452,
      50816154,
      14282052,
      1557090
   ],
   "Unweighted B(r)": [
      4.311070215984089e-05,
      NaN,
      NaN,
      8.311418575815523e-05,
      NaN,
      NaN,
      0.00020056840199402003,
      NaN,
      NaN,
      0.000350408022674837,
      0.0004149617057650131,
      0.0005376274703841668,
      0.000713621954832007,
      0.0009446485964267538,
      0.001136885372513515,
      0.0014456650500460962,
      0.001851513964280973,
      0.0022936596852648162,
      0.002831992032494484,
      0.0035695432101664937,
      0.004584858787191019,
      0.005771948614040811,
      0.00717819221916829,
      0.00897400385561087,
      0.011252019793316992,
      0.013943667422738905,
      0.0174204609888656,
      0.021642488401706638,
      0.026686776137441692,
      0.0326126528939896,
      0.03985794239778509,
      0.04820627265521498,
      0.05782314226268207,
      0.06870444206826062,
      0.08035890006752852,
      0.0925098626431197,
      0.10438768066920708,
      0.1154894175449997,
      0.12485368765503901,
      0.1320406781334707,
      0.13754277058365108,
      0.14116862272650735,
      0.14406463140492137,
      0.14526747994709435,
      0.1439913602289263,
      0.1419641111053587,
      0.1527057144861433,
      0.20139585415413624,
      0.29320555804675746,
      0.301754054488139,
      0.18969317011536704
   ],
   "Weighted B(r)": [
      4.311070215984089e-05,
      NaN,
      NaN,
      8.311418575815523e-05,
      NaN,
      NaN,
      0.00020056840199402003,
      NaN,
      NaN,
      0.000350408022674837,
      0.0004149617057650131,
      0.0005376274703841668,
      0.000713621954832007,
      0.0009446485964267538,
      0.001136885372513515,
      0.0014456650500460962,
      0.001851513964280973,
      0.0022936596852648162,
      0.002831992032494484,
      0.0035695432101664937,
      0.004584858787191019,
      0.005771948614040811,
      0.00717819221916829,
      0.00897400385561087,
      0.011252019793316992,
      0.013943667422738905,
      0.0174204609888656,
      0.021642488401706638,
      0.026686776137441692,
      0.0326126528939896,
      0.03985794239778509,
      0.04820627265521498,
      0.05782314226268207,
      0.06870444206826062,
      0.08035890006752852,
      0.0925098626431197,
      0.10438768066920708,
      0.1154894175449997,
      0.12485368765503901,
      0.1320406781334707,
      0.13754277058365108,
      0.14116862272650735,
      0.14406463140492137,
      0.14526747994709435,
      0.1439913602289263,
      0.1419641111053587,
      0.1527057144861433,
      0.20139585415413624,
      0.29320555804675746,
      0.301754054488139,
      0.18969317011536704
   ],
   "Unweighted sigma^2": 0.06714685579618605,
   "Apparent r0": 43.97301979077562
}