{
   "log10 r": [
      0.0,
      0.05,
      0.1,
      0.15000000000000002,
      0.2,
      0.25,
      0.30000000000000004,
      0.35000000000000003,
      0.4,
      0.45,
      0.5,
      0.55,
      0.6000000000000001,
      0.65,
      0.7000000000000001,
      0.75,
      0.8,
      0.8500000000000001,
      0.9,
      0.9500000000000001,
      1.0,
      1.05,
      1.1,
      1.1500000000000001,
      1.2000000000000002,
      1.25,
      1.3,
      1.35,
      1.4000000000000001,
      1.4500000000000002,
      1.5,
      1.55,
      1.6,
      1.6500000000000001,
      1.7000000000000002,
      1.75,
      1.8,
      1.85,
      1.9000000000000001,
      1.9500000000000002,
      2.0,
      2.0500000000000003,
      2.1,
      2.15,
      2.2,
      2.25,
      2.3000000000000003,
      2.35,
      2.4000000000000004,
      2.45,
      2.5
   ],
   "Sum dv^2": [
      3.730613763012821,
      0.0,
      0.0,
      21.544898675935883,
      0.0,
      0.0,
      120.4607091821631,
      0.0,
      0.0,
      115.12610079011041,
      205.94263940135394,
      262.2426001354736,
      569.8738074172941,
      946.4171485817166,
      1038.4570461846895,
      1700.1009330601973,
      3659.3653460799887,
      3734.9338443724478,
      6270.110276025098,
      10108.85191045563,
      17967.80280943568,
      21664.397311974266,
      31901.018093343235,
      52341.21438620008,
      67745.56483319149,
      100356.95139755901,
      148098.71802913235,
      202109.78676404315,
      274657.6293194307,
      369625.6795898728,
      521530.96075486875,
      647564.431244043,
      886236.3122321784,
      1100737.525079038,
      1384508.1389970707,
      1692307.5531238317,
      2068445.9869223144,
      2617668.469815487,
      3246081.0987469438,
      4078776.4607480573,
      5032549.117428115,
      5810311.936932364,
      6757913.9432478305,
      8110325.233416231,
      9752222.138364559,
      11111492.350653667,
      11879137.516462168,
      9714064.992736049,
      4472093.47076356,
      1448655.6516700494,
      115898.11986260756
   ],
   "Sum weights": [
      65280.0,
      0.0,
      0.0,
      130050.0,
      0.0,
      0.0,
      324104.0,
      0.0,
      0.0,
      193800.0,
      258060.0,
      257048.0,
      449570.0,
      575312.0,
      511036.0,
      700020.0,
      1203734.0,
      1007972.0,
      1445380.0,
      1937042.0,
      2859272.0,
      2897116.0,
      3674690.0,
      5155474.0,
      5773520.0,
      7491838.0,
      9701238.0,
      11757186.0,
      14320938.0,
      17540114.0,
      22734900.0,
      26303374.0,
      34062188.0,
      40733820.0,
      50149068.0,
      60431004.0,
      72289830.0,
      87731826.0,
      102476376.0,
      120332462.0,
      140368314.0,
      158782298.0,
      178392398.0,
      192781200.0,
      200564162.0,
      196929652.0,
      173862636.0,
      123283452.0,
      50816154.0,
      14282052.0,
      1557090.0
   ],
   "Sum w * dv^2": [
      3.730613763012821,
      0.0,
      0.0,
      21.544898675935883,
      0.0,
      0.0,
      120.4607091821631,
      0.0,
      0.0,
      115.12610079011041,
      205.94263940135394,
      262.2426001354736,
      569.8738074172941,
      946.4171485817166,
      1038.4570461846895,
      1700.1009330601973,
      3659.3653460799887,
      3734.9338443724478,
      6270.110276025098,
      10108.85191045563,
      17967.80280943568,
      21664.397311974266,
      31901.018093343235,
      52341.21438620008,
      67745.56483319149,
      100356.95139755901,
      148098.71802913235,
      202109.78676404315,
      274657.6293194307,
      369625.6795898728,
      521530.96075486875,
      647564.431244043,
      886236.3122321784,
      1100737.525079038,
      1384508.1389970707,
      1692307.5531238317,
      2068445.9869223144,
      2617668.469815487,
      3246081.0987469438,
      4078776.4607480573,
      5032549.117428115,
      5810311.936932364,
      6757913.9432478305,
      8110325.233416231,
      9752222.138364559,
      11111492.350653667,
      11879137.516462168,
      9714064.992736049,
      4472093.47076356,
      1448655.6516700494,
      115898.11986260756
   ],
   "N pairs": [
      65280,
      0,
      0,
      130050,
      0,
      0,
      324104,
      0,
      0,
      193800,
      258060,
      257048,
      449570,
      575312,
      511036,
      700020,
      1203734,
      1007972,
      1445380,
      1937042,
      2859272,
      2897116,
      3674690,
      5155474,
      5773520,
      7491838,
      9701238,
      11757186,
      14320938,
      17540114,
      22734900,
      26303374,
      34062188,
      40733820,
      50149068,
      60431004,
      72289830,
      87731826,
      102476376,
      120332462,
      140368314,
      158782298,
      178392398,
      192781200,
      200564162,
      196929652,
      173862636,
      123283452,
      50816154,
      14282052,
      1557090
   ],
   "Unweighted B(r)": [
      5.714788239909346e-05,
      NaN,
      NaN,
      0.00016566627201796143,
      NaN,
      NaN,
      0.0003716730098430229,
      NaN,
      NaN,
      0.000594045927709548,
      0.0007980416934098813,
      0.001020208677505655,
      0.0012675974985370334,
      0.0016450502485290009,
      0.0020320624108373765,
      0.0024286462287651744,
      0.0030400116189124747,
      0.0037053944398975844,
      0.004338035863250563,
      0.005218705588446524,
      0.006284048110650432,
      0.007477918492726651,
      0.008681281439616195,
      0.010152551324320535,
      0.011733840851541432,
      0.013395504734293375,
      0.015265960697916322,
      0.01719031975542814,
      0.019178745786025377,
      0.02107316289904802,
      0.022939663722069098,
      0.024619063365940927,
      0.026018185098155715,
      0.02702269330691396,
      0.027607853828850233,
      0.028003962223163325,
      0.028613236286796004,
      0.029837159320216213,
      0.03167638460152947,
      0.03389589469837372,
      0.03585245825085649,
      0.03659294524716076,
      0.037882297782934844,
      0.04207010451961203,
      0.04862395176245175,
      0.05642366315994743,
      0.0683248441974742,
      0.07879455705649814,
      0.08800535102998075,
      0.1014318986984538,
      0.07443251184106735
   ],
   "Weighted B(r)": [
      5.714788239909346e-05,
      NaN,
      NaN,
      0.00016566627201796143,
      NaN,
      NaN,
      0.0003716730098430229,
      NaN,
      NaN,
      0.000594045927709548,
      0.0007980416934098813,
      0.001020208677505655,
      0.0012675974985370334,
      0.0016450502485290009,
      0.0020320624108373765,
      0.0024286462287651744,
      0.0030400116189124747,
      0.0037053944398975844,
      0.004338035863250563,
      0.005218705588446524,
      0.006284048110650432,
      0.007477918492726651,
      0.008681281439616195,
      0.010152551324320535,
      0.011733840851541432,
      0.013395504734293375,
      0.015265960697916322,
      0.01719031975542814,
      0.019178745786025377,
      0.02107316289904802,
      0.022939663722069098,
      0.024619063365940927,
      0.026018185098155715,
      0.02702269330691396,
      0.027607853828850233,
      0.028003962223163325,
      0.028613236286796004,
      0.029837159320216213,
      0.03167638460152947,
      0.03389589469837372,
      0.03585245825085649,
      0.03659294524716076,
      0.037882297782934844,
      0.04207010451961203,
      0.04862395176245175,
      0.05642366315994743,
      0.0683248441974742,
      0.07879455705649814,
      0.08800535102998075,
      0.1014318986984538,
      0.07443251184106735
   ],
   "Unweighted sigma^2": 0.021908337765025397,
   "Apparent r0": 29.722602993214302
}