{
   "log10 r": [
      0.0,
      0.05,
      0.1,
      0.15000000000000002,
      0.2,
      0.25,
      0.30000000000000004,
      0.35000000000000003,
      0.4,
      0.45,
      0.5,
      0.55,
      0.6000000000000001,
      0.65,
      0.7000000000000001,
      0.75,
      0.8,
      0.8500000000000001,
      0.9,
      0.9500000000000001,
      1.0,
      1.05,
      1.1,
      1.1500000000000001,
      1.2000000000000002,
      1.25,
      1.3,
      1.35,
      1.4000000000000001,
      1.4500000000000002,
      1.5,
      1.55,
      1.6,
      1.6500000000000001,
      1.7000000000000002,
      1.75,
      1.8,
      1.85,
      1.9000000000000001,
      1.9500000000000002,
      2.0,
      2.0500000000000003,
      2.1,
      2.15,
      2.2,
      2.25,
      2.3000000000000003,
      2.35,
      2.4000000000000004,
      2.45,
      2.5
   ],
   "Sum dv^2": [
      10.99805525803657,
      0.0,
      0.0,
      55.920801143132174,
      0.0,
      0.0,
      272.75759527091617,
      0.0,
      0.0,
      236.10732392646256,
      410.00741556215416,
      497.26252034436715,
      1026.8327452750043,
      1621.210943671004,
      1736.5300361764116,
      2725.1445736666265,
      5666.458896133426,
      5637.287875109631,
      9215.773120529238,
      14518.484050878318,
      25228.54920300062,
      30008.278394252324,
      43606.61127478978,
      71203.05459498259,
      91395.58288034974,
      135204.75407450116,
      198988.1168211048,
      273244.7525490531,
      374223.1081452866,
      512578.69980734005,
      740782.6709661895,
      946880.8618341297,
      1339238.8658324804,
      1733647.4030613818,
      2296562.026618929,
      2963198.626596241,
      3783846.4537986335,
      4877625.144474758,
      5961501.701501506,
      7112584.424367139,
      8193234.0242883675,
      8832584.794684174,
      9220383.7777286,
      9165085.558354393,
      8997328.573235134,
      10039791.886454836,
      10549897.839465942,
      8394355.446661733,
      3765904.429657715,
      874121.2502321576,
      72806.03915455741
   ],
   "Sum weights": [
      65280.0,
      0.0,
      0.0,
      130050.0,
      0.0,
      0.0,
      324104.0,
      0.0,
      0.0,
      193800.0,
      258060.0,
      257048.0,
      449570.0,
      575312.0,
      511036.0,
      700020.0,
      1203734.0,
      1007972.0,
      1445380.0,
      1937042.0,
      2859272.0,
      2897116.0,
      3674690.0,
      5155474.0,
      5773520.0,
      7491838.0,
      9701238.0,
      11757186.0,
      14320938.0,
      17540114.0,
      22734900.0,
      26303374.0,
      34062188.0,
      40733820.0,
      50149068.0,
      60431004.0,
      72289830.0,
      87731826.0,
      102476376.0,
      120332462.0,
      140368314.0,
      158782298.0,
      178392398.0,
      192781200.0,
      200564162.0,
      196929652.0,
      173862636.0,
      123283452.0,
      50816154.0,
      14282052.0,
      1557090.0
   ],
   "Sum w * dv^2": [
      10.99805525803657,
      0.0,
      0.0,
      55.920801143132174,
      0.0,
      0.0,
      272.75759527091617,
      0.0,
      0.0,
      236.10732392646256,
      410.00741556215416,
      497.26252034436715,
      1026.8327452750043,
      1621.210943671004,
      1736.5300361764116,
      2725.1445736666265,
      5666.458896133426,
      5637.287875109631,
      9215.773120529238,
      14518.484050878318,
      25228.54920300062,
      30008.278394252324,
      43606.61127478978,
      71203.05459498259,
      91395.58288034974,
      135204.75407450116,
      198988.1168211048,
      273244.7525490531,
      374223.1081452866,
      512578.69980734005,
      740782.6709661895,
      946880.8618341297,
      1339238.8658324804,
      1733647.4030613818,
      2296562.026618929,
      2963198.626596241,
      3783846.4537986335,
      4877625.144474758,
      5961501.701501506,
      7112584.424367139,
      8193234.0242883675,
      8832584.794684174,
      9220383.7777286,
      9165085.558354393,
      8997328.573235134,
      10039791.886454836,
      10549897.839465942,
      8394355.446661733,
      3765904.429657715,
      874121.2502321576,
      72806.03915455741
   ],
   "N pairs": [
      65280,
      0,
      0,
      130050,
      0,
      0,
      324104,
      0,
      0,
      193800,
      258060,
      257048,
      449570,
      575312,
      511036,
      700020,
      1203734,
      1007972,
      1445380,
      1937042,
      2859272,
      2897116,
      3674690,
      5155474,
      5773520,
      7491838,
      9701238,
      11757186,
      14320938,
      17540114,
      22734900,
      26303374,
      34062188,
      40733820,
      50149068,
      60431004,
      72289830,
      87731826,
      102476376,
      120332462,
      140368314,
      158782298,
      178392398,
      192781200,
      200564162,
      196929652,
      173862636,
      123283452,
      50816154,
      14282052,
      1557090
   ],
   "Unweighted B(r)": [
      0.00016847511118315826,
      NaN,
      NaN,
      0.0004299946262447687,
      NaN,
      NaN,
      0.0008415742948896533,
      NaN,
      NaN,
      0.0012183040450281866,
      0.0015888065394177872,
      0.0019345123103247921,
      0.0022840330655404147,
      0.002817968239270177,
      0.0033980581332360375,
      0.0038929524494537675,
      0.004707401216658685,
      0.005592702848005333,
      0.006376020922199863,
      0.007495182887556552,
      0.008823417010693849,
      0.01035798304046242,
      0.011866745568956777,
      0.013811155791879193,
      0.015830131857229167,
      0.018046940426968812,
      0.020511620972612443,
      0.023240659163600297,
      0.026131186947760447,
      0.02922322510602497,
      0.03258350249907365,
      0.035998456389439985,
      0.03931746445156372,
      0.042560393379785684,
      0.045794710015726096,
      0.0490344099958399,
      0.05234272170509508,
      0.055596986485551524,
      0.058174400132002195,
      0.059107777786239754,
      0.05836954075182785,
      0.05562701199024197,
      0.05168596801825939,
      0.04754138659970159,
      0.0448601010445482,
      0.05098161594504232,
      0.06067950010527818,
      0.068089879951299,
      0.07410841107057639,
      0.061204177819276784,
      0.04675775912410805
   ],
   "Weighted B(r)": [
      0.00016847511118315826,
      NaN,
      NaN,
      0.0004299946262447687,
      NaN,
      NaN,
      0.0008415742948896533,
      NaN,
      NaN,
      0.0012183040450281866,
      0.0015888065394177872,
      0.0019345123103247921,
      0.0022840330655404147,
      0.002817968239270177,
      0.0033980581332360375,
      0.0038929524494537675,
      0.004707401216658685,
      0.005592702848005333,
      0.006376020922199863,
      0.007495182887556552,
      0.008823417010693849,
      0.01035798304046242,
      0.011866745568956777,
      0.013811155791879193,
      0.015830131857229167,
      0.018046940426968812,
      0.020511620972612443,
      0.023240659163600297,
      0.026131186947760447,
      0.02922322510602497,
      0.03258350249907365,
      0.035998456389439985,
      0.03931746445156372,
      0.042560393379785684,
      0.045794710015726096,
      0.0490344099958399,
      0.05234272170509508,
      0.055596986485551524,
      0.058174400132002195,
      0.059107777786239754,
      0.05836954075182785,
      0.05562701199024197,
      0.05168596801825939,
      0.04754138659970159,
      0.0448601010445482,
      0.05098161594504232,
      0.06067950010527818,
      0.068089879951299,
      0.07410841107057639,
      0.061204177819276784,
      0.04675775912410805
   ],
   "Unweighted sigma^2": 0.026091639800809065,
   "Apparent r0": 25.081490835964544
}