{
   "log10 r": [
      0.0,
      0.05,
      0.1,
      0.15000000000000002,
      0.2,
      0.25,
      0.30000000000000004,
      0.35000000000000003,
      0.4,
      0.45,
      0.5,
      0.55,
      0.6000000000000001,
      0.65,
      0.7000000000000001,
      0.75,
      0.8,
      0.8500000000000001,
      0.9,
      0.9500000000000001,
      1.0,
      1.05,
      1.1,
      1.1500000000000001,
      1.2000000000000002,
      1.25,
      1.3,
      1.35,
      1.4000000000000001,
      1.4500000000000002,
      1.5,
      1.55,
      1.6,
      1.6500000000000001,
      1.7000000000000002,
      1.75,
      1.8,
      1.85,
      1.9000000000000001,
      1.9500000000000002,
      2.0,
      2.0500000000000003,
      2.1,
      2.15,
      2.2,
      2.25,
      2.3000000000000003,
      2.35,
      2.4000000000000004,
      2.45,
      2.5
   ],
   "Sum dv^2": [
      14.476002416390608,
      0.0,
      0.0,
      95.6824693374826,
      0.0,
      0.0,
      533.8753967343806,
      0.0,
      0.0,
      508.99035670409194,
      946.9264579649976,
      1227.0757327962472,
      2675.0750982387517,
      4570.319288836361,
      5133.560673540828,
      8591.828512430226,
      19240.196869368756,
      20525.888702878943,
      35568.98216429803,
      60339.34842565502,
      113290.96544299029,
      145969.2269392097,
      228040.9025154278,
      403346.85391287983,
      560273.5700353992,
      898964.3544444402,
      1437793.5322856563,
      2151040.7875123806,
      3193254.0425646785,
      4727709.5505505875,
      7374978.1967633255,
      10155763.561117396,
      15497873.191202536,
      21656163.282741178,
      30814176.69583856,
      42444292.47300399,
      57348841.70624457,
      77680212.68120763,
      99688915.9820619,
      125708232.18593134,
      153076563.52944106,
      175506412.6639403,
      194944308.94025463,
      205049315.0020433,
      210292405.46733737,
      215626208.47793284,
      194494220.06850073,
      116815393.21001834,
      37078744.4296519,
      8743533.479066098,
      438872.8832560282
   ],
   "Sum weights": [
      65280.0,
      0.0,
      0.0,
      130050.0,
      0.0,
      0.0,
      324104.0,
      0.0,
      0.0,
      193800.0,
      258060.0,
      257048.0,
      449570.0,
      575312.0,
      511036.0,
      700020.0,
      1203734.0,
      1007972.0,
      1445380.0,
      1937042.0,
      2859272.0,
      2897116.0,
      3674690.0,
      5155474.0,
      5773520.0,
      7491838.0,
      9701238.0,
      11757186.0,
      14320938.0,
      17540114.0,
      22734900.0,
      26303374.0,
      34062188.0,
      40733820.0,
      50149068.0,
      60431004.0,
      72289830.0,
      87731826.0,
      102476376.0,
      120332462.0,
      140368314.0,
      158782298.0,
      178392398.0,
      192781200.0,
      200564162.0,
      196929652.0,
      173862636.0,
      123283452.0,
      50816154.0,
      14282052.0,
      1557090.0
   ],
   "Sum w * dv^2": [
      14.476002416390608,
      0.0,
      0.0,
      95.6824693374826,
      0.0,
      0.0,
      533.8753967343806,
      0.0,
      0.0,
      508.99035670409194,
      946.9264579649976,
      1227.0757327962472,
      2675.0750982387517,
      4570.319288836361,
      5133.560673540828,
      8591.828512430226,
      19240.196869368756,
      20525.888702878943,
      35568.98216429803,
      60339.34842565502,
      113290.96544299029,
      145969.2269392097,
      228040.9025154278,
      403346.85391287983,
      560273.5700353992,
      898964.3544444402,
      1437793.5322856563,
      2151040.7875123806,
      3193254.0425646785,
      4727709.5505505875,
      7374978.1967633255,
      10155763.561117396,
      15497873.191202536,
      21656163.282741178,
      30814176.69583856,
      42444292.47300399,
      57348841.70624457,
      77680212.68120763,
      99688915.9820619,
      125708232.18593134,
      153076563.52944106,
      175506412.6639403,
      194944308.94025463,
      205049315.0020433,
      210292405.46733737,
      215626208.47793284,
      194494220.06850073,
      116815393.21001834,
      37078744.4296519,
      8743533.479066098,
      438872.8832560282
   ],
   "N pairs": [
      65280,
      0,
      0,
      130050,
      0,
      0,
      324104,
      0,
      0,
      193800,
      258060,
      257048,
      449570,
      575312,
      511036,
      700020,
      1203734,
      1007972,
      1445380,
      1937042,
      2859272,
      2897116,
      3674690,
      5155474,
      5773520,
      7491838,
      9701238,
      11757186,
      14320938,
      17540114,
      22734900,
      26303374,
      34062188,
      40733820,
      50149068,
      60431004,
      72289830,
      87731826,
      102476376,
      120332462,
      140368314,
      158782298,
      178392398,
      192781200,
      200564162,
      196929652,
      173862636,
      123283452,
      50816154,
      14282052,
      1557090
   ],
   "Unweighted B(r)": [
      0.00022175248799617965,
      NaN,
      NaN,
      0.0007357360195115925,
      NaN,
      NaN,
      0.001647234828124246,
      NaN,
      NaN,
      0.002626369229639277,
      0.003669404239188551,
      0.004773722156158566,
      0.005950297168936432,
      0.007944070849967254,
      0.010045399293867415,
      0.01227369005518446,
      0.01598376125403848,
      0.020363550478464623,
      0.024608741067607156,
      0.03115025302789254,
      0.03962231135862215,
      0.05038432252599127,
      0.06205718101810705,
      0.0782366187692693,
      0.097041938026611,
      0.11999249776148926,
      0.1482072218293847,
      0.18295541020720268,
      0.22297799505623714,
      0.2695369910680505,
      0.3243901753147507,
      0.3861011732227735,
      0.45498760065567534,
      0.531650684437187,
      0.614451632398005,
      0.7023595449945527,
      0.7933182538435154,
      0.8854279709304993,
      0.9727989988840149,
      1.044674313951387,
      1.0905350300741026,
      1.1053273247370454,
      1.0927837235544904,
      1.0636375071949096,
      1.0485043956523867,
      1.0949402808975301,
      1.1186660029041589,
      0.9475350609911405,
      0.7296645163199856,
      0.6122042882259565,
      0.2818545384377449
   ],
   "Weighted B(r)": [
      0.00022175248799617965,
      NaN,
      NaN,
      0.0007357360195115925,
      NaN,
      NaN,
      0.001647234828124246,
      NaN,
      NaN,
      0.002626369229639277,
      0.003669404239188551,
      0.004773722156158566,
      0.005950297168936432,
      0.007944070849967254,
      0.010045399293867415,
      0.01227369005518446,
      0.01598376125403848,
      0.020363550478464623,
      0.024608741067607156,
      0.03115025302789254,
      0.03962231135862215,
      0.05038432252599127,
      0.06205718101810705,
      0.0782366187692693,
      0.097041938026611,
      0.11999249776148926,
      0.1482072218293847,
      0.18295541020720268,
      0.22297799505623714,
      0.2695369910680505,
      0.3243901753147507,
      0.3861011732227735,
      0.45498760065567534,
      0.531650684437187,
      0.614451632398005,
      0.7023595449945527,
      0.7933182538435154,
      0.8854279709304993,
      0.9727989988840149,
      1.044674313951387,
      1.0905350300741026,
      1.1053273247370454,
      1.0927837235544904,
      1.0636375071949096,
      1.0485043956523867,
      1.0949402808975301,
      1.1186660029041589,
      0.9475350609911405,
      0.7296645163199856,
      0.6122042882259565,
      0.2818545384377449
   ],
   "Unweighted sigma^2": 0.4703092017463797,
   "Apparent r0": 40.78154749604972
}