{
   "log10 r": [
      0.0,
      0.05,
      0.1,
      0.15000000000000002,
      0.2,
      0.25,
      0.30000000000000004,
      0.35000000000000003,
      0.4,
      0.45,
      0.5,
      0.55,
      0.6000000000000001,
      0.65,
      0.7000000000000001,
      0.75,
      0.8,
      0.8500000000000001,
      0.9,
      0.9500000000000001,
      1.0,
      1.05,
      1.1,
      1.1500000000000001,
      1.2000000000000002,
      1.25,
      1.3,
      1.35,
      1.4000000000000001,
      1.4500000000000002,
      1.5,
      1.55,
      1.6,
      1.6500000000000001,
      1.7000000000000002,
      1.75,
      1.8,
      1.85,
      1.9000000000000001,
      1.9500000000000002,
      2.0,
      2.0500000000000003,
      2.1,
      2.15,
      2.2,
      2.25,
      2.3000000000000003,
      2.35,
      2.4000000000000004,
      2.45,
      2.5
   ],
   "Sum dv^2": [
      186.02082267477056,
      0.0,
      0.0,
      931.9972797963154,
      0.0,
      0.0,
      5348.634983121568,
      0.0,
      0.0,
      5282.135499922742,
      9088.896067472364,
      11668.904846767666,
      25964.10410970262,
      43618.40086217117,
      47593.96575326478,
      79813.5539778814,
      173852.20956674486,
      179106.03436704777,
      306282.24173674977,
      501595.0662491019,
      907465.7169747887,
      1108257.2195046316,
      1652201.830944152,
      2731053.6418922152,
      3558608.1804306083,
      5295259.295559585,
      7828749.12705861,
      10713429.690325724,
      14560248.284077408,
      19644099.207358245,
      27811129.805620246,
      34737182.85588229,
      48127043.65324962,
      61118644.44643482,
      79179647.71384048,
      99383918.43433508,
      122012859.02201569,
      150327438.84751818,
      177982226.2096872,
      211896168.20357305,
      255969971.78999785,
      307276517.3083768,
      353370619.1453336,
      368760340.3786102,
      361892106.4760886,
      326365529.4035042,
      260313320.57357362,
      183446192.46314666,
      96624302.70653753,
      25550138.08288311,
      1207298.420569389
   ],
   "Sum weights": [
      65280.0,
      0.0,
      0.0,
      130050.0,
      0.0,
      0.0,
      324104.0,
      0.0,
      0.0,
      193800.0,
      258060.0,
      257048.0,
      449570.0,
      575312.0,
      511036.0,
      700020.0,
      1203734.0,
      1007972.0,
      1445380.0,
      1937042.0,
      2859272.0,
      2897116.0,
      3674690.0,
      5155474.0,
      5773520.0,
      7491838.0,
      9701238.0,
      11757186.0,
      14320938.0,
      17540114.0,
      22734900.0,
      26303374.0,
      34062188.0,
      40733820.0,
      50149068.0,
      60431004.0,
      72289830.0,
      87731826.0,
      102476376.0,
      120332462.0,
      140368314.0,
      158782298.0,
      178392398.0,
      192781200.0,
      200564162.0,
      196929652.0,
      173862636.0,
      123283452.0,
      50816154.0,
      14282052.0,
      1557090.0
   ],
   "Sum w * dv^2": [
      186.02082267477056,
      0.0,
      0.0,
      931.9972797963154,
      0.0,
      0.0,
      5348.634983121568,
      0.0,
      0.0,
      5282.135499922742,
      9088.896067472364,
      11668.904846767666,
      25964.10410970262,
      43618.40086217117,
      47593.96575326478,
      79813.5539778814,
      173852.20956674486,
      179106.03436704777,
      306282.24173674977,
      501595.0662491019,
      907465.7169747887,
      1108257.2195046316,
      1652201.830944152,
      2731053.6418922152,
      3558608.1804306083,
      5295259.295559585,
      7828749.12705861,
      10713429.690325724,
      14560248.284077408,
      19644099.207358245,
      27811129.805620246,
      34737182.85588229,
      48127043.65324962,
      61118644.44643482,
      79179647.71384048,
      99383918.43433508,
      122012859.02201569,
      150327438.84751818,
      177982226.2096872,
      211896168.20357305,
      255969971.78999785,
      307276517.3083768,
      353370619.1453336,
      368760340.3786102,
      361892106.4760886,
      326365529.4035042,
      260313320.57357362,
      183446192.46314666,
      96624302.70653753,
      25550138.08288311,
      1207298.420569389
   ],
   "N pairs": [
      65280,
      0,
      0,
      130050,
      0,
      0,
      324104,
      0,
      0,
      193800,
      258060,
      257048,
      449570,
      575312,
      511036,
      700020,
      1203734,
      1007972,
      1445380,
      1937042,
      2859272,
      2897116,
      3674690,
      5155474,
      5773520,
      7491838,
      9701238,
      11757186,
      14320938,
      17540114,
      22734900,
      26303374,
      34062188,
      40733820,
      50149068,
      60431004,
      72289830,
      87731826,
      102476376,
      120332462,
      140368314,
      158782298,
      178392398,
      192781200,
      200564162,
      196929652,
      173862636,
      123283452,
      50816154,
      14282052,
      1557090
   ],
   "Unweighted B(r)": [
      0.002849583680679696,
      NaN,
      NaN,
      0.0071664535163115375,
      NaN,
      NaN,
      0.016502835457512306,
      NaN,
      NaN,
      0.027255601134792272,
      0.035220088613006136,
      0.04539582041785062,
      0.05775319551950224,
      0.07581694951986256,
      0.09313231504877305,
      0.1140161052225385,
      0.14442743128194838,
      0.17768949372308732,
      0.21190430318445652,
      0.25894898832813223,
      0.317376491979353,
      0.38253808943260525,
      0.4496166563558156,
      0.5297386121804155,
      0.6163671694963572,
      0.706803763717206,
      0.8069845443497634,
      0.9112239689263846,
      1.0167105174310096,
      1.1199527669750746,
      1.2232791789548336,
      1.3206360087448206,
      1.412916975657865,
      1.5004397929394988,
      1.578885727524198,
      1.6445849291918944,
      1.6878288276790205,
      1.7134880886614416,
      1.7368122601221496,
      1.760922735907897,
      1.823559494986866,
      1.9352063874801508,
      1.9808614218265825,
      1.912843889230953,
      1.8043707453382851,
      1.6572696193232708,
      1.4972355565434636,
      1.4880033734223037,
      1.9014485572154385,
      1.7889682857115425,
      0.7753555803257287
   ],
   "Weighted B(r)": [
      0.002849583680679696,
      NaN,
      NaN,
      0.0071664535163115375,
      NaN,
      NaN,
      0.016502835457512306,
      NaN,
      NaN,
      0.027255601134792272,
      0.035220088613006136,
      0.04539582041785062,
      0.05775319551950224,
      0.07581694951986256,
      0.09313231504877305,
      0.1140161052225385,
      0.14442743128194838,
      0.17768949372308732,
      0.21190430318445652,
      0.25894898832813223,
      0.317376491979353,
      0.38253808943260525,
      0.4496166563558156,
      0.5297386121804155,
      0.6163671694963572,
      0.706803763717206,
      0.8069845443497634,
      0.9112239689263846,
      1.0167105174310096,
      1.1199527669750746,
      1.2232791789548336,
      1.3206360087448206,
      1.412916975657865,
      1.5004397929394988,
      1.578885727524198,
      1.6445849291918944,
      1.6878288276790205,
      1.7134880886614416,
      1.7368122601221496,
      1.760922735907897,
      1.823559494986866,
      1.9352063874801508,
      1.9808614218265825,
      1.912843889230953,
      1.8043707453382851,
      1.6572696193232708,
      1.4972355565434636,
      1.4880033734223037,
      1.9014485572154385,
      1.7889682857115425,
      0.7753555803257287
   ],
   "Unweighted sigma^2": 0.8465744755747355,
   "Apparent r0": 20.87727503850755
}