{
   "log10 r": [
      0.0,
      0.05,
      0.1,
      0.15000000000000002,
      0.2,
      0.25,
      0.30000000000000004,
      0.35000000000000003,
      0.4,
      0.45,
      0.5,
      0.55,
      0.6000000000000001,
      0.65,
      0.7000000000000001,
      0.75,
      0.8,
      0.8500000000000001,
      0.9,
      0.9500000000000001,
      1.0,
      1.05,
      1.1,
      1.1500000000000001,
      1.2000000000000002,
      1.25,
      1.3,
      1.35,
      1.4000000000000001,
      1.4500000000000002,
      1.5,
      1.55,
      1.6,
      1.6500000000000001,
      1.7000000000000002,
      1.75,
      1.8,
      1.85,
      1.9000000000000001,
      1.9500000000000002,
      2.0,
      2.0500000000000003,
      2.1,
      2.15,
      2.2,
      2.25,
      2.3000000000000003,
      2.35,
      2.4000000000000004,
      2.45,
      2.5
   ],
   "Sum dv^2": [
      4.06658714289287,
      0.0,
      0.0,
      25.53257260819923,
      0.0,
      0.0,
      141.48490651208948,
      0.0,
      0.0,
      133.5454071701108,
      244.75394928983644,
      311.8018237242934,
      673.2584137074138,
      1120.217729671135,
      1240.9737157423438,
      2022.920387226427,
      4374.347380554035,
      4491.429771624916,
      7536.081803580948,
      12188.531083683858,
      21693.918085490997,
      26260.47794266928,
      38682.272621551645,
      63662.66190953434,
      82310.49012115049,
      122004.82174158732,
      179769.7188710642,
      245565.32325923606,
      333570.7526773498,
      449464.8153910148,
      635441.4054320777,
      793861.2986210372,
      1101050.0655771894,
      1398781.7361451488,
      1813495.9924481043,
      2285184.1531619993,
      2837268.1533358954,
      3562599.827347448,
      4320175.502393503,
      5236704.825979084,
      6211008.084405209,
      7041381.559736626,
      7676914.98040837,
      7807607.923729925,
      7697845.383394284,
      7297851.426036812,
      6302906.736854393,
      5473026.344093152,
      3050614.718598235,
      814569.6578333208,
      49652.21305523938
   ],
   "Sum weights": [
      65280.0,
      0.0,
      0.0,
      130050.0,
      0.0,
      0.0,
      324104.0,
      0.0,
      0.0,
      193800.0,
      258060.0,
      257048.0,
      449570.0,
      575312.0,
      511036.0,
      700020.0,
      1203734.0,
      1007972.0,
      1445380.0,
      1937042.0,
      2859272.0,
      2897116.0,
      3674690.0,
      5155474.0,
      5773520.0,
      7491838.0,
      9701238.0,
      11757186.0,
      14320938.0,
      17540114.0,
      22734900.0,
      26303374.0,
      34062188.0,
      40733820.0,
      50149068.0,
      60431004.0,
      72289830.0,
      87731826.0,
      102476376.0,
      120332462.0,
      140368314.0,
      158782298.0,
      178392398.0,
      192781200.0,
      200564162.0,
      196929652.0,
      173862636.0,
      123283452.0,
      50816154.0,
      14282052.0,
      1557090.0
   ],
   "Sum w * dv^2": [
      4.06658714289287,
      0.0,
      0.0,
      25.53257260819923,
      0.0,
      0.0,
      141.48490651208948,
      0.0,
      0.0,
      133.5454071701108,
      244.75394928983644,
      311.8018237242934,
      673.2584137074138,
      1120.217729671135,
      1240.9737157423438,
      2022.920387226427,
      4374.347380554035,
      4491.429771624916,
      7536.081803580948,
      12188.531083683858,
      21693.918085490997,
      26260.47794266928,
      38682.272621551645,
      63662.66190953434,
      82310.49012115049,
      122004.82174158732,
      179769.7188710642,
      245565.32325923606,
      333570.7526773498,
      449464.8153910148,
      635441.4054320777,
      793861.2986210372,
      1101050.0655771894,
      1398781.7361451488,
      1813495.9924481043,
      2285184.1531619993,
      2837268.1533358954,
      3562599.827347448,
      4320175.502393503,
      5236704.825979084,
      6211008.084405209,
      7041381.559736626,
      7676914.98040837,
      7807607.923729925,
      7697845.383394284,
      7297851.426036812,
      6302906.736854393,
      5473026.344093152,
      3050614.718598235,
      814569.6578333208,
      49652.21305523938
   ],
   "N pairs": [
      65280,
      0,
      0,
      130050,
      0,
      0,
      324104,
      0,
      0,
      193800,
      258060,
      257048,
      449570,
      575312,
      511036,
      700020,
      1203734,
      1007972,
      1445380,
      1937042,
      2859272,
      2897116,
      3674690,
      5155474,
      5773520,
      7491838,
      9701238,
      11757186,
      14320938,
      17540114,
      22734900,
      26303374,
      34062188,
      40733820,
      50149068,
      60431004,
      72289830,
      87731826,
      102476376,
      120332462,
      140368314,
      158782298,
      178392398,
      192781200,
      200564162,
      196929652,
      173862636,
      123283452,
      50816154,
      14282052,
      1557090
   ],
   "Unweighted B(r)": [
      6.229453343892264e-05,
      NaN,
      NaN,
      0.0001963288935655458,
      NaN,
      NaN,
      0.00043654168573078236,
      NaN,
      NaN,
      0.0006890887882874654,
      0.0009484381511657616,
      0.001213010113769776,
      0.001497560810791231,
      0.0019471482077049235,
      0.0024283489142493753,
      0.0028898037016462774,
      0.003633981743935151,
      0.004455907278798335,
      0.005213910392824688,
      0.0062923421813692515,
      0.007587217335563387,
      0.009064351562957535,
      0.010526676432992075,
      0.012348556487635151,
      0.014256552349545943,
      0.016285032023061273,
      0.01853059566944592,
      0.02088640285687715,
      0.023292521249470514,
      0.025624965458663197,
      0.027950041804981667,
      0.030180968366303015,
      0.03232470167733175,
      0.03433956687944192,
      0.03616210758788387,
      0.03781476397714655,
      0.03924851052127105,
      0.040607838566445065,
      0.0421577701224866,
      0.04351863777190135,
      0.04424793535957986,
      0.0443461371225187,
      0.0430338684073767,
      0.04049984087519906,
      0.03838096151691489,
      0.037058164435474716,
      0.03625222118945898,
      0.04439384406670534,
      0.06003238101408137,
      0.05703449741208902,
      0.031887824759801536
   ],
   "Weighted B(r)": [
      6.229453343892264e-05,
      NaN,
      NaN,
      0.0001963288935655458,
      NaN,
      NaN,
      0.00043654168573078236,
      NaN,
      NaN,
      0.0006890887882874654,
      0.0009484381511657616,
      0.001213010113769776,
      0.001497560810791231,
      0.0019471482077049235,
      0.0024283489142493753,
      0.0028898037016462774,
      0.003633981743935151,
      0.004455907278798335,
      0.005213910392824688,
      0.0062923421813692515,
      0.007587217335563387,
      0.009064351562957535,
      0.010526676432992075,
      0.012348556487635151,
      0.014256552349545943,
      0.016285032023061273,
      0.01853059566944592,
      0.02088640285687715,
      0.023292521249470514,
      0.025624965458663197,
      0.027950041804981667,
      0.030180968366303015,
      0.03232470167733175,
      0.03433956687944192,
      0.03616210758788387,
      0.03781476397714655,
      0.03924851052127105,
      0.040607838566445065,
      0.0421577701224866,
      0.04351863777190135,
      0.04424793535957986,
      0.0443461371225187,
      0.0430338684073767,
      0.04049984087519906,
      0.03838096151691489,
      0.037058164435474716,
      0.03625222118945898,
      0.04439384406670534,
      0.06003238101408137,
      0.05703449741208902,
      0.031887824759801536
   ],
   "Unweighted sigma^2": 0.01986830732246953,
   "Apparent r0": 21.33506950225102
}