{
   "log10 r": [
      0.0,
      0.05,
      0.1,
      0.15000000000000002,
      0.2,
      0.25,
      0.30000000000000004,
      0.35000000000000003,
      0.4,
      0.45,
      0.5,
      0.55,
      0.6000000000000001,
      0.65,
      0.7000000000000001,
      0.75,
      0.8,
      0.8500000000000001,
      0.9,
      0.9500000000000001,
      1.0,
      1.05,
      1.1,
      1.1500000000000001,
      1.2000000000000002,
      1.25,
      1.3,
      1.35,
      1.4000000000000001,
      1.4500000000000002,
      1.5,
      1.55,
      1.6,
      1.6500000000000001,
      1.7000000000000002,
      1.75,
      1.8,
      1.85,
      1.9000000000000001,
      1.9500000000000002,
      2.0,
      2.0500000000000003,
      2.1,
      2.15,
      2.2,
      2.25,
      2.3000000000000003,
      2.35,
      2.4000000000000004,
      2.45,
      2.5
   ],
   "Sum dv^2": [
      754.6766741455293,
      0.0,
      0.0,
      3726.5366419723123,
      0.0,
      0.0,
      19895.871219546436,
      0.0,
      0.0,
      18244.7899725082,
      30438.905463839023,
      36756.89437470563,
      77410.01376376317,
      120214.23824129703,
      125185.06895619736,
      195678.48142070253,
      394172.86860827805,
      377715.42210241273,
      608530.9086496967,
      927278.1274084656,
      1560595.6089822154,
      1777958.0554252395,
      2496174.9629355934,
      3870073.6811371655,
      4764368.301884187,
      6729913.392210146,
      9515060.030390903,
      12483067.41440483,
      16398126.01669128,
      21480024.22227026,
      29704567.29323731,
      36386831.26970239,
      49390415.102783054,
      61239218.02598036,
      77477622.95296267,
      94842875.37572645,
      112684856.96852267,
      133048172.72681978,
      150513038.48344046,
      173450197.5396368,
      204455709.92910662,
      233018358.21768168,
      263402437.6701613,
      290552618.7489568,
      310779069.4468957,
      308419106.6679721,
      274162126.1483723,
      201436672.776451,
      110544281.3108475,
      44039140.3248831,
      2801505.309265655
   ],
   "Sum weights": [
      65280.0,
      0.0,
      0.0,
      130050.0,
      0.0,
      0.0,
      324104.0,
      0.0,
      0.0,
      193800.0,
      258060.0,
      257048.0,
      449570.0,
      575312.0,
      511036.0,
      700020.0,
      1203734.0,
      1007972.0,
      1445380.0,
      1937042.0,
      2859272.0,
      2897116.0,
      3674690.0,
      5155474.0,
      5773520.0,
      7491838.0,
      9701238.0,
      11757186.0,
      14320938.0,
      17540114.0,
      22734900.0,
      26303374.0,
      34062188.0,
      40733820.0,
      50149068.0,
      60431004.0,
      72289830.0,
      87731826.0,
      102476376.0,
      120332462.0,
      140368314.0,
      158782298.0,
      178392398.0,
      192781200.0,
      200564162.0,
      196929652.0,
      173862636.0,
      123283452.0,
      50816154.0,
      14282052.0,
      1557090.0
   ],
   "Sum w * dv^2": [
      754.6766741455293,
      0.0,
      0.0,
      3726.5366419723123,
      0.0,
      0.0,
      19895.871219546436,
      0.0,
      0.0,
      18244.7899725082,
      30438.905463839023,
      36756.89437470563,
      77410.01376376317,
      120214.23824129703,
      125185.06895619736,
      195678.48142070253,
      394172.86860827805,
      377715.42210241273,
      608530.9086496967,
      927278.1274084656,
      1560595.6089822154,
      1777958.0554252395,
      2496174.9629355934,
      3870073.6811371655,
      4764368.301884187,
      6729913.392210146,
      9515060.030390903,
      12483067.41440483,
      16398126.01669128,
      21480024.22227026,
      29704567.29323731,
      36386831.26970239,
      49390415.102783054,
      61239218.02598036,
      77477622.95296267,
      94842875.37572645,
      112684856.96852267,
      133048172.72681978,
      150513038.48344046,
      173450197.5396368,
      204455709.92910662,
      233018358.21768168,
      263402437.6701613,
      290552618.7489568,
      310779069.4468957,
      308419106.6679721,
      274162126.1483723,
      201436672.776451,
      110544281.3108475,
      44039140.3248831,
      2801505.309265655
   ],
   "N pairs": [
      65280,
      0,
      0,
      130050,
      0,
      0,
      324104,
      0,
      0,
      193800,
      258060,
      257048,
      449570,
      575312,
      511036,
      700020,
      1203734,
      1007972,
      1445380,
      1937042,
      2859272,
      2897116,
      3674690,
      5155474,
      5773520,
      7491838,
      9701238,
      11757186,
      14320938,
      17540114,
      22734900,
      26303374,
      34062188,
      40733820,
      50149068,
      60431004,
      72289830,
      87731826,
      102476376,
      120332462,
      140368314,
      158782298,
      178392398,
      192781200,
      200564162,
      196929652,
      173862636,
      123283452,
      50816154,
      14282052,
      1557090
   ],
   "Unweighted B(r)": [
      0.01156061081718029,
      NaN,
      NaN,
      0.02865464545922578,
      NaN,
      NaN,
      0.061387305369716004,
      NaN,
      NaN,
      0.09414236311923735,
      0.11795282284677604,
      0.14299622784345972,
      0.17218678684912955,
      0.20895485969577732,
      0.24496330778300815,
      0.279532701095258,
      0.32745844896653087,
      0.3747280897707602,
      0.4210179389846938,
      0.4787083230040782,
      0.5458017316933176,
      0.6136992980002318,
      0.6792885829649831,
      0.7506727181898629,
      0.825210322625398,
      0.8982993748944046,
      0.9808088442311077,
      1.0617393834208992,
      1.1450455282113001,
      1.2246228400950108,
      1.3065624785346455,
      1.383352237233991,
      1.4500071194129707,
      1.5033998290850297,
      1.5449464176076546,
      1.5694406694902248,
      1.558792667910862,
      1.5165325833617072,
      1.4687584042144548,
      1.4414248213390397,
      1.4565659734938943,
      1.4675336051483627,
      1.4765339813984748,
      1.5071626214016554,
      1.549524433218013,
      1.5661384841525647,
      1.5768892756714692,
      1.6339311522235036,
      2.1753767770549404,
      3.083530316573774,
      1.7991929235083746
   ],
   "Weighted B(r)": [
      0.01156061081718029,
      NaN,
      NaN,
      0.02865464545922578,
      NaN,
      NaN,
      0.061387305369716004,
      NaN,
      NaN,
      0.09414236311923735,
      0.11795282284677604,
      0.14299622784345972,
      0.17218678684912955,
      0.20895485969577732,
      0.24496330778300815,
      0.279532701095258,
      0.32745844896653087,
      0.3747280897707602,
      0.4210179389846938,
      0.4787083230040782,
      0.5458017316933176,
      0.6136992980002318,
      0.6792885829649831,
      0.7506727181898629,
      0.825210322625398,
      0.8982993748944046,
      0.9808088442311077,
      1.0617393834208992,
      1.1450455282113001,
      1.2246228400950108,
      1.3065624785346455,
      1.383352237233991,
      1.4500071194129707,
      1.5033998290850297,
      1.5449464176076546,
      1.5694406694902248,
      1.558792667910862,
      1.5165325833617072,
      1.4687584042144548,
      1.4414248213390397,
      1.4565659734938943,
      1.4675336051483627,
      1.4765339813984748,
      1.5071626214016554,
      1.549524433218013,
      1.5661384841525647,
      1.5768892756714692,
      1.6339311522235036,
      2.1753767770549404,
      3.083530316573774,
      1.7991929235083746
   ],
   "Unweighted sigma^2": 0.7585569267247088,
   "Apparent r0": 14.307684480708435
}