{
   "log10 r": [
      0.0,
      0.05,
      0.1,
      0.15000000000000002,
      0.2,
      0.25,
      0.30000000000000004,
      0.35000000000000003,
      0.4,
      0.45,
      0.5,
      0.55,
      0.6000000000000001,
      0.65,
      0.7000000000000001,
      0.75,
      0.8,
      0.8500000000000001,
      0.9,
      0.9500000000000001,
      1.0,
      1.05,
      1.1,
      1.1500000000000001,
      1.2000000000000002,
      1.25,
      1.3,
      1.35,
      1.4000000000000001,
      1.4500000000000002,
      1.5,
      1.55,
      1.6,
      1.6500000000000001,
      1.7000000000000002,
      1.75,
      1.8,
      1.85,
      1.9000000000000001,
      1.9500000000000002,
      2.0,
      2.0500000000000003,
      2.1,
      2.15,
      2.2,
      2.25,
      2.3000000000000003,
      2.35,
      2.4000000000000004,
      2.45,
      2.5
   ],
   "Sum dv^2": [
      0.28707597194674034,
      0.0,
      0.0,
      2.3748196495002616,
      0.0,
      0.0,
      12.954217543698332,
      0.0,
      0.0,
      11.960445162731215,
      23.479806442606986,
      30.323830745933304,
      65.08448930273823,
      111.00666373347411,
      127.03200735794745,
      209.64644240017708,
      470.95439362489367,
      504.35197881041506,
      870.6358128901406,
      1476.1893191700792,
      2768.361041933365,
      3563.4038065823647,
      5555.819599872266,
      9819.821880054504,
      13628.823915675697,
      21810.766984977694,
      34886.37476919774,
      52023.25916855726,
      77231.87794785509,
      114029.4250898332,
      177441.59072687477,
      243670.24423647064,
      370566.86629608274,
      514514.07165184425,
      724075.1842056486,
      982582.0209905709,
      1302415.4965811179,
      1725475.9979563437,
      2161935.4867277546,
      2668136.120206721,
      3195212.6088353363,
      3591984.4239033298,
      3861734.845987989,
      3814635.6997275082,
      3533138.8054539696,
      3172186.562443235,
      2912748.9875495415,
      2804314.1573578576,
      1666447.3184471682,
      510466.7428841624,
      36235.78668121999
   ],
   "Sum weights": [
      65280.0,
      0.0,
      0.0,
      130050.0,
      0.0,
      0.0,
      324104.0,
      0.0,
      0.0,
      193800.0,
      258060.0,
      257048.0,
      449570.0,
      575312.0,
      511036.0,
      700020.0,
      1203734.0,
      1007972.0,
      1445380.0,
      1937042.0,
      2859272.0,
      2897116.0,
      3674690.0,
      5155474.0,
      5773520.0,
      7491838.0,
      9701238.0,
      11757186.0,
      14320938.0,
      17540114.0,
      22734900.0,
      26303374.0,
      34062188.0,
      40733820.0,
      50149068.0,
      60431004.0,
      72289830.0,
      87731826.0,
      102476376.0,
      120332462.0,
      140368314.0,
      158782298.0,
      178392398.0,
      192781200.0,
      200564162.0,
      196929652.0,
      173862636.0,
      123283452.0,
      50816154.0,
      14282052.0,
      1557090.0
   ],
   "Sum w * dv^2": [
      0.28707597194674034,
      0.0,
      0.0,
      2.3748196495002616,
      0.0,
      0.0,
      12.954217543698332,
      0.0,
      0.0,
      11.960445162731215,
      23.479806442606986,
      30.323830745933304,
      65.08448930273823,
      111.00666373347411,
      127.03200735794745,
      209.64644240017708,
      470.95439362489367,
      504.35197881041506,
      870.6358128901406,
      1476.1893191700792,
      2768.361041933365,
      3563.4038065823647,
      5555.819599872266,
      9819.821880054504,
      13628.823915675697,
      21810.766984977694,
      34886.37476919774,
      52023.25916855726,
      77231.87794785509,
      114029.4250898332,
      177441.59072687477,
      243670.24423647064,
      370566.86629608274,
      514514.07165184425,
      724075.1842056486,
      982582.0209905709,
      1302415.4965811179,
      1725475.9979563437,
      2161935.4867277546,
      2668136.120206721,
      3195212.6088353363,
      3591984.4239033298,
      3861734.845987989,
      3814635.6997275082,
      3533138.8054539696,
      3172186.562443235,
      2912748.9875495415,
      2804314.1573578576,
      1666447.3184471682,
      510466.7428841624,
      36235.78668121999
   ],
   "N pairs": [
      65280,
      0,
      0,
      130050,
      0,
      0,
      324104,
      0,
      0,
      193800,
      258060,
      257048,
      449570,
      575312,
      511036,
      700020,
      1203734,
      1007972,
      1445380,
      1937042,
      2859272,
      2897116,
      3674690,
      5155474,
      5773520,
      7491838,
      9701238,
      11757186,
      14320938,
      17540114,
      22734900,
      26303374,
      34062188,
      40733820,
      50149068,
      60431004,
      72289830,
      87731826,
      102476376,
      120332462,
      140368314,
      158782298,
      178392398,
      192781200,
      200564162,
      196929652,
      173862636,
      123283452,
      50816154,
      14282052,
      1557090
   ],
   "Unweighted B(r)": [
      4.397609864380214e-06,
      NaN,
      NaN,
      1.8260820065361488e-05,
      NaN,
      NaN,
      3.996932325333329e-05,
      NaN,
      NaN,
      6.171540331646654e-05,
      9.098584221734087e-05,
      0.00011796952610381448,
      0.00014477053473928027,
      0.00019295037081353095,
      0.0002485774140333508,
      0.00029948636096136834,
      0.0003912445719942227,
      0.0005003630843023566,
      0.0006023577279955034,
      0.0007620843116308677,
      0.000968204858416186,
      0.001229983130320762,
      0.0015119151819261668,
      0.0019047369611512935,
      0.00236057447028428,
      0.0029112705033100946,
      0.003596074518447825,
      0.004424805320640267,
      0.005392934313929373,
      0.006501065220547209,
      0.007804810697512404,
      0.009263839849460782,
      0.010879126916218146,
      0.012631127442794323,
      0.014438457444625862,
      0.016259568035483424,
      0.018016579878263897,
      0.019667617518371767,
      0.02109691590506435,
      0.022173036900106982,
      0.022763061817749952,
      0.02262207103151593,
      0.021647418215590044,
      0.019787384349342716,
      0.01761600263088861,
      0.016108222048974295,
      0.016753162465278287,
      0.022746882179758055,
      0.03279365294837481,
      0.035741834778655224,
      0.023271478643636524
   ],
   "Weighted B(r)": [
      4.397609864380214e-06,
      NaN,
      NaN,
      1.8260820065361488e-05,
      NaN,
      NaN,
      3.996932325333329e-05,
      NaN,
      NaN,
      6.171540331646654e-05,
      9.098584221734087e-05,
      0.00011796952610381448,
      0.00014477053473928027,
      0.00019295037081353095,
      0.0002485774140333508,
      0.00029948636096136834,
      0.0003912445719942227,
      0.0005003630843023566,
      0.0006023577279955034,
      0.0007620843116308677,
      0.000968204858416186,
      0.001229983130320762,
      0.0015119151819261668,
      0.0019047369611512935,
      0.00236057447028428,
      0.0029112705033100946,
      0.003596074518447825,
      0.004424805320640267,
      0.005392934313929373,
      0.006501065220547209,
      0.007804810697512404,
      0.009263839849460782,
      0.010879126916218146,
      0.012631127442794323,
      0.014438457444625862,
      0.016259568035483424,
      0.018016579878263897,
      0.019667617518371767,
      0.02109691590506435,
      0.022173036900106982,
      0.022763061817749952,
      0.02262207103151593,
      0.021647418215590044,
      0.019787384349342716,
      0.01761600263088861,
      0.016108222048974295,
      0.016753162465278287,
      0.022746882179758055,
      0.03279365294837481,
      0.035741834778655224,
      0.023271478643636524
   ],
   "Unweighted sigma^2": 0.009420820746363839,
   "Apparent r0": 35.9020874554169
}