{
   "log10 r": [
      0.0,
      0.05,
      0.1,
      0.15000000000000002,
      0.2,
      0.25,
      0.30000000000000004,
      0.35000000000000003,
      0.4,
      0.45,
      0.5,
      0.55,
      0.6000000000000001,
      0.65,
      0.7000000000000001,
      0.75,
      0.8,
      0.8500000000000001,
      0.9,
      0.9500000000000001,
      1.0,
      1.05,
      1.1,
      1.1500000000000001,
      1.2000000000000002,
      1.25,
      1.3,
      1.35,
      1.4000000000000001,
      1.4500000000000002,
      1.5,
      1.55,
      1.6,
      1.6500000000000001,
      1.7000000000000002,
      1.75,
      1.8,
      1.85,
      1.9000000000000001,
      1.9500000000000002,
      2.0,
      2.0500000000000003,
      2.1,
      2.15,
      2.2,
      2.25,
      2.3000000000000003,
      2.35,
      2.4000000000000004,
      2.45,
      2.5
   ],
   "Sum dv^2": [
      160.6698966096122,
      0.0,
      0.0,
      797.1000777584101,
      0.0,
      0.0,
      4576.824540178521,
      0.0,
      0.0,
      4523.0658312702835,
      7757.43065930679,
      9952.017144492336,
      22146.427978822434,
      37149.83986635459,
      40471.637347265954,
      67806.4686529314,
      147368.62864625495,
      151428.46851231324,
      258490.02396761513,
      421982.74179955735,
      760846.9343498682,
      924615.757386119,
      1372291.022092315,
      2254043.2634137035,
      2920792.8788798074,
      4313956.331360362,
      6340426.9640461635,
      8609349.37249847,
      11650058.645594463,
      15648987.617782388,
      22104145.87904276,
      27550844.831601832,
      37965228.50297884,
      47644657.33535104,
      60681614.44130502,
      74410139.39024739,
      88385865.88923727,
      104098933.9764355,
      117044030.0176778,
      134493360.96335328,
      158234174.4872127,
      181029601.22059467,
      205025493.34722653,
      226700194.00536004,
      244273680.41277826,
      243881837.15627256,
      215900412.541845,
      160448241.6219305,
      92755932.99054016,
      37900710.72440239,
      2278504.2242079945
   ],
   "Sum weights": [
      65280.0,
      0.0,
      0.0,
      130050.0,
      0.0,
      0.0,
      324104.0,
      0.0,
      0.0,
      193800.0,
      258060.0,
      257048.0,
      449570.0,
      575312.0,
      511036.0,
      700020.0,
      1203734.0,
      1007972.0,
      1445380.0,
      1937042.0,
      2859272.0,
      2897116.0,
      3674690.0,
      5155474.0,
      5773520.0,
      7491838.0,
      9701238.0,
      11757186.0,
      14320938.0,
      17540114.0,
      22734900.0,
      26303374.0,
      34062188.0,
      40733820.0,
      50149068.0,
      60431004.0,
      72289830.0,
      87731826.0,
      102476376.0,
      120332462.0,
      140368314.0,
      158782298.0,
      178392398.0,
      192781200.0,
      200564162.0,
      196929652.0,
      173862636.0,
      123283452.0,
      50816154.0,
      14282052.0,
      1557090.0
   ],
   "Sum w * dv^2": [
      160.6698966096122,
      0.0,
      0.0,
      797.1000777584101,
      0.0,
      0.0,
      4576.824540178521,
      0.0,
      0.0,
      4523.0658312702835,
      7757.43065930679,
      9952.017144492336,
      22146.427978822434,
      37149.83986635459,
      40471.637347265954,
      67806.4686529314,
      147368.62864625495,
      151428.46851231324,
      258490.02396761513,
      421982.74179955735,
      760846.9343498682,
      924615.757386119,
      1372291.022092315,
      2254043.2634137035,
      2920792.8788798074,
      4313956.331360362,
      6340426.9640461635,
      8609349.37249847,
      11650058.645594463,
      15648987.617782388,
      22104145.87904276,
      27550844.831601832,
      37965228.50297884,
      47644657.33535104,
      60681614.44130502,
      74410139.39024739,
      88385865.88923727,
      104098933.9764355,
      117044030.0176778,
      134493360.96335328,
      158234174.4872127,
      181029601.22059467,
      205025493.34722653,
      226700194.00536004,
      244273680.41277826,
      243881837.15627256,
      215900412.541845,
      160448241.6219305,
      92755932.99054016,
      37900710.72440239,
      2278504.2242079945
   ],
   "N pairs": [
      65280,
      0,
      0,
      130050,
      0,
      0,
      324104,
      0,
      0,
      193800,
      258060,
      257048,
      449570,
      575312,
      511036,
      700020,
      1203734,
      1007972,
      1445380,
      1937042,
      2859272,
      2897116,
      3674690,
      5155474,
      5773520,
      7491838,
      9701238,
      11757186,
      14320938,
      17540114,
      22734900,
      26303374,
      34062188,
      40733820,
      50149068,
      60431004,
      72289830,
      87731826,
      102476376,
      120332462,
      140368314,
      158782298,
      178392398,
      192781200,
      200564162,
      196929652,
      173862636,
      123283452,
      50816154,
      14282052,
      1557090
   ],
   "Unweighted B(r)": [
      0.002461242288750187,
      NaN,
      NaN,
      0.006129181682110035,
      NaN,
      NaN,
      0.014121468850055911,
      NaN,
      NaN,
      0.023338832978690834,
      0.030060569864786446,
      0.03871657100810874,
      0.04926135636012731,
      0.06457337908188007,
      0.07919527655050908,
      0.09686361625800892,
      0.12242624088565658,
      0.15023082834871726,
      0.1788387994628507,
      0.21784904085691345,
      0.2660981306954596,
      0.31915040936783995,
      0.37344402441901625,
      0.4372135837390904,
      0.5058946498634814,
      0.575820824123581,
      0.6535688500834804,
      0.732262751690623,
      0.8134982949855982,
      0.8921827770208556,
      0.9722561295208142,
      1.0474262667444045,
      1.11458572488,
      1.1696584640318792,
      1.2100247693796626,
      1.2313238977503567,
      1.222659755725491,
      1.186558387334096,
      1.1421562177186848,
      1.1176814529345644,
      1.127278443247617,
      1.1401119866686567,
      1.1492950128246302,
      1.1759455486601393,
      1.2179328449156248,
      1.2384211045895341,
      1.24178729547069,
      1.301458054743069,
      1.8253237541459781,
      2.6537300609465917,
      1.4633092654939628
   ],
   "Weighted B(r)": [
      0.002461242288750187,
      NaN,
      NaN,
      0.006129181682110035,
      NaN,
      NaN,
      0.014121468850055911,
      NaN,
      NaN,
      0.023338832978690834,
      0.030060569864786446,
      0.03871657100810874,
      0.04926135636012731,
      0.06457337908188007,
      0.07919527655050908,
      0.09686361625800892,
      0.12242624088565658,
      0.15023082834871726,
      0.1788387994628507,
      0.21784904085691345,
      0.2660981306954596,
      0.31915040936783995,
      0.37344402441901625,
      0.4372135837390904,
      0.5058946498634814,
      0.575820824123581,
      0.6535688500834804,
      0.732262751690623,
      0.8134982949855982,
      0.8921827770208556,
      0.9722561295208142,
      1.0474262667444045,
      1.11458572488,
      1.1696584640318792,
      1.2100247693796626,
      1.2313238977503567,
      1.222659755725491,
      1.186558387334096,
      1.1421562177186848,
      1.1176814529345644,
      1.127278443247617,
      1.1401119866686567,
      1.1492950128246302,
      1.1759455486601393,
      1.2179328449156248,
      1.2384211045895341,
      1.24178729547069,
      1.301458054743069,
      1.8253237541459781,
      2.6537300609465917,
      1.4633092654939628
   ],
   "Unweighted sigma^2": 0.5931753684976198,
   "Apparent r0": 18.267133015174924
}