{
   "log10 r": [
      0.0,
      0.05,
      0.1,
      0.15000000000000002,
      0.2,
      0.25,
      0.30000000000000004,
      0.35000000000000003,
      0.4,
      0.45,
      0.5,
      0.55,
      0.6000000000000001,
      0.65,
      0.7000000000000001,
      0.75,
      0.8,
      0.8500000000000001,
      0.9,
      0.9500000000000001,
      1.0,
      1.05,
      1.1,
      1.1500000000000001,
      1.2000000000000002,
      1.25,
      1.3,
      1.35,
      1.4000000000000001,
      1.4500000000000002,
      1.5,
      1.55,
      1.6,
      1.6500000000000001,
      1.7000000000000002,
      1.75,
      1.8,
      1.85,
      1.9000000000000001,
      1.9500000000000002,
      2.0,
      2.0500000000000003,
      2.1,
      2.15,
      2.2,
      2.25,
      2.3000000000000003,
      2.35,
      2.4000000000000004,
      2.45,
      2.5
   ],
   "Sum dv^2": [
      0.7803942654811576,
      0.0,
      0.0,
      6.161124721320272,
      0.0,
      0.0,
      33.756108005753845,
      0.0,
      0.0,
      31.322005060767626,
      60.9245828249581,
      78.62629856281033,
      169.1687392366782,
      288.0361340465078,
      328.58865055230586,
      542.2309440614854,
      1214.0639494696668,
      1295.0821733786197,
      2229.4299857335354,
      3759.968942453263,
      7001.54810560493,
      8932.385361901877,
      13785.57514638112,
      24036.89991285255,
      32808.93113201492,
      51482.12875760707,
      80320.28920211444,
      116340.76887137684,
      167041.56209183368,
      237715.94258259892,
      354777.5043722556,
      466362.3142779917,
      677838.45886973,
      899301.0621081507,
      1211214.112933783,
      1573927.6798040443,
      2002514.1517569849,
      2563311.891629036,
      3161134.959144581,
      3967384.240899772,
      5066353.841667416,
      6409472.990342455,
      8109429.960071215,
      9875461.27588117,
      11472898.58900115,
      12226653.15160002,
      11556217.733334262,
      8753269.096505938,
      4267669.826005324,
      1444195.7885979605,
      109202.5469462394
   ],
   "Sum weights": [
      65280.0,
      0.0,
      0.0,
      130050.0,
      0.0,
      0.0,
      324104.0,
      0.0,
      0.0,
      193800.0,
      258060.0,
      257048.0,
      449570.0,
      575312.0,
      511036.0,
      700020.0,
      1203734.0,
      1007972.0,
      1445380.0,
      1937042.0,
      2859272.0,
      2897116.0,
      3674690.0,
      5155474.0,
      5773520.0,
      7491838.0,
      9701238.0,
      11757186.0,
      14320938.0,
      17540114.0,
      22734900.0,
      26303374.0,
      34062188.0,
      40733820.0,
      50149068.0,
      60431004.0,
      72289830.0,
      87731826.0,
      102476376.0,
      120332462.0,
      140368314.0,
      158782298.0,
      178392398.0,
      192781200.0,
      200564162.0,
      196929652.0,
      173862636.0,
      123283452.0,
      50816154.0,
      14282052.0,
      1557090.0
   ],
   "Sum w * dv^2": [
      0.7803942654811576,
      0.0,
      0.0,
      6.161124721320272,
      0.0,
      0.0,
      33.756108005753845,
      0.0,
      0.0,
      31.322005060767626,
      60.9245828249581,
      78.62629856281033,
      169.1687392366782,
      288.0361340465078,
      328.58865055230586,
      542.2309440614854,
      1214.0639494696668,
      1295.0821733786197,
      2229.4299857335354,
      3759.968942453263,
      7001.54810560493,
      8932.385361901877,
      13785.57514638112,
      24036.89991285255,
      32808.93113201492,
      51482.12875760707,
      80320.28920211444,
      116340.76887137684,
      167041.56209183368,
      237715.94258259892,
      354777.5043722556,
      466362.3142779917,
      677838.45886973,
      899301.0621081507,
      1211214.112933783,
      1573927.6798040443,
      2002514.1517569849,
      2563311.891629036,
      3161134.959144581,
      3967384.240899772,
      5066353.841667416,
      6409472.990342455,
      8109429.960071215,
      9875461.27588117,
      11472898.58900115,
      12226653.15160002,
      11556217.733334262,
      8753269.096505938,
      4267669.826005324,
      1444195.7885979605,
      109202.5469462394
   ],
   "N pairs": [
      65280,
      0,
      0,
      130050,
      0,
      0,
      324104,
      0,
      0,
      193800,
      258060,
      257048,
      449570,
      575312,
      511036,
      700020,
      1203734,
      1007972,
      1445380,
      1937042,
      2859272,
      2897116,
      3674690,
      5155474,
      5773520,
      7491838,
      9701238,
      11757186,
      14320938,
      17540114,
      22734900,
      26303374,
      34062188,
      40733820,
      50149068,
      60431004,
      72289830,
      87731826,
      102476376,
      120332462,
      140368314,
      158782298,
      178392398,
      192781200,
      200564162,
      196929652,
      173862636,
      123283452,
      50816154,
      14282052,
      1557090
   ],
   "Unweighted B(r)": [
      1.1954569017787342e-05,
      NaN,
      NaN,
      4.7375045915573026e-05,
      NaN,
      NaN,
      0.00010415208700217783,
      NaN,
      NaN,
      0.00016162025315153575,
      0.00023608688996728706,
      0.0003058817752435745,
      0.00037629009773044954,
      0.0005006607441640498,
      0.0006429853289245882,
      0.000774593503130604,
      0.0010085815881828268,
      0.0012848394334154319,
      0.0015424524939694304,
      0.0019410879797408952,
      0.00244871705301382,
      0.003083199071732674,
      0.003751493363081272,
      0.00466240347887557,
      0.005682656530507372,
      0.006871762144030219,
      0.008279385497202979,
      0.00989529032468967,
      0.011664149519524047,
      0.01355270225624525,
      0.015604973163385613,
      0.01773013280646018,
      0.019900026941009487,
      0.02207750370842093,
      0.0241522756302028,
      0.0260450360845245,
      0.027701187729407925,
      0.02921758281457673,
      0.03084745072507815,
      0.03297019087750213,
      0.03609328699116109,
      0.04036642038234297,
      0.04545838304203532,
      0.05122626727025856,
      0.057203133773226895,
      0.06208640002877789,
      0.06646751711123408,
      0.07100116807652286,
      0.0839825427560953,
      0.10111962822975021,
      0.07013245666354508
   ],
   "Weighted B(r)": [
      1.1954569017787342e-05,
      NaN,
      NaN,
      4.7375045915573026e-05,
      NaN,
      NaN,
      0.00010415208700217783,
      NaN,
      NaN,
      0.00016162025315153575,
      0.00023608688996728706,
      0.0003058817752435745,
      0.00037629009773044954,
      0.0005006607441640498,
      0.0006429853289245882,
      0.000774593503130604,
      0.0010085815881828268,
      0.0012848394334154319,
      0.0015424524939694304,
      0.0019410879797408952,
      0.00244871705301382,
      0.003083199071732674,
      0.003751493363081272,
      0.00466240347887557,
      0.005682656530507372,
      0.006871762144030219,
      0.008279385497202979,
      0.00989529032468967,
      0.011664149519524047,
      0.01355270225624525,
      0.015604973163385613,
      0.01773013280646018,
      0.019900026941009487,
      0.02207750370842093,
      0.0241522756302028,
      0.0260450360845245,
      0.027701187729407925,
      0.02921758281457673,
      0.03084745072507815,
      0.03297019087750213,
      0.03609328699116109,
      0.04036642038234297,
      0.04545838304203532,
      0.05122626727025856,
      0.057203133773226895,
      0.06208640002877789,
      0.06646751711123408,
      0.07100116807652286,
      0.0839825427560953,
      0.10111962822975021,
      0.07013245666354508
   ],
   "Unweighted sigma^2": 0.022652846315687442,
   "Apparent r0": 46.179767137253265
}