{
   "log10 r": [
      0.0,
      0.05,
      0.1,
      0.15000000000000002,
      0.2,
      0.25,
      0.30000000000000004,
      0.35000000000000003,
      0.4,
      0.45,
      0.5,
      0.55,
      0.6000000000000001,
      0.65,
      0.7000000000000001,
      0.75,
      0.8,
      0.8500000000000001,
      0.9,
      0.9500000000000001,
      1.0,
      1.05,
      1.1,
      1.1500000000000001,
      1.2000000000000002,
      1.25,
      1.3,
      1.35,
      1.4000000000000001,
      1.4500000000000002,
      1.5,
      1.55,
      1.6,
      1.6500000000000001,
      1.7000000000000002,
      1.75,
      1.8,
      1.85,
      1.9000000000000001,
      1.9500000000000002,
      2.0,
      2.0500000000000003,
      2.1,
      2.15,
      2.2,
      2.25,
      2.3000000000000003,
      2.35,
      2.4000000000000004,
      2.45,
      2.5
   ],
   "Sum dv^2": [
      3.5332544182516332,
      0.0,
      0.0,
      21.984118598078382,
      0.0,
      0.0,
      121.81474344939502,
      0.0,
      0.0,
      115.1179896983667,
      210.0622464934208,
      267.8511266945175,
      577.5021619928824,
      961.0551877391385,
      1060.1152786906362,
      1728.6341527897966,
      3731.6011606562165,
      3828.293199201238,
      6406.927655429367,
      10344.288035652304,
      18358.695449781484,
      22198.842988676035,
      32637.161141859848,
      53688.1920918354,
      69400.76718201087,
      103068.79278709956,
      152369.37934508282,
      209316.39273071586,
      286493.455305232,
      390052.92713968543,
      558341.7624425293,
      706470.711735145,
      992778.7495186777,
      1281408.9105573057,
      1689871.1939095487,
      2157525.0654473873,
      2695566.1203231653,
      3390702.242151494,
      4103059.1907657757,
      5035313.95477829,
      6328672.831138415,
      7888690.60498497,
      9797247.048925288,
      11751116.879742973,
      13458749.299173295,
      14101153.305893006,
      13246627.683370974,
      9975061.573235739,
      4787500.29535509,
      1619481.0099165833,
      110642.09939003627
   ],
   "Sum weights": [
      65280.0,
      0.0,
      0.0,
      130050.0,
      0.0,
      0.0,
      324104.0,
      0.0,
      0.0,
      193800.0,
      258060.0,
      257048.0,
      449570.0,
      575312.0,
      511036.0,
      700020.0,
      1203734.0,
      1007972.0,
      1445380.0,
      1937042.0,
      2859272.0,
      2897116.0,
      3674690.0,
      5155474.0,
      5773520.0,
      7491838.0,
      9701238.0,
      11757186.0,
      14320938.0,
      17540114.0,
      22734900.0,
      26303374.0,
      34062188.0,
      40733820.0,
      50149068.0,
      60431004.0,
      72289830.0,
      87731826.0,
      102476376.0,
      120332462.0,
      140368314.0,
      158782298.0,
      178392398.0,
      192781200.0,
      200564162.0,
      196929652.0,
      173862636.0,
      123283452.0,
      50816154.0,
      14282052.0,
      1557090.0
   ],
   "Sum w * dv^2": [
      3.5332544182516332,
      0.0,
      0.0,
      21.984118598078382,
      0.0,
      0.0,
      121.81474344939502,
      0.0,
      0.0,
      115.1179896983667,
      210.0622464934208,
      267.8511266945175,
      577.5021619928824,
      961.0551877391385,
      1060.1152786906362,
      1728.6341527897966,
      3731.6011606562165,
      3828.293199201238,
      6406.927655429367,
      10344.288035652304,
      18358.695449781484,
      22198.842988676035,
      32637.161141859848,
      53688.1920918354,
      69400.76718201087,
      103068.79278709956,
      152369.37934508282,
      209316.39273071586,
      286493.455305232,
      390052.92713968543,
      558341.7624425293,
      706470.711735145,
      992778.7495186777,
      1281408.9105573057,
      1689871.1939095487,
      2157525.0654473873,
      2695566.1203231653,
      3390702.242151494,
      4103059.1907657757,
      5035313.95477829,
      6328672.831138415,
      7888690.60498497,
      9797247.048925288,
      11751116.879742973,
      13458749.299173295,
      14101153.305893006,
      13246627.683370974,
      9975061.573235739,
      4787500.29535509,
      1619481.0099165833,
      110642.09939003627
   ],
   "N pairs": [
      65280,
      0,
      0,
      130050,
      0,
      0,
      324104,
      0,
      0,
      193800,
      258060,
      257048,
      449570,
      575312,
      511036,
      700020,
      1203734,
      1007972,
      1445380,
      1937042,
      2859272,
      2897116,
      3674690,
      5155474,
      5773520,
      7491838,
      9701238,
      11757186,
      14320938,
      17540114,
      22734900,
      26303374,
      34062188,
      40733820,
      50149068,
      60431004,
      72289830,
      87731826,
      102476376,
      120332462,
      140368314,
      158782298,
      178392398,
      192781200,
      200564162,
      196929652,
      173862636,
      123283452,
      50816154,
      14282052,
      1557090
   ],
   "Unweighted B(r)": [
      5.412460812272722e-05,
      NaN,
      NaN,
      0.0001690435878360506,
      NaN,
      NaN,
      0.0003758507869368938,
      NaN,
      NaN,
      0.0005940040748109737,
      0.000814005450257385,
      0.00104202766290544,
      0.0012845656115685708,
      0.0016704939019855983,
      0.002074443441735291,
      0.002469406806648091,
      0.003100021400621912,
      0.003798015420270839,
      0.004432694277926474,
      0.005340249739371838,
      0.006420758658071525,
      0.007662393562658877,
      0.00888160937163675,
      0.010413822684749337,
      0.01202052944858784,
      0.013757477509137219,
      0.01570617887583861,
      0.01780327305621565,
      0.020005215810949814,
      0.022237764654191267,
      0.024558795615662675,
      0.02685855859157631,
      0.02914606511826773,
      0.031458108042832854,
      0.03369696110622731,
      0.035702287280340195,
      0.03728831732379458,
      0.03864848592290207,
      0.04003907389119397,
      0.04184501730529116,
      0.045086192537287406,
      0.04968243125556081,
      0.05491964432769881,
      0.060955720162251155,
      0.06710445757090588,
      0.07160502830672247,
      0.07619019237331116,
      0.08091160177146678,
      0.09421217306912069,
      0.11339274005700184,
      0.07105697126693786
   ],
   "Weighted B(r)": [
      5.412460812272722e-05,
      NaN,
      NaN,
      0.0001690435878360506,
      NaN,
      NaN,
      0.0003758507869368938,
      NaN,
      NaN,
      0.0005940040748109737,
      0.000814005450257385,
      0.00104202766290544,
      0.0012845656115685708,
      0.0016704939019855983,
      0.002074443441735291,
      0.002469406806648091,
      0.003100021400621912,
      0.003798015420270839,
      0.004432694277926474,
      0.005340249739371838,
      0.006420758658071525,
      0.007662393562658877,
      0.00888160937163675,
      0.010413822684749337,
      0.01202052944858784,
      0.013757477509137219,
      0.01570617887583861,
      0.01780327305621565,
      0.020005215810949814,
      0.022237764654191267,
      0.024558795615662675,
      0.02685855859157631,
      0.02914606511826773,
      0.031458108042832854,
      0.03369696110622731,
      0.035702287280340195,
      0.03728831732379458,
      0.03864848592290207,
      0.04003907389119397,
      0.04184501730529116,
      0.045086192537287406,
      0.04968243125556081,
      0.05491964432769881,
      0.060955720162251155,
      0.06710445757090588,
      0.07160502830672247,
      0.07619019237331116,
      0.08091160177146678,
      0.09421217306912069,
      0.11339274005700184,
      0.07105697126693786
   ],
   "Unweighted sigma^2": 0.027356868114316448,
   "Apparent r0": 36.42444895410136
}