{
   "log10 r": [
      0.0,
      0.05,
      0.1,
      0.15000000000000002,
      0.2,
      0.25,
      0.30000000000000004,
      0.35000000000000003,
      0.4,
      0.45,
      0.5,
      0.55,
      0.6000000000000001,
      0.65,
      0.7000000000000001,
      0.75,
      0.8,
      0.8500000000000001,
      0.9,
      0.9500000000000001,
      1.0,
      1.05,
      1.1,
      1.1500000000000001,
      1.2000000000000002,
      1.25,
      1.3,
      1.35,
      1.4000000000000001,
      1.4500000000000002,
      1.5,
      1.55,
      1.6,
      1.6500000000000001,
      1.7000000000000002,
      1.75,
      1.8,
      1.85,
      1.9000000000000001,
      1.9500000000000002,
      2.0,
      2.0500000000000003,
      2.1,
      2.15,
      2.2,
      2.25,
      2.3000000000000003,
      2.35,
      2.4000000000000004,
      2.45,
      2.5
   ],
   "Sum dv^2": [
      3.9756316628585737,
      0.0,
      0.0,
      16.831558812843493,
      0.0,
      0.0,
      92.22040753792541,
      0.0,
      0.0,
      89.34216489511508,
      145.16717134526428,
      183.03429266643474,
      404.7342019061703,
      667.3903698681601,
      708.9368410234053,
      1188.2109220178859,
      2554.809976368463,
      2607.5222792474065,
      4466.391049169951,
      7337.981007144238,
      13421.337291460186,
      16670.106849658365,
      25446.24304515509,
      43407.307063449625,
      58795.22456334159,
      91662.59964246847,
      142990.7657370184,
      208569.79271138806,
      303352.5223342518,
      441555.1549195114,
      681216.199395991,
      933968.0582799305,
      1430810.197006118,
      2023318.1108734682,
      2937617.840167906,
      4164536.951631675,
      5829470.405251132,
      8246299.353299733,
      11195463.663584292,
      15146531.425364528,
      20139057.400954664,
      25799498.316135447,
      32619327.42757696,
      39524047.23965182,
      46141445.866238005,
      50930750.47116715,
      49530926.95851141,
      37526845.15240251,
      14662986.382971233,
      3769190.1300202664,
      563292.4839839578
   ],
   "Sum weights": [
      65280.0,
      0.0,
      0.0,
      130050.0,
      0.0,
      0.0,
      324104.0,
      0.0,
      0.0,
      193800.0,
      258060.0,
      257048.0,
      449570.0,
      575312.0,
      511036.0,
      700020.0,
      1203734.0,
      1007972.0,
      1445380.0,
      1937042.0,
      2859272.0,
      2897116.0,
      3674690.0,
      5155474.0,
      5773520.0,
      7491838.0,
      9701238.0,
      11757186.0,
      14320938.0,
      17540114.0,
      22734900.0,
      26303374.0,
      34062188.0,
      40733820.0,
      50149068.0,
      60431004.0,
      72289830.0,
      87731826.0,
      102476376.0,
      120332462.0,
      140368314.0,
      158782298.0,
      178392398.0,
      192781200.0,
      200564162.0,
      196929652.0,
      173862636.0,
      123283452.0,
      50816154.0,
      14282052.0,
      1557090.0
   ],
   "Sum w * dv^2": [
      3.9756316628585737,
      0.0,
      0.0,
      16.831558812843493,
      0.0,
      0.0,
      92.22040753792541,
      0.0,
      0.0,
      89.34216489511508,
      145.16717134526428,
      183.03429266643474,
      404.7342019061703,
      667.3903698681601,
      708.9368410234053,
      1188.2109220178859,
      2554.809976368463,
      2607.5222792474065,
      4466.391049169951,
      7337.981007144238,
      13421.337291460186,
      16670.106849658365,
      25446.24304515509,
      43407.307063449625,
      58795.22456334159,
      91662.59964246847,
      142990.7657370184,
      208569.79271138806,
      303352.5223342518,
      441555.1549195114,
      681216.199395991,
      933968.0582799305,
      1430810.197006118,
      2023318.1108734682,
      2937617.840167906,
      4164536.951631675,
      5829470.405251132,
      8246299.353299733,
      11195463.663584292,
      15146531.425364528,
      20139057.400954664,
      25799498.316135447,
      32619327.42757696,
      39524047.23965182,
      46141445.866238005,
      50930750.47116715,
      49530926.95851141,
      37526845.15240251,
      14662986.382971233,
      3769190.1300202664,
      563292.4839839578
   ],
   "N pairs": [
      65280,
      0,
      0,
      130050,
      0,
      0,
      324104,
      0,
      0,
      193800,
      258060,
      257048,
      449570,
      575312,
      511036,
      700020,
      1203734,
      1007972,
      1445380,
      1937042,
      2859272,
      2897116,
      3674690,
      5155474,
      5773520,
      7491838,
      9701238,
      11757186,
      14320938,
      17540114,
      22734900,
      26303374,
      34062188,
      40733820,
      50149068,
      60431004,
      72289830,
      87731826,
      102476376,
      120332462,
      140368314,
      158782298,
      178392398,
      192781200,
      200564162,
      196929652,
      173862636,
      123283452,
      50816154,
      14282052,
      1557090
   ],
   "Unweighted B(r)": [
      6.090122032565217e-05,
      NaN,
      NaN,
      0.00012942375096381003,
      NaN,
      NaN,
      0.00028453955377880373,
      NaN,
      NaN,
      0.00046100188284373106,
      0.0005625326332839816,
      0.0007120626990540083,
      0.0009002695951824417,
      0.0011600494511989322,
      0.0013872542071858055,
      0.0016973956772919144,
      0.002122404099550618,
      0.0025868995163034355,
      0.0030901154361966756,
      0.0037882405271255025,
      0.004693970105488455,
      0.005754034995374146,
      0.0069247318944332965,
      0.008419653956832994,
      0.01018360108968906,
      0.012234994889434138,
      0.014739434878004064,
      0.017739771464990693,
      0.021182447849034176,
      0.025174018533717136,
      0.029963457037241906,
      0.03550753824509093,
      0.04200582173423851,
      0.04967170058868695,
      0.058577715545339866,
      0.06891391299127969,
      0.08064025610865501,
      0.09399438868740442,
      0.10924921528825621,
      0.12587236372978497,
      0.14347295929588968,
      0.16248346724478976,
      0.1828515552976476,
      0.20502023661877725,
      0.23005827863822453,
      0.2586240820207571,
      0.2848854020510273,
      0.3043948278833279,
      0.28854970769671456,
      0.26391096531648717,
      0.36175974669669564
   ],
   "Weighted B(r)": [
      6.090122032565217e-05,
      NaN,
      NaN,
      0.00012942375096381003,
      NaN,
      NaN,
      0.00028453955377880373,
      NaN,
      NaN,
      0.00046100188284373106,
      0.0005625326332839816,
      0.0007120626990540083,
      0.0009002695951824417,
      0.0011600494511989322,
      0.0013872542071858055,
      0.0016973956772919144,
      0.002122404099550618,
      0.0025868995163034355,
      0.0030901154361966756,
      0.0037882405271255025,
      0.004693970105488455,
      0.005754034995374146,
      0.0069247318944332965,
      0.008419653956832994,
      0.01018360108968906,
      0.012234994889434138,
      0.014739434878004064,
      0.017739771464990693,
      0.021182447849034176,
      0.025174018533717136,
      0.029963457037241906,
      0.03550753824509093,
      0.04200582173423851,
      0.04967170058868695,
      0.058577715545339866,
      0.06891391299127969,
      0.08064025610865501,
      0.09399438868740442,
      0.10924921528825621,
      0.12587236372978497,
      0.14347295929588968,
      0.16248346724478976,
      0.1828515552976476,
      0.20502023661877725,
      0.23005827863822453,
      0.2586240820207571,
      0.2848854020510273,
      0.3043948278833279,
      0.28854970769671456,
      0.26391096531648717,
      0.36175974669669564
   ],
   "Unweighted sigma^2": 0.08758705397631404,
   "Apparent r0": 67.1006604662782
}