{
   "log10 r": [
      0.0,
      0.05,
      0.1,
      0.15000000000000002,
      0.2,
      0.25,
      0.30000000000000004,
      0.35000000000000003,
      0.4,
      0.45,
      0.5,
      0.55,
      0.6000000000000001,
      0.65,
      0.7000000000000001,
      0.75,
      0.8,
      0.8500000000000001,
      0.9,
      0.9500000000000001,
      1.0,
      1.05,
      1.1,
      1.1500000000000001,
      1.2000000000000002,
      1.25,
      1.3,
      1.35,
      1.4000000000000001,
      1.4500000000000002,
      1.5,
      1.55,
      1.6,
      1.6500000000000001,
      1.7000000000000002,
      1.75,
      1.8,
      1.85,
      1.9000000000000001,
      1.9500000000000002,
      2.0,
      2.0500000000000003,
      2.1,
      2.15,
      2.2,
      2.25,
      2.3000000000000003,
      2.35,
      2.4000000000000004,
      2.45,
      2.5
   ],
   "Sum dv^2": [
      0.04568481987081171,
      0.0,
      0.0,
      0.513505576427061,
      0.0,
      0.0,
      2.735760522262842,
      0.0,
      0.0,
      2.4397481037815165,
      5.079384684464587,
      6.565392597997377,
      13.829246613744274,
      23.651219636677954,
      27.537761761293822,
      44.90728410372021,
      101.56096326611751,
      109.84971043825645,
      188.85174691982434,
      321.5653871105128,
      603.9640745259568,
      783.59889382133,
      1225.7358939603055,
      2190.0458138634604,
      3062.068623226841,
      4959.6669384317765,
      8040.436279126617,
      12217.283481460046,
      18539.97163036222,
      28132.13282984116,
      45279.27299985303,
      64771.32268385307,
      103499.47540809379,
      152652.25113697533,
      231017.95219534507,
      341240.0782491371,
      498438.7661709802,
      736705.3988058469,
      1043239.4003612568,
      1476210.1886993924,
      2065365.1330283429,
      2780753.885627549,
      3690349.736773658,
      4668408.201386803,
      5617287.718624561,
      6251543.025718764,
      6044812.018931404,
      4544538.7358476585,
      2136125.927016262,
      658866.2721498637,
      67335.55766670019
   ],
   "Sum weights": [
      65280.0,
      0.0,
      0.0,
      130050.0,
      0.0,
      0.0,
      324104.0,
      0.0,
      0.0,
      193800.0,
      258060.0,
      257048.0,
      449570.0,
      575312.0,
      511036.0,
      700020.0,
      1203734.0,
      1007972.0,
      1445380.0,
      1937042.0,
      2859272.0,
      2897116.0,
      3674690.0,
      5155474.0,
      5773520.0,
      7491838.0,
      9701238.0,
      11757186.0,
      14320938.0,
      17540114.0,
      22734900.0,
      26303374.0,
      34062188.0,
      40733820.0,
      50149068.0,
      60431004.0,
      72289830.0,
      87731826.0,
      102476376.0,
      120332462.0,
      140368314.0,
      158782298.0,
      178392398.0,
      192781200.0,
      200564162.0,
      196929652.0,
      173862636.0,
      123283452.0,
      50816154.0,
      14282052.0,
      1557090.0
   ],
   "Sum w * dv^2": [
      0.04568481987081171,
      0.0,
      0.0,
      0.513505576427061,
      0.0,
      0.0,
      2.735760522262842,
      0.0,
      0.0,
      2.4397481037815165,
      5.079384684464587,
      6.565392597997377,
      13.829246613744274,
      23.651219636677954,
      27.537761761293822,
      44.90728410372021,
      101.56096326611751,
      109.84971043825645,
      188.85174691982434,
      321.5653871105128,
      603.9640745259568,
      783.59889382133,
      1225.7358939603055,
      2190.0458138634604,
      3062.068623226841,
      4959.6669384317765,
      8040.436279126617,
      12217.283481460046,
      18539.97163036222,
      28132.13282984116,
      45279.27299985303,
      64771.32268385307,
      103499.47540809379,
      152652.25113697533,
      231017.95219534507,
      341240.0782491371,
      498438.7661709802,
      736705.3988058469,
      1043239.4003612568,
      1476210.1886993924,
      2065365.1330283429,
      2780753.885627549,
      3690349.736773658,
      4668408.201386803,
      5617287.718624561,
      6251543.025718764,
      6044812.018931404,
      4544538.7358476585,
      2136125.927016262,
      658866.2721498637,
      67335.55766670019
   ],
   "N pairs": [
      65280,
      0,
      0,
      130050,
      0,
      0,
      324104,
      0,
      0,
      193800,
      258060,
      257048,
      449570,
      575312,
      511036,
      700020,
      1203734,
      1007972,
      1445380,
      1937042,
      2859272,
      2897116,
      3674690,
      5155474,
      5773520,
      7491838,
      9701238,
      11757186,
      14320938,
      17540114,
      22734900,
      26303374,
      34062188,
      40733820,
      50149068,
      60431004,
      72289830,
      87731826,
      102476376,
      120332462,
      140368314,
      158782298,
      178392398,
      192781200,
      200564162,
      196929652,
      173862636,
      123283452,
      50816154,
      14282052,
      1557090
   ],
   "Unweighted B(r)": [
      6.998287357661107e-07,
      NaN,
      NaN,
      3.9485242324264584e-06,
      NaN,
      NaN,
      8.440995860164767e-06,
      NaN,
      NaN,
      1.2588999503516597e-05,
      1.96829601041021e-05,
      2.5541504302688125e-05,
      3.076105303677798e-05,
      4.1110249111226524e-05,
      5.388614845391288e-05,
      6.415143010731152e-05,
      8.43715997605098e-05,
      0.00010898091458716755,
      0.000130658890340135,
      0.00016600847431832289,
      0.00021123001747506246,
      0.00027047549833052246,
      0.0003335617137664144,
      0.00042480008896630267,
      0.0005303642532158615,
      0.0006620093678522916,
      0.0008288051771461145,
      0.0010391332995378355,
      0.001294605956003875,
      0.0016038740016080374,
      0.0019916196244475688,
      0.0024624720267389676,
      0.0030385445411813764,
      0.003747555499017164,
      0.004606625036288712,
      0.00564677161824313,
      0.006895005371723522,
      0.008397242282473944,
      0.010180291703145872,
      0.012267763529174632,
      0.014713898558533252,
      0.017512996855780165,
      0.020686698413985433,
      0.024216096805014197,
      0.0280074349405681,
      0.031745056989786205,
      0.03476774629674546,
      0.03686252016894902,
      0.04203635574262983,
      0.04613246556936382,
      0.04324448661715134
   ],
   "Weighted B(r)": [
      6.998287357661107e-07,
      NaN,
      NaN,
      3.9485242324264584e-06,
      NaN,
      NaN,
      8.440995860164767e-06,
      NaN,
      NaN,
      1.2588999503516597e-05,
      1.96829601041021e-05,
      2.5541504302688125e-05,
      3.076105303677798e-05,
      4.1110249111226524e-05,
      5.388614845391288e-05,
      6.415143010731152e-05,
      8.43715997605098e-05,
      0.00010898091458716755,
      0.000130658890340135,
      0.00016600847431832289,
      0.00021123001747506246,
      0.00027047549833052246,
      0.0003335617137664144,
      0.00042480008896630267,
      0.0005303642532158615,
      0.0006620093678522916,
      0.0008288051771461145,
      0.0010391332995378355,
      0.001294605956003875,
      0.0016038740016080374,
      0.0019916196244475688,
      0.0024624720267389676,
      0.0030385445411813764,
      0.003747555499017164,
      0.004606625036288712,
      0.00564677161824313,
      0.006895005371723522,
      0.008397242282473944,
      0.010180291703145872,
      0.012267763529174632,
      0.014713898558533252,
      0.017512996855780165,
      0.020686698413985433,
      0.024216096805014197,
      0.0280074349405681,
      0.031745056989786205,
      0.03476774629674546,
      0.03686252016894902,
      0.04203635574262983,
      0.04613246556936382,
      0.04324448661715134
   ],
   "Unweighted sigma^2": 0.010119494779392633,
   "Apparent r0": 79.13828383790874
}