{
   "log10 r": [
      0.0,
      0.05,
      0.1,
      0.15000000000000002,
      0.2,
      0.25,
      0.30000000000000004,
      0.35000000000000003,
      0.4,
      0.45,
      0.5,
      0.55,
      0.6000000000000001,
      0.65,
      0.7000000000000001,
      0.75,
      0.8,
      0.8500000000000001,
      0.9,
      0.9500000000000001,
      1.0,
      1.05,
      1.1,
      1.1500000000000001,
      1.2000000000000002,
      1.25,
      1.3,
      1.35,
      1.4000000000000001,
      1.4500000000000002,
      1.5,
      1.55,
      1.6,
      1.6500000000000001,
      1.7000000000000002,
      1.75,
      1.8,
      1.85,
      1.9000000000000001,
      1.9500000000000002,
      2.0,
      2.0500000000000003,
      2.1,
      2.15,
      2.2,
      2.25,
      2.3000000000000003,
      2.35,
      2.4000000000000004,
      2.45,
      2.5
   ],
   "Sum dv^2": [
      16.211896636355657,
      0.0,
      0.0,
      77.402100964962,
      0.0,
      0.0,
      449.9302992622693,
      0.0,
      0.0,
      451.1487838411761,
      767.4182712554622,
      991.782094837322,
      2236.4068670038355,
      3800.476060608516,
      4164.280012137935,
      7110.762003761021,
      15778.824055055007,
      16578.985779952334,
      29045.47255948229,
      49115.64825602892,
      92591.40276640396,
      118419.71400076404,
      185517.78819673957,
      325602.33840288856,
      453059.8542481528,
      723417.7130564824,
      1155690.1187747228,
      1716193.4967755147,
      2531220.413933758,
      3704291.819323888,
      5692925.694028862,
      7678266.246496536,
      11388819.015331993,
      15291005.752704937,
      20604201.555212203,
      26450877.025153648,
      32757205.294169754,
      40075953.28720283,
      46229876.49382837,
      53208114.156853534,
      61320864.25866283,
      69447791.25799505,
      79317673.64379717,
      88070157.16043743,
      94532019.48743793,
      93921926.70502289,
      82874186.67761731,
      69863886.60115886,
      45445763.80862122,
      17012607.72722412,
      1150104.5233798432
   ],
   "Sum weights": [
      65280.0,
      0.0,
      0.0,
      130050.0,
      0.0,
      0.0,
      324104.0,
      0.0,
      0.0,
      193800.0,
      258060.0,
      257048.0,
      449570.0,
      575312.0,
      511036.0,
      700020.0,
      1203734.0,
      1007972.0,
      1445380.0,
      1937042.0,
      2859272.0,
      2897116.0,
      3674690.0,
      5155474.0,
      5773520.0,
      7491838.0,
      9701238.0,
      11757186.0,
      14320938.0,
      17540114.0,
      22734900.0,
      26303374.0,
      34062188.0,
      40733820.0,
      50149068.0,
      60431004.0,
      72289830.0,
      87731826.0,
      102476376.0,
      120332462.0,
      140368314.0,
      158782298.0,
      178392398.0,
      192781200.0,
      200564162.0,
      196929652.0,
      173862636.0,
      123283452.0,
      50816154.0,
      14282052.0,
      1557090.0
   ],
   "Sum w * dv^2": [
      16.211896636355657,
      0.0,
      0.0,
      77.402100964962,
      0.0,
      0.0,
      449.9302992622693,
      0.0,
      0.0,
      451.1487838411761,
      767.4182712554622,
      991.782094837322,
      2236.4068670038355,
      3800.476060608516,
      4164.280012137935,
      7110.762003761021,
      15778.824055055007,
      16578.985779952334,
      29045.47255948229,
      49115.64825602892,
      92591.40276640396,
      118419.71400076404,
      185517.78819673957,
      325602.33840288856,
      453059.8542481528,
      723417.7130564824,
      1155690.1187747228,
      1716193.4967755147,
      2531220.413933758,
      3704291.819323888,
      5692925.694028862,
      7678266.246496536,
      11388819.015331993,
      15291005.752704937,
      20604201.555212203,
      26450877.025153648,
      32757205.294169754,
      40075953.28720283,
      46229876.49382837,
      53208114.156853534,
      61320864.25866283,
      69447791.25799505,
      79317673.64379717,
      88070157.16043743,
      94532019.48743793,
      93921926.70502289,
      82874186.67761731,
      69863886.60115886,
      45445763.80862122,
      17012607.72722412,
      1150104.5233798432
   ],
   "N pairs": [
      65280,
      0,
      0,
      130050,
      0,
      0,
      324104,
      0,
      0,
      193800,
      258060,
      257048,
      449570,
      575312,
      511036,
      700020,
      1203734,
      1007972,
      1445380,
      1937042,
      2859272,
      2897116,
      3674690,
      5155474,
      5773520,
      7491838,
      9701238,
      11757186,
      14320938,
      17540114,
      22734900,
      26303374,
      34062188,
      40733820,
      50149068,
      60431004,
      72289830,
      87731826,
      102476376,
      120332462,
      140368314,
      158782298,
      178392398,
      192781200,
      200564162,
      196929652,
      173862636,
      123283452,
      50816154,
      14282052,
      1557090
   ],
   "Unweighted B(r)": [
      0.00024834400484613446,
      NaN,
      NaN,
      0.0005951718643980162,
      NaN,
      NaN,
      0.0013882281590547147,
      NaN,
      NaN,
      0.002327909101347658,
      0.002973797842577161,
      0.0038583536726110377,
      0.004974546493324366,
      0.006605939143644694,
      0.008148701876458674,
      0.010157941207052686,
      0.013108231598555002,
      0.01644786341282529,
      0.020095388451121705,
      0.025356005835716997,
      0.0323828592615197,
      0.04087503365442186,
      0.050485289424887426,
      0.06315662505579285,
      0.07847203339525156,
      0.09656077895123764,
      0.11912810702868261,
      0.14596974963018486,
      0.1767496244962277,
      0.21118972312972925,
      0.25040469472172133,
      0.2919118378690329,
      0.33435371254870627,
      0.3753884549179266,
      0.41085911218155047,
      0.43770374930645944,
      0.45313711893041875,
      0.4568006288527817,
      0.4511271602132805,
      0.4421758956187029,
      0.4368568839450677,
      0.4373774163288344,
      0.44462474036476135,
      0.45683996759246975,
      0.4713305634704466,
      0.4769313597579652,
      0.47666473133202303,
      0.5666931406265202,
      0.8943172639279474,
      1.1911879138392802,
      0.7386243077663097
   ],
   "Weighted B(r)": [
      0.00024834400484613446,
      NaN,
      NaN,
      0.0005951718643980162,
      NaN,
      NaN,
      0.0013882281590547147,
      NaN,
      NaN,
      0.002327909101347658,
      0.002973797842577161,
      0.0038583536726110377,
      0.004974546493324366,
      0.006605939143644694,
      0.008148701876458674,
      0.010157941207052686,
      0.013108231598555002,
      0.01644786341282529,
      0.020095388451121705,
      0.025356005835716997,
      0.0323828592615197,
      0.04087503365442186,
      0.050485289424887426,
      0.06315662505579285,
      0.07847203339525156,
      0.09656077895123764,
      0.11912810702868261,
      0.14596974963018486,
      0.1767496244962277,
      0.21118972312972925,
      0.25040469472172133,
      0.2919118378690329,
      0.33435371254870627,
      0.3753884549179266,
      0.41085911218155047,
      0.43770374930645944,
      0.45313711893041875,
      0.4568006288527817,
      0.4511271602132805,
      0.4421758956187029,
      0.4368568839450677,
      0.4373774163288344,
      0.44462474036476135,
      0.45683996759246975,
      0.4713305634704466,
      0.4769313597579652,
      0.47666473133202303,
      0.5666931406265202,
      0.8943172639279474,
      1.1911879138392802,
      0.7386243077663097
   ],
   "Unweighted sigma^2": 0.22735624029578616,
   "Apparent r0": 29.60154805945019
}