{
   "log10 r": [
      0.0,
      0.05,
      0.1,
      0.15000000000000002,
      0.2,
      0.25,
      0.30000000000000004,
      0.35000000000000003,
      0.4,
      0.45,
      0.5,
      0.55,
      0.6000000000000001,
      0.65,
      0.7000000000000001,
      0.75,
      0.8,
      0.8500000000000001,
      0.9,
      0.9500000000000001,
      1.0,
      1.05,
      1.1,
      1.1500000000000001,
      1.2000000000000002,
      1.25,
      1.3,
      1.35,
      1.4000000000000001,
      1.4500000000000002,
      1.5,
      1.55,
      1.6,
      1.6500000000000001,
      1.7000000000000002,
      1.75,
      1.8,
      1.85,
      1.9000000000000001,
      1.9500000000000002,
      2.0,
      2.0500000000000003,
      2.1,
      2.15,
      2.2,
      2.25,
      2.3000000000000003,
      2.35,
      2.4000000000000004,
      2.45,
      2.5
   ],
   "Sum dv^2": [
      10.69657510723886,
      0.0,
      0.0,
      52.501852683966526,
      0.0,
      0.0,
      255.50392425777042,
      0.0,
      0.0,
      222.12877258732536,
      379.3558011290625,
      460.0245853618413,
      951.2491489815171,
      1500.8524128734061,
      1589.6020675327843,
      2503.722413077156,
      5182.191607464947,
      5131.544229936215,
      8367.221822805152,
      13120.50622288963,
      22668.473643991616,
      26764.82210121961,
      38607.42122410155,
      62293.43694866206,
      79228.797601548,
      116042.99899888987,
      169510.30673572767,
      230447.83165691418,
      312662.90548827755,
      422488.97210834885,
      600839.5373569451,
      755774.336061661,
      1056490.675022393,
      1357922.9688684333,
      1785341.3426923787,
      2273779.7247553114,
      2833949.107296118,
      3557975.039959547,
      4296703.977934648,
      5257731.590062498,
      6590289.173182212,
      8187060.870042469,
      10133272.377863334,
      12118048.516147844,
      13841339.014367918,
      14465848.515325889,
      13570436.681586022,
      10205251.848888654,
      4883787.946973026,
      1650140.307975662,
      112590.25875505341
   ],
   "Sum weights": [
      65280.0,
      0.0,
      0.0,
      130050.0,
      0.0,
      0.0,
      324104.0,
      0.0,
      0.0,
      193800.0,
      258060.0,
      257048.0,
      449570.0,
      575312.0,
      511036.0,
      700020.0,
      1203734.0,
      1007972.0,
      1445380.0,
      1937042.0,
      2859272.0,
      2897116.0,
      3674690.0,
      5155474.0,
      5773520.0,
      7491838.0,
      9701238.0,
      11757186.0,
      14320938.0,
      17540114.0,
      22734900.0,
      26303374.0,
      34062188.0,
      40733820.0,
      50149068.0,
      60431004.0,
      72289830.0,
      87731826.0,
      102476376.0,
      120332462.0,
      140368314.0,
      158782298.0,
      178392398.0,
      192781200.0,
      200564162.0,
      196929652.0,
      173862636.0,
      123283452.0,
      50816154.0,
      14282052.0,
      1557090.0
   ],
   "Sum w * dv^2": [
      10.69657510723886,
      0.0,
      0.0,
      52.501852683966526,
      0.0,
      0.0,
      255.50392425777042,
      0.0,
      0.0,
      222.12877258732536,
      379.3558011290625,
      460.0245853618413,
      951.2491489815171,
      1500.8524128734061,
      1589.6020675327843,
      2503.722413077156,
      5182.191607464947,
      5131.544229936215,
      8367.221822805152,
      13120.50622288963,
      22668.473643991616,
      26764.82210121961,
      38607.42122410155,
      62293.43694866206,
      79228.797601548,
      116042.99899888987,
      169510.30673572767,
      230447.83165691418,
      312662.90548827755,
      422488.97210834885,
      600839.5373569451,
      755774.336061661,
      1056490.675022393,
      1357922.9688684333,
      1785341.3426923787,
      2273779.7247553114,
      2833949.107296118,
      3557975.039959547,
      4296703.977934648,
      5257731.590062498,
      6590289.173182212,
      8187060.870042469,
      10133272.377863334,
      12118048.516147844,
      13841339.014367918,
      14465848.515325889,
      13570436.681586022,
      10205251.848888654,
      4883787.946973026,
      1650140.307975662,
      112590.25875505341
   ],
   "N pairs": [
      65280,
      0,
      0,
      130050,
      0,
      0,
      324104,
      0,
      0,
      193800,
      258060,
      257048,
      449570,
      575312,
      511036,
      700020,
      1203734,
      1007972,
      1445380,
      1937042,
      2859272,
      2897116,
      3674690,
      5155474,
      5773520,
      7491838,
      9701238,
      11757186,
      14320938,
      17540114,
      22734900,
      26303374,
      34062188,
      40733820,
      50149068,
      60431004,
      72289830,
      87731826,
      102476376,
      120332462,
      140368314,
      158782298,
      178392398,
      192781200,
      200564162,
      196929652,
      173862636,
      123283452,
      50816154,
      14282052,
      1557090
   ],
   "Unweighted B(r)": [
      0.00016385684906922274,
      NaN,
      NaN,
      0.0004037051340558749,
      NaN,
      NaN,
      0.0007883393116338288,
      NaN,
      NaN,
      0.0011461752971482218,
      0.0014700294548905778,
      0.001789644678666402,
      0.00211590886620886,
      0.002608762572088547,
      0.0031105481170265585,
      0.0035766441145640925,
      0.004305096979453058,
      0.00509095910395945,
      0.005788942577595616,
      0.00677347534172704,
      0.007928057786734392,
      0.009238436466202806,
      0.010506306987555834,
      0.012082969858574025,
      0.013722789147963113,
      0.01548925630784994,
      0.01747305928745668,
      0.019600594194640976,
      0.021832571685477413,
      0.024087014035846566,
      0.026428070383284954,
      0.028732980645816048,
      0.03101652410063596,
      0.033336499470671625,
      0.035600688385522515,
      0.03762604580846136,
      0.03920259747873412,
      0.040555123518796324,
      0.041928726850514776,
      0.04369337668884809,
      0.04694997742284068,
      0.05156154667847463,
      0.05680327464325769,
      0.06285907814739115,
      0.06901202526086349,
      0.07345693433371775,
      0.07805263392869542,
      0.08277876457327504,
      0.09610699674306375,
      0.11553944124945505,
      0.07230812525612097
   ],
   "Weighted B(r)": [
      0.00016385684906922274,
      NaN,
      NaN,
      0.0004037051340558749,
      NaN,
      NaN,
      0.0007883393116338288,
      NaN,
      NaN,
      0.0011461752971482218,
      0.0014700294548905778,
      0.001789644678666402,
      0.00211590886620886,
      0.002608762572088547,
      0.0031105481170265585,
      0.0035766441145640925,
      0.004305096979453058,
      0.00509095910395945,
      0.005788942577595616,
      0.00677347534172704,
      0.007928057786734392,
      0.009238436466202806,
      0.010506306987555834,
      0.012082969858574025,
      0.013722789147963113,
      0.01548925630784994,
      0.01747305928745668,
      0.019600594194640976,
      0.021832571685477413,
      0.024087014035846566,
      0.026428070383284954,
      0.028732980645816048,
      0.03101652410063596,
      0.033336499470671625,
      0.035600688385522515,
      0.03762604580846136,
      0.03920259747873412,
      0.040555123518796324,
      0.041928726850514776,
      0.04369337668884809,
      0.04694997742284068,
      0.05156154667847463,
      0.05680327464325769,
      0.06285907814739115,
      0.06901202526086349,
      0.07345693433371775,
      0.07805263392869542,
      0.08277876457327504,
      0.09610699674306375,
      0.11553944124945505,
      0.07230812525612097
   ],
   "Unweighted sigma^2": 0.02829465541986054,
   "Apparent r0": 34.747555387831184
}