{
   "log10 r": [
      0.0,
      0.05,
      0.1,
      0.15000000000000002,
      0.2,
      0.25,
      0.30000000000000004,
      0.35000000000000003,
      0.4,
      0.45,
      0.5,
      0.55,
      0.6000000000000001,
      0.65,
      0.7000000000000001,
      0.75,
      0.8,
      0.8500000000000001,
      0.9,
      0.9500000000000001,
      1.0,
      1.05,
      1.1,
      1.1500000000000001,
      1.2000000000000002,
      1.25,
      1.3,
      1.35,
      1.4000000000000001,
      1.4500000000000002,
      1.5,
      1.55,
      1.6,
      1.6500000000000001,
      1.7000000000000002,
      1.75,
      1.8,
      1.85,
      1.9000000000000001,
      1.9500000000000002,
      2.0,
      2.0500000000000003,
      2.1,
      2.15,
      2.2,
      2.25,
      2.3000000000000003,
      2.35,
      2.4000000000000004,
      2.45,
      2.5
   ],
   "Sum dv^2": [
      0.2569237901684651,
      0.0,
      0.0,
      1.7470483546922562,
      0.0,
      0.0,
      9.717949318288179,
      0.0,
      0.0,
      9.202888641177628,
      17.307565706789045,
      22.313416960217708,
      48.68249511374589,
      82.80229179240271,
      93.75754686770537,
      156.15748534888354,
      349.37251249453954,
      371.5361640080744,
      644.9027213909849,
      1092.0752617697701,
      2052.5653166188777,
      2633.443073685227,
      4112.006827467103,
      7243.537423588847,
      10060.712609982647,
      16066.284240463916,
      25671.318469961017,
      38149.49944905837,
      56419.54602492828,
      82849.110426113,
      128051.02606279872,
      174352.3905070155,
      262450.29721098935,
      360354.2549956702,
      502184.75374443724,
      677150.6151537629,
      898598.6305268293,
      1204532.2838878124,
      1550411.6434061157,
      1999226.8043045765,
      2544316.8949960372,
      3132114.049326762,
      3890931.1384579777,
      4877715.136898032,
      6170797.807984241,
      7514076.126446005,
      8220996.830320791,
      6877366.6166023435,
      3250104.7838044874,
      1040856.2664081244,
      99189.75471123605
   ],
   "Sum weights": [
      65280.0,
      0.0,
      0.0,
      130050.0,
      0.0,
      0.0,
      324104.0,
      0.0,
      0.0,
      193800.0,
      258060.0,
      257048.0,
      449570.0,
      575312.0,
      511036.0,
      700020.0,
      1203734.0,
      1007972.0,
      1445380.0,
      1937042.0,
      2859272.0,
      2897116.0,
      3674690.0,
      5155474.0,
      5773520.0,
      7491838.0,
      9701238.0,
      11757186.0,
      14320938.0,
      17540114.0,
      22734900.0,
      26303374.0,
      34062188.0,
      40733820.0,
      50149068.0,
      60431004.0,
      72289830.0,
      87731826.0,
      102476376.0,
      120332462.0,
      140368314.0,
      158782298.0,
      178392398.0,
      192781200.0,
      200564162.0,
      196929652.0,
      173862636.0,
      123283452.0,
      50816154.0,
      14282052.0,
      1557090.0
   ],
   "Sum w * dv^2": [
      0.2569237901684651,
      0.0,
      0.0,
      1.7470483546922562,
      0.0,
      0.0,
      9.717949318288179,
      0.0,
      0.0,
      9.202888641177628,
      17.307565706789045,
      22.313416960217708,
      48.68249511374589,
      82.80229179240271,
      93.75754686770537,
      156.15748534888354,
      349.37251249453954,
      371.5361640080744,
      644.9027213909849,
      1092.0752617697701,
      2052.5653166188777,
      2633.443073685227,
      4112.006827467103,
      7243.537423588847,
      10060.712609982647,
      16066.284240463916,
      25671.318469961017,
      38149.49944905837,
      56419.54602492828,
      82849.110426113,
      128051.02606279872,
      174352.3905070155,
      262450.29721098935,
      360354.2549956702,
      502184.75374443724,
      677150.6151537629,
      898598.6305268293,
      1204532.2838878124,
      1550411.6434061157,
      1999226.8043045765,
      2544316.8949960372,
      3132114.049326762,
      3890931.1384579777,
      4877715.136898032,
      6170797.807984241,
      7514076.126446005,
      8220996.830320791,
      6877366.6166023435,
      3250104.7838044874,
      1040856.2664081244,
      99189.75471123605
   ],
   "N pairs": [
      65280,
      0,
      0,
      130050,
      0,
      0,
      324104,
      0,
      0,
      193800,
      258060,
      257048,
      449570,
      575312,
      511036,
      700020,
      1203734,
      1007972,
      1445380,
      1937042,
      2859272,
      2897116,
      3674690,
      5155474,
      5773520,
      7491838,
      9701238,
      11757186,
      14320938,
      17540114,
      22734900,
      26303374,
      34062188,
      40733820,
      50149068,
      60431004,
      72289830,
      87731826,
      102476376,
      120332462,
      140368314,
      158782298,
      178392398,
      192781200,
      200564162,
      196929652,
      173862636,
      123283452,
      50816154,
      14282052,
      1557090
   ],
   "Unweighted B(r)": [
      3.935719824884576e-06,
      NaN,
      NaN,
      1.3433666702747068e-05,
      NaN,
      NaN,
      2.9984046226791952e-05,
      NaN,
      NaN,
      4.748652549627259e-05,
      6.706799080364662e-05,
      8.680642121400559e-05,
      0.00010828679652500364,
      0.0001439258902863189,
      0.0001834656401265378,
      0.00022307574833416695,
      0.00029024062832364917,
      0.00036859770311881124,
      0.0004461821260782527,
      0.0005637850195141717,
      0.0007178629093765398,
      0.0009089877911982906,
      0.0011190078149359817,
      0.001405018708966207,
      0.0017425613161438165,
      0.0021445050253974945,
      0.002646189947093455,
      0.003244781485047389,
      0.003939654373542311,
      0.004723407751290157,
      0.005632354928449156,
      0.0066285180945613855,
      0.007705033429179281,
      0.008846561775833208,
      0.0100138402122336,
      0.011205351067041064,
      0.012430498598860024,
      0.013729707208964423,
      0.015129454259839513,
      0.016614193469294897,
      0.01812600595171384,
      0.019725839018445004,
      0.02181108153755508,
      0.025301819559677148,
      0.030767200612760726,
      0.03815614383173746,
      0.047284436837370804,
      0.05578499389035881,
      0.0639581024530996,
      0.07287862181205644,
      0.0637020048367378
   ],
   "Weighted B(r)": [
      3.935719824884576e-06,
      NaN,
      NaN,
      1.3433666702747068e-05,
      NaN,
      NaN,
      2.9984046226791952e-05,
      NaN,
      NaN,
      4.748652549627259e-05,
      6.706799080364662e-05,
      8.680642121400559e-05,
      0.00010828679652500364,
      0.0001439258902863189,
      0.0001834656401265378,
      0.00022307574833416695,
      0.00029024062832364917,
      0.00036859770311881124,
      0.0004461821260782527,
      0.0005637850195141717,
      0.0007178629093765398,
      0.0009089877911982906,
      0.0011190078149359817,
      0.001405018708966207,
      0.0017425613161438165,
      0.0021445050253974945,
      0.002646189947093455,
      0.003244781485047389,
      0.003939654373542311,
      0.004723407751290157,
      0.005632354928449156,
      0.0066285180945613855,
      0.007705033429179281,
      0.008846561775833208,
      0.0100138402122336,
      0.011205351067041064,
      0.012430498598860024,
      0.013729707208964423,
      0.015129454259839513,
      0.016614193469294897,
      0.01812600595171384,
      0.019725839018445004,
      0.02181108153755508,
      0.025301819559677148,
      0.030767200612760726,
      0.03815614383173746,
      0.047284436837370804,
      0.05578499389035881,
      0.0639581024530996,
      0.07287862181205644,
      0.0637020048367378
   ],
   "Unweighted sigma^2": 0.012994758315725417,
   "Apparent r0": 66.43942190238567
}