{
   "log10 r": [
      0.0,
      0.05,
      0.1,
      0.15000000000000002,
      0.2,
      0.25,
      0.30000000000000004,
      0.35000000000000003,
      0.4,
      0.45,
      0.5,
      0.55,
      0.6000000000000001,
      0.65,
      0.7000000000000001,
      0.75,
      0.8,
      0.8500000000000001,
      0.9,
      0.9500000000000001,
      1.0,
      1.05,
      1.1,
      1.1500000000000001,
      1.2000000000000002,
      1.25,
      1.3,
      1.35,
      1.4000000000000001,
      1.4500000000000002,
      1.5,
      1.55,
      1.6,
      1.6500000000000001,
      1.7000000000000002,
      1.75,
      1.8,
      1.85,
      1.9000000000000001,
      1.9500000000000002,
      2.0,
      2.0500000000000003,
      2.1,
      2.15,
      2.2,
      2.25,
      2.3000000000000003,
      2.35,
      2.4000000000000004,
      2.45,
      2.5
   ],
   "Sum dv^2": [
      0.8101496199970768,
      0.0,
      0.0,
      7.445872833222451,
      0.0,
      0.0,
      40.30484451335037,
      0.0,
      0.0,
      36.723405792392775,
      73.80092290773645,
      95.31903503275952,
      203.08177294365845,
      346.5064328103376,
      399.2880335404857,
      654.9045847573328,
      1472.8652563548983,
      1581.0794172517774,
      2716.8914600274315,
      4596.357601764439,
      8570.589475746288,
      10992.480225122154,
      17002.59682106334,
      29845.412712659763,
      40892.604566002854,
      64608.409055331285,
      101405.51891796204,
      148288.9532881529,
      214791.4594273967,
      309130.4023651927,
      466705.2923813185,
      620366.5565847987,
      910247.8737073551,
      1218946.8271544555,
      1661577.7488473011,
      2193407.591971072,
      2849654.843146139,
      3716367.369146505,
      4578000.279601335,
      5499400.808440296,
      6337804.218410383,
      6800425.207265587,
      6991380.457733557,
      6767693.994551331,
      6633350.872017964,
      7418825.330561487,
      7946859.928728278,
      6419923.465171495,
      2923697.2538233423,
      669125.8663982974,
      48230.234620983836
   ],
   "Sum weights": [
      65280.0,
      0.0,
      0.0,
      130050.0,
      0.0,
      0.0,
      324104.0,
      0.0,
      0.0,
      193800.0,
      258060.0,
      257048.0,
      449570.0,
      575312.0,
      511036.0,
      700020.0,
      1203734.0,
      1007972.0,
      1445380.0,
      1937042.0,
      2859272.0,
      2897116.0,
      3674690.0,
      5155474.0,
      5773520.0,
      7491838.0,
      9701238.0,
      11757186.0,
      14320938.0,
      17540114.0,
      22734900.0,
      26303374.0,
      34062188.0,
      40733820.0,
      50149068.0,
      60431004.0,
      72289830.0,
      87731826.0,
      102476376.0,
      120332462.0,
      140368314.0,
      158782298.0,
      178392398.0,
      192781200.0,
      200564162.0,
      196929652.0,
      173862636.0,
      123283452.0,
      50816154.0,
      14282052.0,
      1557090.0
   ],
   "Sum w * dv^2": [
      0.8101496199970768,
      0.0,
      0.0,
      7.445872833222451,
      0.0,
      0.0,
      40.30484451335037,
      0.0,
      0.0,
      36.723405792392775,
      73.80092290773645,
      95.31903503275952,
      203.08177294365845,
      346.5064328103376,
      399.2880335404857,
      654.9045847573328,
      1472.8652563548983,
      1581.0794172517774,
      2716.8914600274315,
      4596.357601764439,
      8570.589475746288,
      10992.480225122154,
      17002.59682106334,
      29845.412712659763,
      40892.604566002854,
      64608.409055331285,
      101405.51891796204,
      148288.9532881529,
      214791.4594273967,
      309130.4023651927,
      466705.2923813185,
      620366.5565847987,
      910247.8737073551,
      1218946.8271544555,
      1661577.7488473011,
      2193407.591971072,
      2849654.843146139,
      3716367.369146505,
      4578000.279601335,
      5499400.808440296,
      6337804.218410383,
      6800425.207265587,
      6991380.457733557,
      6767693.994551331,
      6633350.872017964,
      7418825.330561487,
      7946859.928728278,
      6419923.465171495,
      2923697.2538233423,
      669125.8663982974,
      48230.234620983836
   ],
   "N pairs": [
      65280,
      0,
      0,
      130050,
      0,
      0,
      324104,
      0,
      0,
      193800,
      258060,
      257048,
      449570,
      575312,
      511036,
      700020,
      1203734,
      1007972,
      1445380,
      1937042,
      2859272,
      2897116,
      3674690,
      5155474,
      5773520,
      7491838,
      9701238,
      11757186,
      14320938,
      17540114,
      22734900,
      26303374,
      34062188,
      40733820,
      50149068,
      60431004,
      72289830,
      87731826,
      102476376,
      120332462,
      140368314,
      158782298,
      178392398,
      192781200,
      200564162,
      196929652,
      173862636,
      123283452,
      50816154,
      14282052,
      1557090
   ],
   "Unweighted B(r)": [
      1.2410380208288554e-05,
      NaN,
      NaN,
      5.7253924130891584e-05,
      NaN,
      NaN,
      0.00012435775094830784,
      NaN,
      NaN,
      0.00018949125795868305,
      0.0002859835809801459,
      0.0003708219283276256,
      0.00045172447659687804,
      0.0006022930736892984,
      0.0007813305394150034,
      0.0009355512481890987,
      0.0012235803394727558,
      0.001568574739429049,
      0.0018797073849281375,
      0.0023728745178289573,
      0.0029974725999297332,
      0.0037942837722487305,
      0.004626947258425429,
      0.005789072491231604,
      0.00708278564307439,
      0.008623839577862107,
      0.010452843123523207,
      0.012612622891919282,
      0.014998421152818112,
      0.01762419573585398,
      0.020528143619779216,
      0.02358505629676249,
      0.02672311813050163,
      0.029924687327494832,
      0.033132774249110694,
      0.036296064052999545,
      0.039419858134209736,
      0.04236053822869827,
      0.044673713672323215,
      0.04570172268593903,
      0.04515124558958785,
      0.04282861057512587,
      0.03919102235361821,
      0.035105570431926615,
      0.03307346041222441,
      0.03767246453348471,
      0.04570769264494689,
      0.05207449467890869,
      0.05753479993435438,
      0.04685082132443555,
      0.030974596600699917
   ],
   "Weighted B(r)": [
      1.2410380208288554e-05,
      NaN,
      NaN,
      5.7253924130891584e-05,
      NaN,
      NaN,
      0.00012435775094830784,
      NaN,
      NaN,
      0.00018949125795868305,
      0.0002859835809801459,
      0.0003708219283276256,
      0.00045172447659687804,
      0.0006022930736892984,
      0.0007813305394150034,
      0.0009355512481890987,
      0.0012235803394727558,
      0.001568574739429049,
      0.0018797073849281375,
      0.0023728745178289573,
      0.0029974725999297332,
      0.0037942837722487305,
      0.004626947258425429,
      0.005789072491231604,
      0.00708278564307439,
      0.008623839577862107,
      0.010452843123523207,
      0.012612622891919282,
      0.014998421152818112,
      0.01762419573585398,
      0.020528143619779216,
      0.02358505629676249,
      0.02672311813050163,
      0.029924687327494832,
      0.033132774249110694,
      0.036296064052999545,
      0.039419858134209736,
      0.04236053822869827,
      0.044673713672323215,
      0.04570172268593903,
      0.04515124558958785,
      0.04282861057512587,
      0.03919102235361821,
      0.035105570431926615,
      0.03307346041222441,
      0.03767246453348471,
      0.04570769264494689,
      0.05207449467890869,
      0.05753479993435438,
      0.04685082132443555,
      0.030974596600699917
   ],
   "Unweighted sigma^2": 0.019539845962180977,
   "Apparent r0": 30.45240313555695
}