{
   "log10 r": [
      0.0,
      0.05,
      0.1,
      0.15000000000000002,
      0.2,
      0.25,
      0.30000000000000004,
      0.35000000000000003,
      0.4,
      0.45,
      0.5,
      0.55,
      0.6000000000000001,
      0.65,
      0.7000000000000001,
      0.75,
      0.8,
      0.8500000000000001,
      0.9,
      0.9500000000000001,
      1.0,
      1.05,
      1.1,
      1.1500000000000001,
      1.2000000000000002,
      1.25,
      1.3,
      1.35,
      1.4000000000000001,
      1.4500000000000002,
      1.5,
      1.55,
      1.6,
      1.6500000000000001,
      1.7000000000000002,
      1.75,
      1.8,
      1.85,
      1.9000000000000001,
      1.9500000000000002,
      2.0,
      2.0500000000000003,
      2.1,
      2.15,
      2.2,
      2.25,
      2.3000000000000003,
      2.35,
      2.4000000000000004,
      2.45,
      2.5
   ],
   "Sum dv^2": [
      0.2271835584502918,
      0.0,
      0.0,
      2.2617780967543855,
      0.0,
      0.0,
      12.149717347188858,
      0.0,
      0.0,
      10.971910447336588,
      22.349743655861197,
      28.871761333883754,
      61.203122841245126,
      104.51373641662148,
      120.85398166195765,
      197.80232419168024,
      445.7905515686227,
      479.922681017607,
      825.1397210877642,
      1400.2102884937283,
      2621.4169054037316,
      3381.278329288346,
      5263.454632478762,
      9323.236871757734,
      12920.939638678323,
      20686.270846467152,
      33049.91212610291,
      49291.27210429021,
      73122.5862335294,
      107936.57747113146,
      167809.48377364594,
      230243.29019491313,
      349711.4640976252,
      485126.15298245003,
      683129.9341464877,
      928741.8517613314,
      1238296.8487789703,
      1663156.3354480185,
      2148239.5411042776,
      2806959.9340514066,
      3690653.4846892837,
      4759858.663210042,
      6136286.847473979,
      7596255.7547390675,
      8961371.637735985,
      9742415.876290526,
      9281611.21990615,
      7027860.390527046,
      3463279.5966022974,
      1159289.6719553783,
      104063.24085046588
   ],
   "Sum weights": [
      65280.0,
      0.0,
      0.0,
      130050.0,
      0.0,
      0.0,
      324104.0,
      0.0,
      0.0,
      193800.0,
      258060.0,
      257048.0,
      449570.0,
      575312.0,
      511036.0,
      700020.0,
      1203734.0,
      1007972.0,
      1445380.0,
      1937042.0,
      2859272.0,
      2897116.0,
      3674690.0,
      5155474.0,
      5773520.0,
      7491838.0,
      9701238.0,
      11757186.0,
      14320938.0,
      17540114.0,
      22734900.0,
      26303374.0,
      34062188.0,
      40733820.0,
      50149068.0,
      60431004.0,
      72289830.0,
      87731826.0,
      102476376.0,
      120332462.0,
      140368314.0,
      158782298.0,
      178392398.0,
      192781200.0,
      200564162.0,
      196929652.0,
      173862636.0,
      123283452.0,
      50816154.0,
      14282052.0,
      1557090.0
   ],
   "Sum w * dv^2": [
      0.2271835584502918,
      0.0,
      0.0,
      2.2617780967543855,
      0.0,
      0.0,
      12.149717347188858,
      0.0,
      0.0,
      10.971910447336588,
      22.349743655861197,
      28.871761333883754,
      61.203122841245126,
      104.51373641662148,
      120.85398166195765,
      197.80232419168024,
      445.7905515686227,
      479.922681017607,
      825.1397210877642,
      1400.2102884937283,
      2621.4169054037316,
      3381.278329288346,
      5263.454632478762,
      9323.236871757734,
      12920.939638678323,
      20686.270846467152,
      33049.91212610291,
      49291.27210429021,
      73122.5862335294,
      107936.57747113146,
      167809.48377364594,
      230243.29019491313,
      349711.4640976252,
      485126.15298245003,
      683129.9341464877,
      928741.8517613314,
      1238296.8487789703,
      1663156.3354480185,
      2148239.5411042776,
      2806959.9340514066,
      3690653.4846892837,
      4759858.663210042,
      6136286.847473979,
      7596255.7547390675,
      8961371.637735985,
      9742415.876290526,
      9281611.21990615,
      7027860.390527046,
      3463279.5966022974,
      1159289.6719553783,
      104063.24085046588
   ],
   "N pairs": [
      65280,
      0,
      0,
      130050,
      0,
      0,
      324104,
      0,
      0,
      193800,
      258060,
      257048,
      449570,
      575312,
      511036,
      700020,
      1203734,
      1007972,
      1445380,
      1937042,
      2859272,
      2897116,
      3674690,
      5155474,
      5773520,
      7491838,
      9701238,
      11757186,
      14320938,
      17540114,
      22734900,
      26303374,
      34062188,
      40733820,
      50149068,
      60431004,
      72289830,
      87731826,
      102476376,
      120332462,
      140368314,
      158782298,
      178392398,
      192781200,
      200564162,
      196929652,
      173862636,
      123283452,
      50816154,
      14282052,
      1557090
   ],
   "Unweighted B(r)": [
      3.4801402948880486e-06,
      NaN,
      NaN,
      1.7391603973505462e-05,
      NaN,
      NaN,
      3.748709472017889e-05,
      NaN,
      NaN,
      5.6614604991416865e-05,
      8.660677228497713e-05,
      0.00011232050564051754,
      0.00013613702613885517,
      0.00018166444714628146,
      0.0002364881958647877,
      0.00028256667551167144,
      0.0003703397524441635,
      0.00047612699660070615,
      0.0005708808210212983,
      0.0007228600559480529,
      0.0009168127080612587,
      0.0011671187240305,
      0.0014323533774219762,
      0.0018084150694500124,
      0.002237965684483352,
      0.0027611743401909053,
      0.003406772633152893,
      0.004192437893241649,
      0.005105991397597657,
      0.006153698742843488,
      0.007381140175397558,
      0.008753374764580131,
      0.010266852619615194,
      0.011909665064127304,
      0.013621986636850115,
      0.015368631832781256,
      0.01712961351242589,
      0.018957274814364614,
      0.020963266120030216,
      0.0233267057566844,
      0.02629263955317782,
      0.02997726272490427,
      0.034397692481682875,
      0.03940350902857264,
      0.044680822078951396,
      0.0494715538129856,
      0.053384737706991564,
      0.057005707388263646,
      0.0681531230522148,
      0.08117108605649792,
      0.06683187282075274
   ],
   "Weighted B(r)": [
      3.4801402948880486e-06,
      NaN,
      NaN,
      1.7391603973505462e-05,
      NaN,
      NaN,
      3.748709472017889e-05,
      NaN,
      NaN,
      5.6614604991416865e-05,
      8.660677228497713e-05,
      0.00011232050564051754,
      0.00013613702613885517,
      0.00018166444714628146,
      0.0002364881958647877,
      0.00028256667551167144,
      0.0003703397524441635,
      0.00047612699660070615,
      0.0005708808210212983,
      0.0007228600559480529,
      0.0009168127080612587,
      0.0011671187240305,
      0.0014323533774219762,
      0.0018084150694500124,
      0.002237965684483352,
      0.0027611743401909053,
      0.003406772633152893,
      0.004192437893241649,
      0.005105991397597657,
      0.006153698742843488,
      0.007381140175397558,
      0.008753374764580131,
      0.010266852619615194,
      0.011909665064127304,
      0.013621986636850115,
      0.015368631832781256,
      0.01712961351242589,
      0.018957274814364614,
      0.020963266120030216,
      0.0233267057566844,
      0.02629263955317782,
      0.02997726272490427,
      0.034397692481682875,
      0.03940350902857264,
      0.044680822078951396,
      0.0494715538129856,
      0.053384737706991564,
      0.057005707388263646,
      0.0681531230522148,
      0.08117108605649792,
      0.06683187282075274
   ],
   "Unweighted sigma^2": 0.01704938015493159,
   "Apparent r0": 62.78310804939441
}