{
   "log10 r": [
      0.0,
      0.05,
      0.1,
      0.15000000000000002,
      0.2,
      0.25,
      0.30000000000000004,
      0.35000000000000003,
      0.4,
      0.45,
      0.5,
      0.55,
      0.6000000000000001,
      0.65,
      0.7000000000000001,
      0.75,
      0.8,
      0.8500000000000001,
      0.9,
      0.9500000000000001,
      1.0,
      1.05,
      1.1,
      1.1500000000000001,
      1.2000000000000002,
      1.25,
      1.3,
      1.35,
      1.4000000000000001,
      1.4500000000000002,
      1.5,
      1.55,
      1.6,
      1.6500000000000001,
      1.7000000000000002,
      1.75,
      1.8,
      1.85,
      1.9000000000000001,
      1.9500000000000002,
      2.0,
      2.0500000000000003,
      2.1,
      2.15,
      2.2,
      2.25,
      2.3000000000000003,
      2.35,
      2.4000000000000004,
      2.45,
      2.5
   ],
   "Sum dv^2": [
      3.6356020152313175,
      0.0,
      0.0,
      15.128389593608976,
      0.0,
      0.0,
      82.51883615712087,
      0.0,
      0.0,
      79.80877363215473,
      128.707119318023,
      161.7772182254895,
      357.7617141392869,
      588.0285918514141,
      622.3099950875371,
      1042.7293456258917,
      2236.1843522252475,
      2275.5544250958446,
      3900.2600928470224,
      6402.348566658811,
      11720.187658402963,
      14545.70118761814,
      22244.279831860305,
      37969.18178767332,
      51646.70362725378,
      80758.91960374724,
      126709.15418321568,
      185545.39208784685,
      271559.537634226,
      397770.0634379493,
      619264.9194491293,
      858804.7276087445,
      1335685.628621209,
      1925722.9370063585,
      2862525.8093669894,
      4185831.530234642,
      6102486.697492794,
      9081353.161441924,
      13032098.537054978,
      18779211.396766778,
      26817944.434739143,
      36852070.11464307,
      50098264.72014259,
      65761558.05795089,
      82950980.36537582,
      98326461.69368446,
      103761057.81743322,
      85229627.58777557,
      39950641.09384861,
      12167629.58438499,
      1283255.6812868742
   ],
   "Sum weights": [
      65280.0,
      0.0,
      0.0,
      130050.0,
      0.0,
      0.0,
      324104.0,
      0.0,
      0.0,
      193800.0,
      258060.0,
      257048.0,
      449570.0,
      575312.0,
      511036.0,
      700020.0,
      1203734.0,
      1007972.0,
      1445380.0,
      1937042.0,
      2859272.0,
      2897116.0,
      3674690.0,
      5155474.0,
      5773520.0,
      7491838.0,
      9701238.0,
      11757186.0,
      14320938.0,
      17540114.0,
      22734900.0,
      26303374.0,
      34062188.0,
      40733820.0,
      50149068.0,
      60431004.0,
      72289830.0,
      87731826.0,
      102476376.0,
      120332462.0,
      140368314.0,
      158782298.0,
      178392398.0,
      192781200.0,
      200564162.0,
      196929652.0,
      173862636.0,
      123283452.0,
      50816154.0,
      14282052.0,
      1557090.0
   ],
   "Sum w * dv^2": [
      3.6356020152313175,
      0.0,
      0.0,
      15.128389593608976,
      0.0,
      0.0,
      82.51883615712087,
      0.0,
      0.0,
      79.80877363215473,
      128.707119318023,
      161.7772182254895,
      357.7617141392869,
      588.0285918514141,
      622.3099950875371,
      1042.7293456258917,
      2236.1843522252475,
      2275.5544250958446,
      3900.2600928470224,
      6402.348566658811,
      11720.187658402963,
      14545.70118761814,
      22244.279831860305,
      37969.18178767332,
      51646.70362725378,
      80758.91960374724,
      126709.15418321568,
      185545.39208784685,
      271559.537634226,
      397770.0634379493,
      619264.9194491293,
      858804.7276087445,
      1335685.628621209,
      1925722.9370063585,
      2862525.8093669894,
      4185831.530234642,
      6102486.697492794,
      9081353.161441924,
      13032098.537054978,
      18779211.396766778,
      26817944.434739143,
      36852070.11464307,
      50098264.72014259,
      65761558.05795089,
      82950980.36537582,
      98326461.69368446,
      103761057.81743322,
      85229627.58777557,
      39950641.09384861,
      12167629.58438499,
      1283255.6812868742
   ],
   "N pairs": [
      65280,
      0,
      0,
      130050,
      0,
      0,
      324104,
      0,
      0,
      193800,
      258060,
      257048,
      449570,
      575312,
      511036,
      700020,
      1203734,
      1007972,
      1445380,
      1937042,
      2859272,
      2897116,
      3674690,
      5155474,
      5773520,
      7491838,
      9701238,
      11757186,
      14320938,
      17540114,
      22734900,
      26303374,
      34062188,
      40733820,
      50149068,
      60431004,
      72289830,
      87731826,
      102476376,
      120332462,
      140368314,
      158782298,
      178392398,
      192781200,
      200564162,
      196929652,
      173862636,
      123283452,
      50816154,
      14282052,
      1557090
   ],
   "Unweighted B(r)": [
      5.5692432831362096e-05,
      NaN,
      NaN,
      0.00011632748630226048,
      NaN,
      NaN,
      0.0002546060405213168,
      NaN,
      NaN,
      0.0004118099774620987,
      0.0004987488154616096,
      0.0006293657924803519,
      0.0007957864495835729,
      0.001022103818191545,
      0.0012177419889939987,
      0.001489570791728653,
      0.001857706397115349,
      0.002257557179262762,
      0.002698432310428415,
      0.003305219281078475,
      0.0040990110973712765,
      0.005020752081593606,
      0.0060533758852747595,
      0.007364828488645917,
      0.008945444655470801,
      0.010779587012392318,
      0.013061132422811983,
      0.015781445669724614,
      0.0189624127717211,
      0.022677735357817475,
      0.02723851521005719,
      0.032649983519557016,
      0.03921314827518446,
      0.047275775682377896,
      0.05708033914741924,
      0.0692662913598894,
      0.08441694630479549,
      0.10351264273744769,
      0.12717173504510912,
      0.15606105854267968,
      0.19105411805928754,
      0.23209180480964614,
      0.2808318363439601,
      0.34112018214406226,
      0.4135882479611478,
      0.49929739221640657,
      0.5967990604803278,
      0.6913306385010665,
      0.7861799437605729,
      0.8519524774440669,
      0.8241371284170307
   ],
   "Weighted B(r)": [
      5.5692432831362096e-05,
      NaN,
      NaN,
      0.00011632748630226048,
      NaN,
      NaN,
      0.0002546060405213168,
      NaN,
      NaN,
      0.0004118099774620987,
      0.0004987488154616096,
      0.0006293657924803519,
      0.0007957864495835729,
      0.001022103818191545,
      0.0012177419889939987,
      0.001489570791728653,
      0.001857706397115349,
      0.002257557179262762,
      0.002698432310428415,
      0.003305219281078475,
      0.0040990110973712765,
      0.005020752081593606,
      0.0060533758852747595,
      0.007364828488645917,
      0.008945444655470801,
      0.010779587012392318,
      0.013061132422811983,
      0.015781445669724614,
      0.0189624127717211,
      0.022677735357817475,
      0.02723851521005719,
      0.032649983519557016,
      0.03921314827518446,
      0.047275775682377896,
      0.05708033914741924,
      0.0692662913598894,
      0.08441694630479549,
      0.10351264273744769,
      0.12717173504510912,
      0.15606105854267968,
      0.19105411805928754,
      0.23209180480964614,
      0.2808318363439601,
      0.34112018214406226,
      0.4135882479611478,
      0.49929739221640657,
      0.5967990604803278,
      0.6913306385010665,
      0.7861799437605729,
      0.8519524774440669,
      0.8241371284170307
   ],
   "Unweighted sigma^2": 0.1547664381899849,
   "Apparent r0": 88.69075306294945
}