{
   "log10 r": [
      0.0,
      0.05,
      0.1,
      0.15000000000000002,
      0.2,
      0.25,
      0.30000000000000004,
      0.35000000000000003,
      0.4,
      0.45,
      0.5,
      0.55,
      0.6000000000000001,
      0.65,
      0.7000000000000001,
      0.75,
      0.8,
      0.8500000000000001,
      0.9,
      0.9500000000000001,
      1.0,
      1.05,
      1.1,
      1.1500000000000001,
      1.2000000000000002,
      1.25,
      1.3,
      1.35,
      1.4000000000000001,
      1.4500000000000002,
      1.5,
      1.55,
      1.6,
      1.6500000000000001,
      1.7000000000000002,
      1.75,
      1.8,
      1.85,
      1.9000000000000001,
      1.9500000000000002,
      2.0,
      2.0500000000000003,
      2.1,
      2.15,
      2.2,
      2.25,
      2.3000000000000003,
      2.35,
      2.4000000000000004,
      2.45,
      2.5
   ],
   "Sum dv^2": [
      5.9276461049781295,
      0.0,
      0.0,
      32.48571182133048,
      0.0,
      0.0,
      177.67679355228896,
      0.0,
      0.0,
      166.1712786551113,
      290.5857601941373,
      362.77654154900205,
      773.8944140349041,
      1252.1455496001363,
      1347.2165796769984,
      2161.0353701781787,
      4539.829003394771,
      4536.56184705169,
      7489.947392929403,
      11849.42130075224,
      20688.3720337562,
      24549.888393591333,
      35702.65984388084,
      57875.332251788386,
      74174.6956009966,
      108933.7615346575,
      159475.07125005475,
      216108.21806234235,
      292004.99736654054,
      391129.1492494668,
      549585.6791246543,
      680194.0424965625,
      928377.0087072493,
      1150459.0775304255,
      1444454.9376040522,
      1762681.3838087132,
      2151246.5266700694,
      2718541.4918261995,
      3364820.5482152393,
      4219788.184417924,
      5200767.309684287,
      5995023.219041603,
      6964107.237219471,
      8339677.548406091,
      9997622.451386627,
      11352817.783952855,
      12104528.914362155,
      9877687.692662504,
      4538880.168742385,
      1469160.5316282196,
      117112.33682776197
   ],
   "Sum weights": [
      65280.0,
      0.0,
      0.0,
      130050.0,
      0.0,
      0.0,
      324104.0,
      0.0,
      0.0,
      193800.0,
      258060.0,
      257048.0,
      449570.0,
      575312.0,
      511036.0,
      700020.0,
      1203734.0,
      1007972.0,
      1445380.0,
      1937042.0,
      2859272.0,
      2897116.0,
      3674690.0,
      5155474.0,
      5773520.0,
      7491838.0,
      9701238.0,
      11757186.0,
      14320938.0,
      17540114.0,
      22734900.0,
      26303374.0,
      34062188.0,
      40733820.0,
      50149068.0,
      60431004.0,
      72289830.0,
      87731826.0,
      102476376.0,
      120332462.0,
      140368314.0,
      158782298.0,
      178392398.0,
      192781200.0,
      200564162.0,
      196929652.0,
      173862636.0,
      123283452.0,
      50816154.0,
      14282052.0,
      1557090.0
   ],
   "Sum w * dv^2": [
      5.9276461049781295,
      0.0,
      0.0,
      32.48571182133048,
      0.0,
      0.0,
      177.67679355228896,
      0.0,
      0.0,
      166.1712786551113,
      290.5857601941373,
      362.77654154900205,
      773.8944140349041,
      1252.1455496001363,
      1347.2165796769984,
      2161.0353701781787,
      4539.829003394771,
      4536.56184705169,
      7489.947392929403,
      11849.42130075224,
      20688.3720337562,
      24549.888393591333,
      35702.65984388084,
      57875.332251788386,
      74174.6956009966,
      108933.7615346575,
      159475.07125005475,
      216108.21806234235,
      292004.99736654054,
      391129.1492494668,
      549585.6791246543,
      680194.0424965625,
      928377.0087072493,
      1150459.0775304255,
      1444454.9376040522,
      1762681.3838087132,
      2151246.5266700694,
      2718541.4918261995,
      3364820.5482152393,
      4219788.184417924,
      5200767.309684287,
      5995023.219041603,
      6964107.237219471,
      8339677.548406091,
      9997622.451386627,
      11352817.783952855,
      12104528.914362155,
      9877687.692662504,
      4538880.168742385,
      1469160.5316282196,
      117112.33682776197
   ],
   "N pairs": [
      65280,
      0,
      0,
      130050,
      0,
      0,
      324104,
      0,
      0,
      193800,
      258060,
      257048,
      449570,
      575312,
      511036,
      700020,
      1203734,
      1007972,
      1445380,
      1937042,
      2859272,
      2897116,
      3674690,
      5155474,
      5773520,
      7491838,
      9701238,
      11757186,
      14320938,
      17540114,
      22734900,
      26303374,
      34062188,
      40733820,
      50149068,
      60431004,
      72289830,
      87731826,
      102476376,
      120332462,
      140368314,
      158782298,
      178392398,
      192781200,
      200564162,
      196929652,
      173862636,
      123283452,
      50816154,
      14282052,
      1557090
   ],
   "Unweighted B(r)": [
      9.080340234341498e-05,
      NaN,
      NaN,
      0.0002497940163116531,
      NaN,
      NaN,
      0.0005482091969006522,
      NaN,
      NaN,
      0.0008574369383648674,
      0.0011260395264439949,
      0.0014113182812120772,
      0.0017214102676666684,
      0.002176463466084727,
      0.0026362459389886396,
      0.0030871051829635993,
      0.003771455324344723,
      0.004500682406903852,
      0.0051819918588394765,
      0.006117276393982288,
      0.007235538288681944,
      0.00847390590973621,
      0.00971582904786005,
      0.011225996339383806,
      0.012847395627103846,
      0.014540325289289158,
      0.016438630951024474,
      0.018380947453101648,
      0.020390074823767868,
      0.022299122414453337,
      0.024173657202127753,
      0.025859573851497623,
      0.02725535449182681,
      0.02824333876691225,
      0.028803225966314114,
      0.029168494102939497,
      0.029758633083935452,
      0.030986947562520805,
      0.03283508530995709,
      0.03506774576271799,
      0.03705086398404904,
      0.037756244207031206,
      0.039038139042334476,
      0.04325980722397252,
      0.049847501925027994,
      0.057649102959633804,
      0.06962122048099026,
      0.08012176437647531,
      0.08931963187813043,
      0.10286760835405302,
      0.07521231067424618
   ],
   "Weighted B(r)": [
      9.080340234341498e-05,
      NaN,
      NaN,
      0.0002497940163116531,
      NaN,
      NaN,
      0.0005482091969006522,
      NaN,
      NaN,
      0.0008574369383648674,
      0.0011260395264439949,
      0.0014113182812120772,
      0.0017214102676666684,
      0.002176463466084727,
      0.0026362459389886396,
      0.0030871051829635993,
      0.003771455324344723,
      0.004500682406903852,
      0.0051819918588394765,
      0.006117276393982288,
      0.007235538288681944,
      0.00847390590973621,
      0.00971582904786005,
      0.011225996339383806,
      0.012847395627103846,
      0.014540325289289158,
      0.016438630951024474,
      0.018380947453101648,
      0.020390074823767868,
      0.022299122414453337,
      0.024173657202127753,
      0.025859573851497623,
      0.02725535449182681,
      0.02824333876691225,
      0.028803225966314114,
      0.029168494102939497,
      0.029758633083935452,
      0.030986947562520805,
      0.03283508530995709,
      0.03506774576271799,
      0.03705086398404904,
      0.037756244207031206,
      0.039038139042334476,
      0.04325980722397252,
      0.049847501925027994,
      0.057649102959633804,
      0.06962122048099026,
      0.08012176437647531,
      0.08931963187813043,
      0.10286760835405302,
      0.07521231067424618
   ],
   "Unweighted sigma^2": 0.022511247431345034,
   "Apparent r0": 28.572985468387127
}