{
   "log10 r": [
      0.0,
      0.05,
      0.1,
      0.15000000000000002,
      0.2,
      0.25,
      0.30000000000000004,
      0.35000000000000003,
      0.4,
      0.45,
      0.5,
      0.55,
      0.6000000000000001,
      0.65,
      0.7000000000000001,
      0.75,
      0.8,
      0.8500000000000001,
      0.9,
      0.9500000000000001,
      1.0,
      1.05,
      1.1,
      1.1500000000000001,
      1.2000000000000002,
      1.25,
      1.3,
      1.35,
      1.4000000000000001,
      1.4500000000000002,
      1.5,
      1.55,
      1.6,
      1.6500000000000001,
      1.7000000000000002,
      1.75,
      1.8,
      1.85,
      1.9000000000000001,
      1.9500000000000002,
      2.0,
      2.0500000000000003,
      2.1,
      2.15,
      2.2,
      2.25,
      2.3000000000000003,
      2.35,
      2.4000000000000004,
      2.45,
      2.5
   ],
   "Sum dv^2": [
      71.16865389209502,
      0.0,
      0.0,
      342.1504550152424,
      0.0,
      0.0,
      1986.0321935569923,
      0.0,
      0.0,
      1988.2602887611479,
      3385.1024199334947,
      4373.331186570513,
      9837.104110037488,
      16693.499020938627,
      18253.483894119472,
      31083.062159889087,
      68714.13570189035,
      71915.8136001634,
      125288.19885731432,
      210313.53841756764,
      392393.46716089564,
      496022.079145865,
      766415.7910635856,
      1321267.6674245612,
      1799259.4483806246,
      2802414.035112992,
      4342407.109533121,
      6228153.757626823,
      8839643.521695256,
      12420668.764316048,
      18280881.91826146,
      23645828.15338332,
      33765500.70888274,
      43938108.67348872,
      57940160.33732509,
      73696598.08565317,
      91619093.4789653,
      114235486.04275514,
      136233413.98159277,
      163827775.10814637,
      199646557.8874425,
      239355259.75259873,
      276845592.2464224,
      291198349.6813252,
      282301891.45444655,
      248360585.89937252,
      193733794.31964198,
      138255917.44842568,
      74507461.11245313,
      19895739.889432903,
      851520.9187311213
   ],
   "Sum weights": [
      65280.0,
      0.0,
      0.0,
      130050.0,
      0.0,
      0.0,
      324104.0,
      0.0,
      0.0,
      193800.0,
      258060.0,
      257048.0,
      449570.0,
      575312.0,
      511036.0,
      700020.0,
      1203734.0,
      1007972.0,
      1445380.0,
      1937042.0,
      2859272.0,
      2897116.0,
      3674690.0,
      5155474.0,
      5773520.0,
      7491838.0,
      9701238.0,
      11757186.0,
      14320938.0,
      17540114.0,
      22734900.0,
      26303374.0,
      34062188.0,
      40733820.0,
      50149068.0,
      60431004.0,
      72289830.0,
      87731826.0,
      102476376.0,
      120332462.0,
      140368314.0,
      158782298.0,
      178392398.0,
      192781200.0,
      200564162.0,
      196929652.0,
      173862636.0,
      123283452.0,
      50816154.0,
      14282052.0,
      1557090.0
   ],
   "Sum w * dv^2": [
      71.16865389209502,
      0.0,
      0.0,
      342.1504550152424,
      0.0,
      0.0,
      1986.0321935569923,
      0.0,
      0.0,
      1988.2602887611479,
      3385.1024199334947,
      4373.331186570513,
      9837.104110037488,
      16693.499020938627,
      18253.483894119472,
      31083.062159889087,
      68714.13570189035,
      71915.8136001634,
      125288.19885731432,
      210313.53841756764,
      392393.46716089564,
      496022.079145865,
      766415.7910635856,
      1321267.6674245612,
      1799259.4483806246,
      2802414.035112992,
      4342407.109533121,
      6228153.757626823,
      8839643.521695256,
      12420668.764316048,
      18280881.91826146,
      23645828.15338332,
      33765500.70888274,
      43938108.67348872,
      57940160.33732509,
      73696598.08565317,
      91619093.4789653,
      114235486.04275514,
      136233413.98159277,
      163827775.10814637,
      199646557.8874425,
      239355259.75259873,
      276845592.2464224,
      291198349.6813252,
      282301891.45444655,
      248360585.89937252,
      193733794.31964198,
      138255917.44842568,
      74507461.11245313,
      19895739.889432903,
      851520.9187311213
   ],
   "N pairs": [
      65280,
      0,
      0,
      130050,
      0,
      0,
      324104,
      0,
      0,
      193800,
      258060,
      257048,
      449570,
      575312,
      511036,
      700020,
      1203734,
      1007972,
      1445380,
      1937042,
      2859272,
      2897116,
      3674690,
      5155474,
      5773520,
      7491838,
      9701238,
      11757186,
      14320938,
      17540114,
      22734900,
      26303374,
      34062188,
      40733820,
      50149068,
      60431004,
      72289830,
      87731826,
      102476376,
      120332462,
      140368314,
      158782298,
      178392398,
      192781200,
      200564162,
      196929652,
      173862636,
      123283452,
      50816154,
      14282052,
      1557090
   ],
   "Unweighted B(r)": [
      0.0010902060951607693,
      NaN,
      NaN,
      0.0026309146867761818,
      NaN,
      NaN,
      0.006127762056491103,
      NaN,
      NaN,
      0.010259341015279401,
      0.013117501433517378,
      0.01701367521463117,
      0.021881140000528255,
      0.02901642764437145,
      0.03571858713303852,
      0.04440310585396001,
      0.057084152895814484,
      0.07134703503684964,
      0.08668184066288057,
      0.1085745886860314,
      0.13723544565221343,
      0.17121236400125675,
      0.20856610790667662,
      0.2562844206807291,
      0.31163994380908433,
      0.3740622841968809,
      0.44761370760444397,
      0.5297316685835218,
      0.6172531102149353,
      0.7081293065892301,
      0.8040889521511624,
      0.8989655910068161,
      0.9912898346072995,
      1.0786640848682671,
      1.1553586666321514,
      1.2195163609337547,
      1.2673856540949855,
      1.3020985798557885,
      1.3294128783554249,
      1.3614595129628975,
      1.4223050216834727,
      1.5074429754921341,
      1.5518911980006145,
      1.5105121748454995,
      1.4075390570247868,
      1.2611639911869266,
      1.114292287157328,
      1.1214474871163218,
      1.466216060201115,
      1.3930589168442253,
      0.5468668598033006
   ],
   "Weighted B(r)": [
      0.0010902060951607693,
      NaN,
      NaN,
      0.0026309146867761818,
      NaN,
      NaN,
      0.006127762056491103,
      NaN,
      NaN,
      0.010259341015279401,
      0.013117501433517378,
      0.01701367521463117,
      0.021881140000528255,
      0.02901642764437145,
      0.03571858713303852,
      0.04440310585396001,
      0.057084152895814484,
      0.07134703503684964,
      0.08668184066288057,
      0.1085745886860314,
      0.13723544565221343,
      0.17121236400125675,
      0.20856610790667662,
      0.2562844206807291,
      0.31163994380908433,
      0.3740622841968809,
      0.44761370760444397,
      0.5297316685835218,
      0.6172531102149353,
      0.7081293065892301,
      0.8040889521511624,
      0.8989655910068161,
      0.9912898346072995,
      1.0786640848682671,
      1.1553586666321514,
      1.2195163609337547,
      1.2673856540949855,
      1.3020985798557885,
      1.3294128783554249,
      1.3614595129628975,
      1.4223050216834727,
      1.5074429754921341,
      1.5518911980006145,
      1.5105121748454995,
      1.4075390570247868,
      1.2611639911869266,
      1.114292287157328,
      1.1214474871163218,
      1.466216060201115,
      1.3930589168442253,
      0.5468668598033006
   ],
   "Unweighted sigma^2": 0.6454387925542087,
   "Apparent r0": 26.06947771275707
}