{
   "log10 r": [
      0.0,
      0.05,
      0.1,
      0.15000000000000002,
      0.2,
      0.25,
      0.30000000000000004,
      0.35000000000000003,
      0.4,
      0.45,
      0.5,
      0.55,
      0.6000000000000001,
      0.65,
      0.7000000000000001,
      0.75,
      0.8,
      0.8500000000000001,
      0.9,
      0.9500000000000001,
      1.0,
      1.05,
      1.1,
      1.1500000000000001,
      1.2000000000000002,
      1.25,
      1.3,
      1.35,
      1.4000000000000001,
      1.4500000000000002,
      1.5,
      1.55,
      1.6,
      1.6500000000000001,
      1.7000000000000002,
      1.75,
      1.8,
      1.85,
      1.9000000000000001,
      1.9500000000000002,
      2.0,
      2.0500000000000003,
      2.1,
      2.15,
      2.2,
      2.25,
      2.3000000000000003,
      2.35,
      2.4000000000000004,
      2.45,
      2.5
   ],
   "Sum dv^2": [
      3.6248611243158693,
      0.0,
      0.0,
      16.632674235153324,
      0.0,
      0.0,
      89.76288108796764,
      0.0,
      0.0,
      85.32755710958848,
      142.89483076200005,
      180.09080333870358,
      393.2013665793348,
      648.7286301341809,
      696.5937372406208,
      1157.4772240121717,
      2498.5619778655137,
      2566.8441619308232,
      4382.716017823805,
      7219.598369140748,
      13211.20727182128,
      16494.58151300216,
      25216.57895717806,
      43304.543521849075,
      58834.59616740442,
      92204.05101399035,
      144417.31270391052,
      211811.08275802922,
      309530.46440294216,
      452914.43579403084,
      701220.804300086,
      961412.9223251869,
      1465657.6369861173,
      2053438.9107386728,
      2941775.6774581713,
      4094230.55940524,
      5608124.412837778,
      7739590.604046376,
      10202164.899834178,
      13347250.745153787,
      17169438.022590593,
      21301195.04327426,
      26153355.85963781,
      31029434.306291822,
      36256330.366719216,
      41987627.54168951,
      43783017.502040364,
      35784025.91190515,
      15759550.566878295,
      5059769.058686651,
      811622.324145707
   ],
   "Sum weights": [
      65280.0,
      0.0,
      0.0,
      130050.0,
      0.0,
      0.0,
      324104.0,
      0.0,
      0.0,
      193800.0,
      258060.0,
      257048.0,
      449570.0,
      575312.0,
      511036.0,
      700020.0,
      1203734.0,
      1007972.0,
      1445380.0,
      1937042.0,
      2859272.0,
      2897116.0,
      3674690.0,
      5155474.0,
      5773520.0,
      7491838.0,
      9701238.0,
      11757186.0,
      14320938.0,
      17540114.0,
      22734900.0,
      26303374.0,
      34062188.0,
      40733820.0,
      50149068.0,
      60431004.0,
      72289830.0,
      87731826.0,
      102476376.0,
      120332462.0,
      140368314.0,
      158782298.0,
      178392398.0,
      192781200.0,
      200564162.0,
      196929652.0,
      173862636.0,
      123283452.0,
      50816154.0,
      14282052.0,
      1557090.0
   ],
   "Sum w * dv^2": [
      3.6248611243158693,
      0.0,
      0.0,
      16.632674235153324,
      0.0,
      0.0,
      89.76288108796764,
      0.0,
      0.0,
      85.32755710958848,
      142.89483076200005,
      180.09080333870358,
      393.2013665793348,
      648.7286301341809,
      696.5937372406208,
      1157.4772240121717,
      2498.5619778655137,
      2566.8441619308232,
      4382.716017823805,
      7219.598369140748,
      13211.20727182128,
      16494.58151300216,
      25216.57895717806,
      43304.543521849075,
      58834.59616740442,
      92204.05101399035,
      144417.31270391052,
      211811.08275802922,
      309530.46440294216,
      452914.43579403084,
      701220.804300086,
      961412.9223251869,
      1465657.6369861173,
      2053438.9107386728,
      2941775.6774581713,
      4094230.55940524,
      5608124.412837778,
      7739590.604046376,
      10202164.899834178,
      13347250.745153787,
      17169438.022590593,
      21301195.04327426,
      26153355.85963781,
      31029434.306291822,
      36256330.366719216,
      41987627.54168951,
      43783017.502040364,
      35784025.91190515,
      15759550.566878295,
      5059769.058686651,
      811622.324145707
   ],
   "N pairs": [
      65280,
      0,
      0,
      130050,
      0,
      0,
      324104,
      0,
      0,
      193800,
      258060,
      257048,
      449570,
      575312,
      511036,
      700020,
      1203734,
      1007972,
      1445380,
      1937042,
      2859272,
      2897116,
      3674690,
      5155474,
      5773520,
      7491838,
      9701238,
      11757186,
      14320938,
      17540114,
      22734900,
      26303374,
      34062188,
      40733820,
      50149068,
      60431004,
      72289830,
      87731826,
      102476376,
      120332462,
      140368314,
      158782298,
      178392398,
      192781200,
      200564162,
      196929652,
      173862636,
      123283452,
      50816154,
      14282052,
      1557090
   ],
   "Unweighted B(r)": [
      5.552789712493672e-05,
      NaN,
      NaN,
      0.00012789445778664608,
      NaN,
      NaN,
      0.0002769570294966049,
      NaN,
      NaN,
      0.0004402866723920974,
      0.0005537271594280402,
      0.0007006115719192664,
      0.0008746165593329954,
      0.0011276118525846513,
      0.00136310110685083,
      0.0016534916488274217,
      0.0020756761692080758,
      0.002546543120176774,
      0.0030322240641380152,
      0.003727125363900601,
      0.004620479363915458,
      0.005693448765255571,
      0.006862232993035619,
      0.008399721058015048,
      0.01019042043110692,
      0.012307267057027975,
      0.014886482808061251,
      0.018015457334606192,
      0.021613840127158022,
      0.02582163581114871,
      0.030843364356125866,
      0.03655093534103978,
      0.04302887521453752,
      0.050411154925776,
      0.05866062510789176,
      0.06775049706943873,
      0.07757833173542915,
      0.08821873380415422,
      0.0995562616288673,
      0.11091978443151763,
      0.1223170495770904,
      0.1341534623921003,
      0.1466057755422841,
      0.16095674425873385,
      0.18077172913234227,
      0.21321130218464768,
      0.2518253404488838,
      0.29025814358203683,
      0.31012875486165864,
      0.3542746559588672,
      0.5212430393527072
   ],
   "Weighted B(r)": [
      5.552789712493672e-05,
      NaN,
      NaN,
      0.00012789445778664608,
      NaN,
      NaN,
      0.0002769570294966049,
      NaN,
      NaN,
      0.0004402866723920974,
      0.0005537271594280402,
      0.0007006115719192664,
      0.0008746165593329954,
      0.0011276118525846513,
      0.00136310110685083,
      0.0016534916488274217,
      0.0020756761692080758,
      0.002546543120176774,
      0.0030322240641380152,
      0.003727125363900601,
      0.004620479363915458,
      0.005693448765255571,
      0.006862232993035619,
      0.008399721058015048,
      0.01019042043110692,
      0.012307267057027975,
      0.014886482808061251,
      0.018015457334606192,
      0.021613840127158022,
      0.02582163581114871,
      0.030843364356125866,
      0.03655093534103978,
      0.04302887521453752,
      0.050411154925776,
      0.05866062510789176,
      0.06775049706943873,
      0.07757833173542915,
      0.08821873380415422,
      0.0995562616288673,
      0.11091978443151763,
      0.1223170495770904,
      0.1341534623921003,
      0.1466057755422841,
      0.16095674425873385,
      0.18077172913234227,
      0.21321130218464768,
      0.2518253404488838,
      0.29025814358203683,
      0.31012875486165864,
      0.3542746559588672,
      0.5212430393527072
   ],
   "Unweighted sigma^2": 0.07602908074596784,
   "Apparent r0": 62.01407771089946
}