{
   "name": "Hanel-EON-S",
   "results_1sig": {
      "sig2": [
         6.449155521673393,
         16.56497999424392,
         -1.519942093304457
      ],
      "r0": [
         0.6799438559795805,
         3.8925096575144265,
         -0.4106076228354911
      ],
      "m": [
         1,
         0,
         0
      ],
      "s0": [
         0,
         0,
         0
      ],
      "noise": [
         14.166148524998427,
         1.7943104444159879,
         -0.6063524516125227
      ]
   },
   "results_2sig": {
      "sig2": [
         6.449155521673393,
         20.993999427750058,
         -0.1928214096951688
      ],
      "r0": [
         0.6799438559795805,
         4.655104057606071,
         0.006414347939773801
      ],
      "m": [
         1,
         0,
         0
      ],
      "s0": [
         0,
         0,
         0
      ],
      "noise": [
         14.166148524998427,
         2.1596415843934196,
         0.5397953647564702
      ]
   },
   "LM": {
      "sig2": [
         6.449155521673393,
         0.5340744698744767
      ],
      "r0": [
         0.6799438559795805,
         0.14629908323214605
      ],
      "m": [
         1,
         0
      ],
      "s0": [
         0,
         0
      ],
      "noise": [
         14.166148524998427,
         0.4927998452905912
      ]
   },
   "MCMC": {
      "sig2": [
         14.1044987673096,
         7.401788965201944
      ],
      "r0": [
         2.5370772539867223,
         1.717677259233217
      ],
      "m": [
         1,
         0
      ],
      "s0": [
         0,
         0
      ],
      "noise": [
         15.443842298090358,
         0.58725660419619
      ]
   },
   "properties": {
      "pix": 1.0,
      "pc": 0.11926416555294585,
      "box_size": 2.7404818820239205
   },
   "B": [
      14.798135327726827,
      16.232641610229365,
      17.454906782256423,
      17.880834054796555,
      18.415142069907834,
      19.256121621504683,
      18.88650439494162,
      20.18643009236766,
      19.555904921650388,
      20.472578865963346,
      20.96088369202105,
      21.542897857306098,
      21.913165198058106,
      22.450975671325775,
      23.323220099596732,
      23.863047455571536,
      25.074403561725344,
      25.580459811187957,
      25.744556488006296,
      22.590467706474566,
      17.904581942190017,
      16.976653909475733,
      13.89482600489007,
      10.11626005406346
   ],
   "r": [
      0.11926416555294585,
      0.16846511157163982,
      0.23796329505400246,
      0.3361320885059206,
      0.3771464063867038,
      0.42316522793954964,
      0.4747991949670715,
      0.5327334588407702,
      0.5977367720434597,
      0.6706716890476475,
      0.7525060118893286,
      0.8443256323129994,
      0.9473489408953595,
      1.0629429943480133,
      1.1926416555294586,
      1.3381659468732978,
      1.501446887310301,
      1.6846511157163986,
      1.890209640894192,
      2.1208500995827695,
      2.3796329505400244,
      2.6699920849709393,
      2.9957803921775703,
      3.361320885059208
   ],
   "preres": {
      "sig2": 22.401574257571088,
      "r0": 0.3361320885059206,
      "r1": NaN,
      "r2": NaN
   },
   "SFresults": {
      "log10 r": [
         0.0,
         0.05,
         0.1,
         0.15000000000000002,
         0.2,
         0.25,
         0.30000000000000004,
         0.35000000000000003,
         0.4,
         0.45,
         0.5,
         0.55,
         0.6000000000000001,
         0.65,
         0.7000000000000001,
         0.75,
         0.8,
         0.8500000000000001,
         0.9,
         0.9500000000000001,
         1.0,
         1.05,
         1.1,
         1.1500000000000001,
         1.2000000000000002,
         1.25,
         1.3,
         1.35,
         1.4000000000000001,
         1.4500000000000002
      ],
      "Sum dv^2": [
         7487.856475829774,
         0.0,
         0.0,
         15680.731795481568,
         0.0,
         0.0,
         40635.02298909295,
         0.0,
         0.0,
         23996.079301536978,
         32336.989474758157,
         32273.259837641846,
         54884.18177170035,
         71177.35250568838,
         60388.6343980564,
         82791.10893395577,
         137671.08408919425,
         110385.80862083644,
         154619.293637498,
         195592.90004859015,
         274141.12905066,
         249225.66762598912,
         292467.8431439644,
         346871.0350397087,
         310633.818584284,
         254910.83759985902,
         149252.595070096,
         63526.638929258195,
         13839.24670087051,
         1416.2764075688845
      ],
      "Sum weights": [
         506.0,
         0.0,
         0.0,
         966.0,
         0.0,
         0.0,
         2328.0,
         0.0,
         0.0,
         1342.0,
         1756.0,
         1676.0,
         2906.0,
         3526.0,
         3088.0,
         4044.0,
         6568.0,
         5124.0,
         7056.0,
         8712.0,
         11754.0,
         10444.0,
         11664.0,
         13560.0,
         12066.0,
         11284.0,
         8336.0,
         3742.0,
         996.0,
         140.0
      ],
      "Sum w * dv^2": [
         7487.856475829774,
         0.0,
         0.0,
         15680.731795481568,
         0.0,
         0.0,
         40635.02298909295,
         0.0,
         0.0,
         23996.079301536978,
         32336.989474758157,
         32273.259837641846,
         54884.18177170035,
         71177.35250568838,
         60388.6343980564,
         82791.10893395577,
         137671.08408919425,
         110385.80862083644,
         154619.293637498,
         195592.90004859015,
         274141.12905066,
         249225.66762598912,
         292467.8431439644,
         346871.0350397087,
         310633.818584284,
         254910.83759985902,
         149252.595070096,
         63526.638929258195,
         13839.24670087051,
         1416.2764075688845
      ],
      "N pairs": [
         506,
         0,
         0,
         966,
         0,
         0,
         2328,
         0,
         0,
         1342,
         1756,
         1676,
         2906,
         3526,
         3088,
         4044,
         6568,
         5124,
         7056,
         8712,
         11754,
         10444,
         11664,
         13560,
         12066,
         11284,
         8336,
         3742,
         996,
         140
      ],
      "Unweighted B(r)": [
         14.798135327726827,
         NaN,
         NaN,
         16.232641610229365,
         NaN,
         NaN,
         17.454906782256423,
         NaN,
         NaN,
         17.880834054796555,
         18.415142069907834,
         19.256121621504683,
         18.88650439494162,
         20.18643009236766,
         19.555904921650388,
         20.472578865963346,
         20.96088369202105,
         21.542897857306098,
         21.913165198058106,
         22.450975671325775,
         23.323220099596732,
         23.863047455571536,
         25.074403561725344,
         25.580459811187957,
         25.744556488006296,
         22.590467706474566,
         17.904581942190017,
         16.976653909475733,
         13.89482600489007,
         10.11626005406346
      ],