{
   "name": "Hanel-EON-N",
   "pc": 0.11926416555294585,
   "s0": 0.045578661994756374,
   "pix": 1.0,
   "vv": [
      [
         NaN,
         NaN,
         NaN,
         NaN,
         NaN,
         13.1,
         10.6,
         9.3,
         NaN,
         NaN,
         NaN,
         NaN,
         NaN,
         NaN,
         NaN,
         NaN,
         NaN,
         NaN,
         NaN,
         NaN,
         NaN,
         NaN,
         NaN,
         NaN,
         NaN,
         NaN
      ],
      [
         NaN,
         NaN,
         NaN,
         NaN,
         NaN,
         12.9,
         13.4,
         9.2,
         11.4,
         NaN,
         NaN,
         8.0,
         NaN,
         NaN,
         NaN,
         NaN,
         8.5,
         9.7,
         NaN,
         NaN,
         NaN,
         NaN,
         NaN,
         NaN,
         NaN,
         NaN
      ],
      [
         NaN,
         NaN,
         NaN,
         NaN,
         NaN,
         NaN,
         10.5,
         9.2,
         11.9,
         11.2,
         8.0,
         NaN,
         5.8,
         7.2,
         10.4,
         NaN,
         NaN,
         5.0,
         8.6,
         NaN,
         NaN,
         NaN,
         NaN,
         NaN,
         NaN,
         NaN
      ],
      [
         NaN,
         NaN,
         NaN,
         NaN,
         9.2,
         13.5,
         11.1,
         9.9,
         12.9,
         13.2,
         NaN,
         8.2,
         11.0,
         8.7,
         6.2,
         4.5,
         4.5,
         4.5,
         -1.3,
         NaN,
         NaN,
         4.1,
         6.0,
         8.7,
         7.4,
         NaN
      ],
      [
         NaN,
         NaN,
         NaN,
         6.2,
         6.4,
         9.3,
         10.0,
         10.2,
         9.6,
         NaN,
         9.6,
         11.0,
         7.6,
         2.4,
         4.0,
         4.6,
         NaN,
         1.6,
         -3.3,
         -0.4,
         1.5,
         2.0,
         NaN,
         NaN,
         6.6,
         NaN
      ],
      [
         NaN,
         NaN,
         4.9,
         NaN,
         NaN,
         NaN,
         9.9,
         10.1,
         9.9,
         9.2,
         6.8,
         NaN,
         3.5,
         4.8,
         4.0,
         10.1,
         8.6,
         NaN,
         NaN,
         -2.3,
         NaN,
         2.2,
         NaN,
         NaN,
         5.1,
         NaN
      ],
      [
         NaN,
         NaN,
         NaN,
         NaN,
         NaN,
         NaN,
         NaN,
         NaN,
         8.4,
         5.8,
         2.4,
         3.5,
         4.6,
         6.4,
         7.0,
         7.8,
         6.8,
         6.7,
         NaN,
         -1.9,
         -2.8,
         1.7,
         3.2,
         3.8,
         1.8,
         NaN
      ],
      [
         NaN,
         NaN,
         NaN,
         NaN,
         6.8,
         7.6,
         NaN,
         NaN,
         6.9,
         8.1,
         5.3,
         3.8,
         6.6,
         6.6,
         7.2,
         8.3,
         NaN,
         6.3,
         5.2,
         NaN,
         4.5,
         8.8,
         NaN,
         NaN,
         NaN,
         NaN
      ],
      [
         NaN,
         NaN,
         NaN,
         NaN,
         NaN,
         10.6,
         8.4,
         6.6,
         8.9,
         2.0,
         5.0,
         5.2,
         5.6,
         NaN,
         2.5,
         4.0,
         6.5,
         NaN,
         5.2,
         NaN,
         7.9,
         0.2,
         3.9,
         NaN,
         NaN,
         NaN
      ],
      [
         7.5,
         NaN,
         NaN,
         NaN,
         9.7,
         9.5,
         9.6,
         8.5,
         8.4,
         NaN,
         NaN,
         1.6,
         4.8,
         6.2,
         4.6,
         5.8,
         4.5,
         2.5,
         4.4,
         5.0,
         1.8,
         NaN,
         NaN,
         6.0,
         NaN,
         NaN
      ],
      [
         12.3,
         NaN,
         NaN,
         NaN,
         7.9,
         8.7,
         2.5,
         4.3,
         5.3,
         3.2,
         5.3,
         3.9,
         6.2,
         5.6,
         8.1,
         5.0,
         3.7,
         0.5,
         NaN,
         NaN,
         3.7,
         10.0,
         9.9,
         7.9,
         9.6,
         NaN
      ],
      [
         12.6,
         NaN,
         0.9,
         6.5,
         10.3,
         5.2,
         2.4,
         8.3,
         5.5,
         2.3,
         2.5,
         7.6,
         8.2,
         5.4,
         4.5,
         5.8,
         4.5,
         0.3,
         4.3,
         -1.6,
         5.2,
         NaN,
         5.5,
         8.6,
         NaN,
         NaN
      ],
      [
         6.0,
         NaN,
         8.8,
         4.1,
         8.0,
         6.0,
         5.8,
         7.6,
         7.0,
         4.1,
         5.5,
         5.8,
         9.3,
         12.9,
         14.4,
         7.5,
         -0.1,
         4.2,
         5.1,
         5.8,
         5.9,
         4.9,
         0.4,
         0.8,
         7.7,
         12.1
      ],
      [
         12.7,
         7.7,
         11.1,
         5.6,
         6.2,
         6.2,
         7.1,
         6.7,
         5.2,
         5.6,
         4.5,
         6.6,
         7.7,
         9.6,
         0.8,
         0.8,
         7.9,
         9.8,
         4.6,
         1.0,
         -3.2,
         NaN,
         6.8,
         7.1,
         NaN,
         NaN
      ],
      [
         4.5,
         8.3,
         6.5,
         4.8,
         NaN,
         2.6,
         0.9,
         3.7,
         4.9,
         3.9,
         5.8,
         5.7,
         5.8,
         1.8,
         6.1,
         7.3,
         6.4,
         6.8,
         9.1,
         8.4,
         NaN,
         0.8,
         NaN,
         7.2,
         NaN,
         NaN
      ],
      [
         NaN,
         8.6,
         6.7,
         NaN,
         3.5,
         2.0,
         2.1,
         -1.9,
         1.7,
         2.7,
         4.2,
         0.9,
         6.7,
         1.5,
         0.7,
         -1.6,
         -2.5,
         -0.7,
         3.7,
         5.2,
         NaN,
         NaN,
         3.2,
         NaN,
         NaN,
         NaN
      ],
      [
         NaN,
         7.7,
         3.5,
         1.8,
         2.5,
         3.2,
         1.3,
         1.5,
         0.0,
         1.9,
         2.5,
         5.3,
         NaN,
         7.5,
         NaN,
         0.0,
         -1.7,
         NaN,
         -3.7,
         -1.7,
         -2.0,
         NaN,
         0.9,
         NaN,
         13.4,
         NaN
      ],
      [
         NaN,
         5.9,
         NaN,
         1.2,
         -1.0,
         1.7,
         3.1,
         1.6,
         -0.3,
         3.6,
         -0.3,
         -3.6,
         -2.1,
         -1.6,
         -2.6,
         -0.4,
         1.4,
         NaN,
         NaN,
         NaN,
         1.1,
         NaN,
         NaN,
         NaN,
         NaN,
         NaN
      ],
      [
         NaN,
         4.6,
         NaN,
         3.3,
         0.7,
         0.8,
         3.6,
         2.9,
         0.0,
         0.0,
         -0.2,
         4.0,
         -0.9,
         0.7,
         4.3,
         NaN,
         7.2,
         NaN,
         -2.1,
         NaN,
         NaN,
         NaN,
         NaN,
         NaN,
         NaN,
         NaN
      ],
      [
         NaN,
         NaN,
         3.3,
         4.8,
         5.4,
         0.9,
         1.8,
         2.5,
         0.5,
         1.3,
         3.1,
         -1.5,
         NaN,
         4.0,
         NaN,
         0.1,
         NaN,
         3.4,
         NaN,
         NaN,
         NaN,
         NaN,
         NaN,
         NaN,
         NaN,
         NaN
      ],
      [
         NaN,
         NaN,
         NaN,
         NaN,
         0.3,
         2.7,
         0.6,
         1.4,
         NaN,
         4.6,
         -1.7,
         NaN,
         0.9,
         NaN,
         0.9,
