{
   "name": "Hanel-EON-S",
   "pc": 0.11926416555294585,
   "s0": 0.045578661994756374,
   "pix": 1.0,
   "Hanel-EON-S": [
      [
         0.0,
         3.0,
         17.2
      ],
      [
         1.0,
         2.0,
         16.4
      ],
      [
         1.0,
         4.0,
         9.1
      ],
      [
         1.0,
         5.0,
         9.9
      ],
      [
         2.0,
         3.0,
         11.5
      ],
      [
         2.0,
         4.0,
         13.3
      ],
      [
         2.0,
         5.0,
         10.8
      ],
      [
         2.0,
         7.0,
         15.4
      ],
      [
         2.0,
         12.0,
         5.7
      ],
      [
         2.0,
         13.0,
         10.8
      ],
      [
         2.0,
         14.0,
         8.6
      ],
      [
         2.0,
         15.0,
         7.8
      ],
      [
         2.0,
         16.0,
         4.0
      ],
      [
         2.0,
         17.0,
         7.2
      ],
      [
         3.0,
         1.0,
         7.8
      ],
      [
         3.0,
         3.0,
         11.4
      ],
      [
         3.0,
         4.0,
         6.0
      ],
      [
         3.0,
         5.0,
         14.5
      ],
      [
         3.0,
         6.0,
         17.5
      ],
      [
         3.0,
         10.0,
         15.6
      ],
      [
         3.0,
         13.0,
         9.3
      ],
      [
         3.0,
         14.0,
         5.8
      ],
      [
         3.0,
         15.0,
         5.3
      ],
      [
         3.0,
         17.0,
         3.7
      ],
      [
         3.0,
         18.0,
         9.9
      ],
      [
         4.0,
         2.0,
         10.9
      ],
      [
         4.0,
         3.0,
         11.7
      ],
      [
         4.0,
         4.0,
         -1.2
      ],
      [
         4.0,
         5.0,
         10.2
      ],
      [
         4.0,
         6.0,
         12.7
      ],
      [
         4.0,
         9.0,
         17.0
      ],
      [
         4.0,
         10.0,
         11.8
      ],
      [
         4.0,
         11.0,
         7.8
      ],
      [
         4.0,
         12.0,
         11.5
      ],
      [
         4.0,
         13.0,
         8.9
      ],
      [
         4.0,
         14.0,
         2.3
      ],
      [
         4.0,
         15.0,
         2.8
      ],
      [
         4.0,
         16.0,
         4.2
      ],
      [
         4.0,
         17.0,
         5.5
      ],
      [
         5.0,
         1.0,
         9.7
      ],
      [
         5.0,
         3.0,
         15.1
      ],
      [
         5.0,
         4.0,
         14.3
      ],
      [
         5.0,
         5.0,
         13.3
      ],
      [
         5.0,
         6.0,
         12.7
      ],
      [
         5.0,
         8.0,
         17.3
      ],
      [
         5.0,
         9.0,
         18.3
      ],
      [
         5.0,
         10.0,
         11.6
      ],
      [
         5.0,
         11.0,
         8.6
      ],
      [
         5.0,
         13.0,
         5.8
      ],
      [
         5.0,
         14.0,
         6.5
      ],
      [
         5.0,
         16.0,
         1.0
      ],
      [
         5.0,
         18.0,
         3.7
      ],
      [
         5.0,
         19.0,
         6.3
      ],
      [
         6.0,
         4.0,
         6.6
      ],
      [
         6.0,
         5.0,
         10.6
      ],
      [
         6.0,
         6.0,
         9.5
      ],
      [
         6.0,
         7.0,
         13.7
      ],
      [
         6.0,
         8.0,
         13.9
      ],
      [
         6.0,
         9.0,
         9.8
      ],
      [
         6.0,
         10.0,
         3.3
      ],
      [
         6.0,
         12.0,
         12.2
      ],
      [
         6.0,
         13.0,
         9.6
      ],
      [
         6.0,
         16.0,
         6.1
      ],
      [
         6.0,
         17.0,
         2.5
      ],
      [
         6.0,
         18.0,
         5.6
      ],
      [
         6.0,
         19.0,
         3.8
      ],
      [
         7.0,
         5.0,
         11.4
      ],
      [
         7.0,
         6.0,
         9.9
      ],
      [
         7.0,
         7.0,
         12.6
      ],
      [
         7.0,
         8.0,
         11.3
      ],
      [
         7.0,
         9.0,
         5.6
      ],
      [
         7.0,
         10.0,
         -2.1
      ],
      [
         7.0,
         11.0,
         10.9
      ],
      [
         7.0,
         12.0,
         5.7
      ],
      [
         7.0,
         13.0,
         8.6
      ],
      [
         7.0,
         14.0,
         2.4
      ],
      [
         7.0,
         15.0,
         3.1
      ],
      [
         7.0,
         16.0,
         2.3
      ],
      [
         7.0,
         17.0,
         7.2
      ],
      [
         7.0,
         19.0,
         3.8
      ],
      [
         7.0,
         21.0,
         11.4
      ],
      [
         8.0,
         6.0,
         5.0
      ],
      [
         8.0,
         7.0,
         9.3
      ],
      [
         8.0,
         8.0,
         14.5
      ],
      [
         8.0,
         9.0,
         8.1
      ],
      [
         8.0,
         11.0,
         11.4
      ],
      [
         8.0,
         12.0,
         12.3
      ],
      [
         8.0,
         13.0,
         5.8
      ],
      [
         8.0,
         15.0,
         3.1
      ],
      [
         8.0,
         16.0,
         -0.1
      ],
      [
         8.0,
         18.0,
         2.2
      ],
      [
         8.0,
         19.0,
         1.5
      ],
      [
         8.0,
         20.0,
         5.2
      ],
      [
         9.0,
         3.0,
         8.7
      ],
      [
         9.0,
         4.0,
         15.3
      ],
      [
         9.0,
         5.0,
         16.6
      ],
      [
         9.0,
         6.0,
         9.4
      ],
      [
         9.0,
         7.0,
         10.6
      ],
      [
         9.0,
         8.0,
         10.2
      ],
      [
         9.0,
         10.0,
         12.0
      ],
      [
         9.0,
         11.0,
         10.4
      ],
      [
         9.0,
         13.0,
         11.8
      ],
      [
         9.0,
         15.0,
         3.1
      ],
      [
         9.0,
         16.0,
         7.3
      ],
      [
         9.0,
         17.0,
         3.0
      ],
      [
         9.0,
         18.0,
         1.4
      ],
      [
         9.0,
         19.0,
         1.0
      ],
      [
         9.0,
         20.0,
         5.2
      ],
      [
         10.0,
         3.0,
         11.5
      ],
      [
         10.0,
         4.0,
         14.4
      ],
      [
         10.0,
         5.0,
         12.9
      ],
      [
         10.0,
         6.0,
         11.5
      ],
      [
         10.0,
         8.0,
         11.2
      ],
      [
         10.0,
         14.0,
         1.4
      ],
      [
         10.0,
         15.0,
         1.2
      ],
      [
         10.0,
         17.0,
         5.1
      ],
      [
         10.0,
         18.0,
         1.4
      ],
      [
         10.0,
         19.0,
         4.8
      ],
      [
         10.0,
         20.0,
         6.7
      ],
      [
         10.0,
         23.0,
         8.6
      ],
      [
         11.0,
         0.0,
         8.5
      ],
      [
         11.0,
         1.0,
         10.9
      ],
      [
         11.0,
         2.0,
         12.3
      ],
      [
         11.0,
         3.0,
         9.7
      ],
      [
         11.0,
         4.0,
         8.5
      ],
      [
         11.0,
         6.0,
         10.5
      ],
      [
         11.0,
         7.0,
         10.9
      ],
      [
         11.0,
         8.0,
         6.1
      ],
      [
         11.0,
         9.0,
         10.5
      ],
      [
         11.0,
         13.0,
         4.6
      ],
      [
         11.0,
         14.0,
         7.2
      ],
      [
         11.0,
         15.0,
         8.0
      ],
      [
         11.0,
         16.0,
         0.2
      ],
      [
