{
   "name": "Hanel-EON-S",
   "pc": 0.11926416555294585,
   "s0": 0.045578661994756374,
   "pix": 1.0,
   "vv": [
      [
         NaN,
         NaN,
         NaN,
         17.2,
         NaN,
         NaN,
         NaN,
         NaN,
         NaN,
         NaN,
         NaN,
         NaN,
         NaN,
         NaN,
         NaN,
         NaN,
         NaN,
         NaN,
         NaN,
         NaN,
         NaN,
         NaN,
         NaN,
         NaN
      ],
      [
         NaN,
         NaN,
         16.4,
         NaN,
         9.1,
         9.9,
         NaN,
         NaN,
         NaN,
         NaN,
         NaN,
         NaN,
         NaN,
         NaN,
         NaN,
         NaN,
         NaN,
         NaN,
         NaN,
         NaN,
         NaN,
         NaN,
         NaN,
         NaN
      ],
      [
         NaN,
         NaN,
         NaN,
         11.5,
         13.3,
         10.8,
         NaN,
         15.4,
         NaN,
         NaN,
         NaN,
         NaN,
         5.7,
         10.8,
         8.6,
         7.8,
         4.0,
         7.2,
         NaN,
         NaN,
         NaN,
         NaN,
         NaN,
         NaN
      ],
      [
         NaN,
         7.8,
         NaN,
         11.4,
         6.0,
         14.5,
         17.5,
         NaN,
         NaN,
         NaN,
         15.6,
         NaN,
         NaN,
         9.3,
         5.8,
         5.3,
         NaN,
         3.7,
         9.9,
         NaN,
         NaN,
         NaN,
         NaN,
         NaN
      ],
      [
         NaN,
         NaN,
         10.9,
         11.7,
         -1.2,
         10.2,
         12.7,
         NaN,
         NaN,
         17.0,
         11.8,
         7.8,
         11.5,
         8.9,
         2.3,
         2.8,
         4.2,
         5.5,
         NaN,
         NaN,
         NaN,
         NaN,
         NaN,
         NaN
      ],
      [
         NaN,
         9.7,
         NaN,
         15.1,
         14.3,
         13.3,
         12.7,
         NaN,
         17.3,
         18.3,
         11.6,
         8.6,
         NaN,
         5.8,
         6.5,
         NaN,
         1.0,
         NaN,
         3.7,
         6.3,
         NaN,
         NaN,
         NaN,
         NaN
      ],
      [
         NaN,
         NaN,
         NaN,
         NaN,
         6.6,
         10.6,
         9.5,
         13.7,
         13.9,
         9.8,
         3.3,
         NaN,
         12.2,
         9.6,
         NaN,
         NaN,
         6.1,
         2.5,
         5.6,
         3.8,
         NaN,
         NaN,
         NaN,
         NaN
      ],
      [
         NaN,
         NaN,
         NaN,
         NaN,
         NaN,
         11.4,
         9.9,
         12.6,
         11.3,
         5.6,
         -2.1,
         10.9,
         5.7,
         8.6,
         2.4,
         3.1,
         2.3,
         7.2,
         NaN,
         3.8,
         NaN,
         11.4,
         NaN,
         NaN
      ],
      [
         NaN,
         NaN,
         NaN,
         NaN,
         NaN,
         NaN,
         5.0,
         9.3,
         14.5,
         8.1,
         NaN,
         11.4,
         12.3,
         5.8,
         NaN,
         3.1,
         -0.1,
         NaN,
         2.2,
         1.5,
         5.2,
         NaN,
         NaN,
         NaN
      ],
      [
         NaN,
         NaN,
         NaN,
         8.7,
         15.3,
         16.6,
         9.4,
         10.6,
         10.2,
         NaN,
         12.0,
         10.4,
         NaN,
         11.8,
         NaN,
         3.1,
         7.3,
         3.0,
         1.4,
         1.0,
         5.2,
         NaN,
         NaN,
         NaN
      ],
      [
         NaN,
         NaN,
         NaN,
         11.5,
         14.4,
         12.9,
         11.5,
         NaN,
         11.2,
         NaN,
         NaN,
         NaN,
         NaN,
         NaN,
         1.4,
         1.2,
         NaN,
         5.1,
         1.4,
         4.8,
         6.7,
         NaN,
         NaN,
         8.6
      ],
      [
         8.5,
         10.9,
         12.3,
         9.7,
         8.5,
         NaN,
         10.5,
         10.9,
         6.1,
         10.5,
         NaN,
         NaN,
         NaN,
         4.6,
         7.2,
         8.0,
         0.2,
         7.4,
         4.1,
         10.8,
         10.3,
         8.9,
         NaN,
         NaN
      ],
      [
         12.6,
         10.8,
         7.3,
         8.4,
         7.7,
         NaN,
         10.4,
         7.9,
         9.5,
         6.7,
         NaN,
         7.0,
         NaN,
         -1.8,
         NaN,
         5.3,
         NaN,
         3.4,
         6.7,
         6.4,
         0.3,
         11.3,
         5.3,
         5.5
      ],
      [
         13.7,
         NaN,
         5.1,
         6.9,
         9.7,
         7.1,
         11.0,
         5.9,
         1.1,
         NaN,
         NaN,
         6.1,
         NaN,
         1.7,
         2.8,
         6.8,
         NaN,
         2.3,
         4.0,
         2.3,
         10.0,
         6.7,
         8.0,
         NaN
      ],
      [
         13.3,
         2.3,
         8.8,
         7.2,
         9.0,
         8.4,
         10.5,
         7.1,
         7.6,
         NaN,
         NaN,
         NaN,
         NaN,
         5.4,
         8.9,
         NaN,
         3.4,
         7.4,
         0.6,
         NaN,
         6.3,
         NaN,
         NaN,
         NaN
      ],
      [
         8.9,
         6.9,
         NaN,
         5.3,
         2.6,
         7.5,
         NaN,
         8.2,
         NaN,
         7.1,
         8.8,
         11.0,
         NaN,
         1.2,
         6.3,
         NaN,
         4.0,
         2.6,
         NaN,
         3.4,
         6.9,
         NaN,
         2.8,
         1.6
      ],
      [
         NaN,
         NaN,
         4.8,
         3.4,
         6.5,
         9.3,
         NaN,
         NaN,
         4.7,
         NaN,
         2.6,
         NaN,
         -2.4,
         -1.4,
         NaN,
         NaN,
         0.9,
         1.9,
         1.2,
         3.9,
         2.8,
         -1.2,
         NaN,
         NaN
      ],
      [
         NaN,
         2.4,
         NaN,
         NaN,
         NaN,
         5.5,
         NaN,
         NaN,
         NaN,
         6.8,
         NaN,
         NaN,
         NaN,
         5.8,
         NaN,
         NaN,
         -5.4,
         -4.4,
         -1.7,
         NaN,
         NaN,
         NaN,
         NaN,
         NaN
      ],
      [
         NaN,
         -1.2,
         6.0,
         NaN,
         3.5,
         -0.1,
         -1.5,
         0.3,
         2.8,
         NaN,
         3.0,
         0.8,
         0.4,
         4.5,
         NaN,
         4.3,
         NaN,
         -3.4,
         NaN,
         -4.6,
         NaN,
         NaN,
         -1.0,
         NaN
      ],
      [
         NaN,
         -0.1,
         5.2,
         -0.2,
         NaN,
         NaN,
         7.3,
         5.3,
         6.1,
         4.0,
         NaN,
         4.0,
         NaN,
         NaN,
         NaN,
         NaN,
         NaN,
         -3.9,
         NaN,
         NaN,
         NaN,
         NaN,
         NaN,
         NaN
      ],
      [
         NaN,
         NaN,
         NaN,
         NaN,
         NaN,
         1.8,
         NaN,
         -5.9,
         6.7,
         -0.4,
         NaN,
         NaN,
         NaN,
         NaN,
         NaN,
         NaN,
         NaN,
         NaN,
         NaN,
         NaN,
         NaN,
         NaN,
         NaN,
         NaN
      ],
      [
         NaN,
         NaN,
         -2.8,
         NaN,
         4.1,
         3.9,
         4.8,
         1.3,
         NaN,
         NaN,
         NaN,
         NaN,
         NaN,
         NaN,
         NaN,
         NaN,
         NaN,
         NaN,
         NaN,
         NaN,
         NaN,
         NaN,
         NaN,
         NaN
      ]
   ]
}