{
   "name": "Hanel-EON-N",
   "results_1sig": {
      "sig2": [
         7.289740539827312,
         0.44921026058674585,
         0.46578786440372255
      ],
      "r0": [
         0.1980775450520168,
         0.02749057723382034,
         0.0173304951765344
      ],
      "m": [
         1,
         0,
         0
      ],
      "s0": [
         0,
         0,
         0
      ],
      "noise": [
         3.375768544038461,
         1.1642182730722586,
         0.9124996087103563
      ]
   },
   "results_2sig": {
      "sig2": [
         7.289740539827312,
         0.9350026104076417,
         0.8890790391570036
      ],
      "r0": [
         0.1980775450520168,
         0.05399152986063366,
         0.03485587383296798
      ],
      "m": [
         1,
         0,
         0
      ],
      "s0": [
         0,
         0,
         0
      ],
      "noise": [
         3.375768544038461,
         2.097141716163916,
         2.0420896931207615
      ]
   },
   "LM": {
      "sig2": [
         7.289740539827312,
         0.3661418041805627
      ],
      "r0": [
         0.1980775450520168,
         0.01658443278989227
      ],
      "m": [
         1,
         0
      ],
      "s0": [
         0,
         0
      ],
      "noise": [
         3.375768544038461,
         0.8203588755986654
      ]
   },
   "MCMC": {
      "sig2": [
         7.247799305143172,
         0.45059268784245887
      ],
      "r0": [
         0.2008627951388765,
         0.02188772149734175
      ],
      "m": [
         1,
         0
      ],
      "s0": [
         0,
         0
      ],
      "noise": [
         3.508701224099587,
         1.020774323744638
      ]
   },
   "properties": {
      "pix": 1.0,
      "pc": 0.11926416555294585,
      "box_size": 2.916490498639453
   },
   "B": [
      7.8800282591989435,
      11.05490714144688,
      12.274811348609068,
      13.211742847684652,
      13.897025761249939,
      14.41980268966079,
      15.34743841110764,
      16.2341148786148,
      16.005634194039803,
      16.659893026227977,
      16.677661250362533,
      17.426104388216338,
      17.01232489085965,
      17.53732228514721,
      17.5193759868613,
      17.94428563722195,
      18.875089864827757,
      19.442497788586344,
      19.41406059813659,
      18.094256886618496,
      14.392828241003404,
      11.155983014764091,
      8.733556515745606,
      2.7302565790508124
   ],
   "r": [
      0.11926416555294585,
      0.16846511157163982,
      0.23796329505400246,
      0.3361320885059206,
      0.3771464063867038,
      0.42316522793954964,
      0.4747991949670715,
      0.5327334588407702,
      0.5977367720434597,
      0.6706716890476475,
      0.7525060118893286,
      0.8443256323129994,
      0.9473489408953595,
      1.0629429943480133,
      1.1926416555294586,
      1.3381659468732978,
      1.501446887310301,
      1.6846511157163986,
      1.890209640894192,
      2.1208500995827695,
      2.3796329505400244,
      2.6699920849709393,
      2.9957803921775703,
      3.361320885059208
   ],
   "preres": {
      "sig2": 14.551625931370914,
      "r0": 0.3361320885059206,
      "r1": NaN,
      "r2": NaN
   },
   "SFresults": {
      "log10 r": [
         0.0,
         0.05,
         0.1,
         0.15000000000000002,
         0.2,
         0.25,
         0.30000000000000004,
         0.35000000000000003,
         0.4,
         0.45,
         0.5,
         0.55,
         0.6000000000000001,
         0.65,
         0.7000000000000001,
         0.75,
         0.8,
         0.8500000000000001,
         0.9,
         0.9500000000000001,
         1.0,
         1.05,
         1.1,
         1.1500000000000001,
         1.2000000000000002,
         1.25,
         1.3,
         1.35,
         1.4000000000000001,
         1.4500000000000002
      ],
      "Sum dv^2": [
         4531.016249039392,
         0.0,
         0.0,
         12160.397855591567,
         0.0,
         0.0,
         32626.448564602902,
         0.0,
         0.0,
         20306.44875689131,
         27960.815831634878,
         27772.53998028668,
         51321.83404674395,
         66121.54990059808,
         57140.1140727221,
         78201.53786511412,
         127700.85219402591,
         104626.33074685089,
         141270.3458936985,
         181107.92723871523,
         246410.02325520417,
         227066.99045340656,
         270838.66447041347,
         331436.2598020314,
         305130.7904209128,
         281347.600330031,
         190920.86661691015,
         88199.2017147249,
         25170.109878378837,
         1856.5744737545524
      ],
      "Sum weights": [
         575.0,
         0.0,
         0.0,
         1100.0,
         0.0,
         0.0,
         2658.0,
         0.0,
         0.0,
         1537.0,
         2012.0,
         1926.0,
         3344.0,
         4073.0,
         3570.0,
         4694.0,
         7657.0,
         6004.0,
         8304.0,
         10327.0,
         14065.0,
         12654.0,
         14349.0,
         17047.0,
         15717.0,
         15549.0,
         13265.0,
         7906.0,
         2882.0,
         680.0
      ],
      "Sum w * dv^2": [
         4531.016249039392,
         0.0,
         0.0,
         12160.397855591567,
         0.0,
         0.0,
         32626.448564602902,
         0.0,
         0.0,
         20306.44875689131,
         27960.815831634878,
         27772.53998028668,
         51321.83404674395,
         66121.54990059808,
         57140.1140727221,
         78201.53786511412,
         127700.85219402591,
         104626.33074685089,
         141270.3458936985,
         181107.92723871523,
         246410.02325520417,
         227066.99045340656,
         270838.66447041347,
         331436.2598020314,
         305130.7904209128,
         281347.600330031,
         190920.86661691015,
         88199.2017147249,
         25170.109878378837,
         1856.5744737545524
      ],
      "N pairs": [
         575,
         0,
         0,
         1100,
         0,
         0,
         2658,
         0,
         0,
         1537,
         2012,
         1926,
         3344,
         4073,
         3570,
         4694,
         7657,
         6004,
         8304,
         10327,
         14065,
         12654,
         14349,
         17047,
         15717,
         15549,
         13265,
         7906,
         2882,
         680
      ],
      "Unweighted B(r)": [
         7.8800282591989435,
         NaN,
         NaN,
         11.05490714144688,
         NaN,
         NaN,
         12.274811348609068,
         NaN,
         NaN,
         13.211742847684652,
         13.897025761249939,
         14.41980268966079,
         15.34743841110764,
         16.2341148786148,
         16.005634194039803,
         16.659893026227977,
         16.677661250362533,
         17.426104388216338,
         17.01232489085965,
         17.53732228514721,
         17.5193759868613,
         17.94428563722195,
         18.875089864827757,
         19.442497788586344,
         19.41406059813659,
         18.094256886618496,
         14.392828241003404,
         11.155983014764091,
         8.733556515745606,
         2.7302565790508124
      ],