{
   "log10 r": [
      0.0,
      0.05,
      0.1,
      0.15000000000000002,
      0.2,
      0.25,
      0.30000000000000004,
      0.35000000000000003,
      0.4,
      0.45,
      0.5,
      0.55,
      0.6000000000000001,
      0.65,
      0.7000000000000001,
      0.75,
      0.8,
      0.8500000000000001,
      0.9,
      0.9500000000000001,
      1.0,
      1.05,
      1.1,
      1.1500000000000001,
      1.2000000000000002,
      1.25,
      1.3,
      1.35,
      1.4000000000000001,
      1.4500000000000002,
      1.5,
      1.55,
      1.6,
      1.6500000000000001,
      1.7000000000000002,
      1.75,
      1.8,
      1.85,
      1.9000000000000001,
      1.9500000000000002,
      2.0,
      2.0500000000000003,
      2.1,
      2.15,
      2.2,
      2.25,
      2.3000000000000003,
      2.35,
      2.4000000000000004,
      2.45,
      2.5
   ],
   "Sum dv^2": [
      0.065110282714523,
      0.0,
      0.0,
      0.39234576775179475,
      0.0,
      0.0,
      2.2119267603208645,
      0.0,
      0.0,
      2.1330022862030553,
      3.8888852782034635,
      5.023823015188308,
      11.063931556945317,
      18.839394503702323,
      21.117783301885577,
      35.47216685477194,
      79.29392227213674,
      84.23309406384114,
      146.73480178225586,
      249.05789596442273,
      469.8310689498899,
      605.2495575958842,
      950.2557879355961,
      1684.6039004256538,
      2359.030033483635,
      3807.4986814867757,
      6160.683370457554,
      9311.136213183909,
      14035.331675615636,
      21105.315036383385,
      33576.685897875526,
      47265.264235614464,
      73921.3093069728,
      105927.13516533576,
      154256.86828087442,
      216742.7775774915,
      296862.02480800723,
      404248.8943297702,
      516590.4251030141,
      644255.2283630357,
      772668.5963397495,
      865870.4010186516,
      929982.6315063506,
      934773.4461650876,
      907010.8508565453,
      883594.9894573739,
      881748.4008539176,
      807506.1349808294,
      436371.4404165481,
      177458.7263841052,
      21202.500604813707
   ],
   "Sum weights": [
      65280.0,
      0.0,
      0.0,
      130050.0,
      0.0,
      0.0,
      324104.0,
      0.0,
      0.0,
      193800.0,
      258060.0,
      257048.0,
      449570.0,
      575312.0,
      511036.0,
      700020.0,
      1203734.0,
      1007972.0,
      1445380.0,
      1937042.0,
      2859272.0,
      2897116.0,
      3674690.0,
      5155474.0,
      5773520.0,
      7491838.0,
      9701238.0,
      11757186.0,
      14320938.0,
      17540114.0,
      22734900.0,
      26303374.0,
      34062188.0,
      40733820.0,
      50149068.0,
      60431004.0,
      72289830.0,
      87731826.0,
      102476376.0,
      120332462.0,
      140368314.0,
      158782298.0,
      178392398.0,
      192781200.0,
      200564162.0,
      196929652.0,
      173862636.0,
      123283452.0,
      50816154.0,
      14282052.0,
      1557090.0
   ],
   "Sum w * dv^2": [
      0.065110282714523,
      0.0,
      0.0,
      0.39234576775179475,
      0.0,
      0.0,
      2.2119267603208645,
      0.0,
      0.0,
      2.1330022862030553,
      3.8888852782034635,
      5.023823015188308,
      11.063931556945317,
      18.839394503702323,
      21.117783301885577,
      35.47216685477194,
      79.29392227213674,
      84.23309406384114,
      146.73480178225586,
      249.05789596442273,
      469.8310689498899,
      605.2495575958842,
      950.2557879355961,
      1684.6039004256538,
      2359.030033483635,
      3807.4986814867757,
      6160.683370457554,
      9311.136213183909,
      14035.331675615636,
      21105.315036383385,
      33576.685897875526,
      47265.264235614464,
      73921.3093069728,
      105927.13516533576,
      154256.86828087442,
      216742.7775774915,
      296862.02480800723,
      404248.8943297702,
      516590.4251030141,
      644255.2283630357,
      772668.5963397495,
      865870.4010186516,
      929982.6315063506,
      934773.4461650876,
      907010.8508565453,
      883594.9894573739,
      881748.4008539176,
      807506.1349808294,
      436371.4404165481,
      177458.7263841052,
      21202.500604813707
   ],
   "N pairs": [
      65280,
      0,
      0,
      130050,
      0,
      0,
      324104,
      0,
      0,
      193800,
      258060,
      257048,
      449570,
      575312,
      511036,
      700020,
      1203734,
      1007972,
      1445380,
      1937042,
      2859272,
      2897116,
      3674690,
      5155474,
      5773520,
      7491838,
      9701238,
      11757186,
      14320938,
      17540114,
      22734900,
      26303374,
      34062188,
      40733820,
      50149068,
      60431004,
      72289830,
      87731826,
      102476376,
      120332462,
      140368314,
      158782298,
      178392398,
      192781200,
      200564162,
      196929652,
      173862636,
      123283452,
      50816154,
      14282052,
      1557090
   ],
   "Unweighted B(r)": [
      9.974001641317862e-07,
      NaN,
      NaN,
      3.0168840273109937e-06,
      NaN,
      NaN,
      6.824743786935257e-06,
      NaN,
      NaN,
      1.1006203747177788e-05,
      1.5069694172686443e-05,
      1.9544299178318087e-05,
      2.4610030822664584e-05,
      3.274639587511181e-05,
      4.132347486651738e-05,
      5.0673076276066315e-05,
      6.587329283058943e-05,
      8.356689874702982e-05,
      0.00010151987835880935,
      0.00012857640462334978,
      0.00016431842404286473,
      0.0002089145058726969,
      0.00025859481696023233,
      0.0003267602359018111,
      0.00040859476255103216,
      0.0005082195692815002,
      0.00063504094739842,
      0.0007919527864221855,
      0.0009800567306146872,
      0.0012032598554595133,
      0.0014768785390688118,
      0.0017969278099309414,
      0.00217018675685111,
      0.002600471430505063,
      0.0030759668012349584,
      0.003586615532276967,
      0.004106553090635394,
      0.004607779328903632,
      0.005041068441989148,
      0.00535396033335573,
      0.005504579875054633,
      0.005453192275996986,
      0.0052131292697032445,
      0.0048488828068561024,
      0.004522297711674657,
      0.004486855993923017,
      0.0050715232504234984,
      0.0065499961420680325,
      0.008587258304053236,
      0.012425296195820125,
      0.013616747011934896
   ],
   "Weighted B(r)": [
      9.974001641317862e-07,
      NaN,
      NaN,
      3.0168840273109937e-06,
      NaN,
      NaN,
      6.824743786935257e-06,
      NaN,
      NaN,
      1.1006203747177788e-05,
      1.5069694172686443e-05,
      1.9544299178318087e-05,
      2.4610030822664584e-05,
      3.274639587511181e-05,
      4.132347486651738e-05,
      5.0673076276066315e-05,
      6.587329283058943e-05,
      8.356689874702982e-05,
      0.00010151987835880935,
      0.00012857640462334978,
      0.00016431842404286473,
      0.0002089145058726969,
      0.00025859481696023233,
      0.0003267602359018111,
      0.00040859476255103216,
      0.0005082195692815002,
      0.00063504094739842,
      0.0007919527864221855,
      0.0009800567306146872,
      0.0012032598554595133,
      0.0014768785390688118,
      0.0017969278099309414,
      0.00217018675685111,
      0.002600471430505063,
      0.0030759668012349584,
      0.003586615532276967,
      0.004106553090635394,
      0.004607779328903632,
      0.005041068441989148,
      0.00535396033335573,
      0.005504579875054633,
      0.005453192275996986,
      0.0052131292697032445,
      0.0048488828068561024,
      0.004522297711674657,
      0.004486855993923017,
      0.0050715232504234984,
      0.0065499961420680325,
      0.008587258304053236,
      0.012425296195820125,
      0.013616747011934896
   ],
   "Unweighted sigma^2": 0.002376559616517197,
   "Apparent r0": 42.14053627765296
}