{
   "log10 r": [
      0.0,
      0.05,
      0.1,
      0.15000000000000002,
      0.2,
      0.25,
      0.30000000000000004,
      0.35000000000000003,
      0.4,
      0.45,
      0.5,
      0.55,
      0.6000000000000001,
      0.65,
      0.7000000000000001,
      0.75,
      0.8,
      0.8500000000000001,
      0.9,
      0.9500000000000001,
      1.0,
      1.05,
      1.1,
      1.1500000000000001,
      1.2000000000000002,
      1.25,
      1.3,
      1.35,
      1.4000000000000001,
      1.4500000000000002,
      1.5,
      1.55,
      1.6,
      1.6500000000000001,
      1.7000000000000002,
      1.75,
      1.8,
      1.85,
      1.9000000000000001,
      1.9500000000000002,
      2.0,
      2.0500000000000003,
      2.1,
      2.15,
      2.2,
      2.25,
      2.3000000000000003,
      2.35,
      2.4000000000000004,
      2.45,
      2.5
   ],
   "Sum dv^2": [
      0.20321428748303,
      0.0,
      0.0,
      1.3462468766893083,
      0.0,
      0.0,
      7.500941603173831,
      0.0,
      0.0,
      7.134751794309918,
      13.293917928473382,
      17.182711220193482,
      37.45785977458461,
      63.81392028723275,
      71.77976135735908,
      119.81682127792821,
      267.7139683311543,
      284.7165345536135,
      492.7520374954129,
      833.1176103120781,
      1559.3683575451848,
      1998.3416888438899,
      3107.5480752379317,
      5458.618131756815,
      7531.51300368102,
      11972.83962291877,
      18959.91598027682,
      27984.591506382865,
      40955.356768349906,
      59587.61832565482,
      91087.99762507789,
      122680.30690849596,
      182845.985173509,
      249496.17205164972,
      347588.01096258627,
      471755.33155709214,
      633929.2694724577,
      863393.8589158152,
      1125701.2138443303,
      1456496.09603487,
      1841201.9014745,
      2205728.6053754715,
      2586483.238778047,
      2853040.7201126413,
      2945229.3924236954,
      2752483.3502190076,
      2157148.287857093,
      1292329.5891966703,
      503996.21357164404,
      173418.3393537174,
      20929.68443182115
   ],
   "Sum weights": [
      65280.0,
      0.0,
      0.0,
      130050.0,
      0.0,
      0.0,
      324104.0,
      0.0,
      0.0,
      193800.0,
      258060.0,
      257048.0,
      449570.0,
      575312.0,
      511036.0,
      700020.0,
      1203734.0,
      1007972.0,
      1445380.0,
      1937042.0,
      2859272.0,
      2897116.0,
      3674690.0,
      5155474.0,
      5773520.0,
      7491838.0,
      9701238.0,
      11757186.0,
      14320938.0,
      17540114.0,
      22734900.0,
      26303374.0,
      34062188.0,
      40733820.0,
      50149068.0,
      60431004.0,
      72289830.0,
      87731826.0,
      102476376.0,
      120332462.0,
      140368314.0,
      158782298.0,
      178392398.0,
      192781200.0,
      200564162.0,
      196929652.0,
      173862636.0,
      123283452.0,
      50816154.0,
      14282052.0,
      1557090.0
   ],
   "Sum w * dv^2": [
      0.20321428748303,
      0.0,
      0.0,
      1.3462468766893083,
      0.0,
      0.0,
      7.500941603173831,
      0.0,
      0.0,
      7.134751794309918,
      13.293917928473382,
      17.182711220193482,
      37.45785977458461,
      63.81392028723275,
      71.77976135735908,
      119.81682127792821,
      267.7139683311543,
      284.7165345536135,
      492.7520374954129,
      833.1176103120781,
      1559.3683575451848,
      1998.3416888438899,
      3107.5480752379317,
      5458.618131756815,
      7531.51300368102,
      11972.83962291877,
      18959.91598027682,
      27984.591506382865,
      40955.356768349906,
      59587.61832565482,
      91087.99762507789,
      122680.30690849596,
      182845.985173509,
      249496.17205164972,
      347588.01096258627,
      471755.33155709214,
      633929.2694724577,
      863393.8589158152,
      1125701.2138443303,
      1456496.09603487,
      1841201.9014745,
      2205728.6053754715,
      2586483.238778047,
      2853040.7201126413,
      2945229.3924236954,
      2752483.3502190076,
      2157148.287857093,
      1292329.5891966703,
      503996.21357164404,
      173418.3393537174,
      20929.68443182115
   ],
   "N pairs": [
      65280,
      0,
      0,
      130050,
      0,
      0,
      324104,
      0,
      0,
      193800,
      258060,
      257048,
      449570,
      575312,
      511036,
      700020,
      1203734,
      1007972,
      1445380,
      1937042,
      2859272,
      2897116,
      3674690,
      5155474,
      5773520,
      7491838,
      9701238,
      11757186,
      14320938,
      17540114,
      22734900,
      26303374,
      34062188,
      40733820,
      50149068,
      60431004,
      72289830,
      87731826,
      102476376,
      120332462,
      140368314,
      158782298,
      178392398,
      192781200,
      200564162,
      196929652,
      173862636,
      123283452,
      50816154,
      14282052,
      1557090
   ],
   "Unweighted B(r)": [
      3.1129639626689646e-06,
      NaN,
      NaN,
      1.0351763757703255e-05,
      NaN,
      NaN,
      2.314362551271762e-05,
      NaN,
      NaN,
      3.681502473844127e-05,
      5.15148334824203e-05,
      6.684631360754989e-05,
      8.331930461237319e-05,
      0.00011092054448235523,
      0.0001404593049361671,
      0.0001711619971971204,
      0.00022240292982598673,
      0.0002824647257598559,
      0.0003409152177942222,
      0.00043009785555092665,
      0.0005453725135437219,
      0.0006897693046615634,
      0.0008456626477982991,
      0.001058800438477008,
      0.0013044924073495926,
      0.001598117794714564,
      0.0019543810779899247,
      0.00238021168554983,
      0.0028598236210749537,
      0.0033972195577323394,
      0.0040065273049398895,
      0.0046640521063379915,
      0.005368004696982736,
      0.006125037427171076,
      0.0069310961265040116,
      0.007806511564115204,
      0.00876927320858906,
      0.009841284494817368,
      0.010984982664144273,
      0.0121039333179676,
      0.013116933936205147,
      0.013891527161141549,
      0.014498842258839116,
      0.014799372138531358,
      0.014684724145401886,
      0.013976987834310537,
      0.012407198794898594,
      0.010482587632253113,
      0.009918031450621864,
      0.01214239657954735,
      0.013441538017597668
   ],
   "Weighted B(r)": [
      3.1129639626689646e-06,
      NaN,
      NaN,
      1.0351763757703255e-05,
      NaN,
      NaN,
      2.314362551271762e-05,
      NaN,
      NaN,
      3.681502473844127e-05,
      5.15148334824203e-05,
      6.684631360754989e-05,
      8.331930461237319e-05,
      0.00011092054448235523,
      0.0001404593049361671,
      0.0001711619971971204,
      0.00022240292982598673,
      0.0002824647257598559,
      0.0003409152177942222,
      0.00043009785555092665,
      0.0005453725135437219,
      0.0006897693046615634,
      0.0008456626477982991,
      0.001058800438477008,
      0.0013044924073495926,
      0.001598117794714564,
      0.0019543810779899247,
      0.00238021168554983,
      0.0028598236210749537,
      0.0033972195577323394,
      0.0040065273049398895,
      0.0046640521063379915,
      0.005368004696982736,
      0.006125037427171076,
      0.0069310961265040116,
      0.007806511564115204,
      0.00876927320858906,
      0.009841284494817368,
      0.010984982664144273,
      0.0121039333179676,
      0.013116933936205147,
      0.013891527161141549,
      0.014498842258839116,
      0.014799372138531358,
      0.014684724145401886,
      0.013976987834310537,
      0.012407198794898594,
      0.010482587632253113,
      0.009918031450621864,
      0.01214239657954735,
      0.013441538017597668
   ],
   "Unweighted sigma^2": 0.005856590833505822,
   "Apparent r0": 42.94582141847519
}