{
   "log10 r": [
      0.0,
      0.05,
      0.1,
      0.15000000000000002,
      0.2,
      0.25,
      0.30000000000000004,
      0.35000000000000003,
      0.4,
      0.45,
      0.5,
      0.55,
      0.6000000000000001,
      0.65,
      0.7000000000000001,
      0.75,
      0.8,
      0.8500000000000001,
      0.9,
      0.9500000000000001,
      1.0,
      1.05,
      1.1,
      1.1500000000000001,
      1.2000000000000002,
      1.25,
      1.3,
      1.35,
      1.4000000000000001,
      1.4500000000000002,
      1.5,
      1.55,
      1.6,
      1.6500000000000001,
      1.7000000000000002,
      1.75,
      1.8,
      1.85,
      1.9000000000000001,
      1.9500000000000002,
      2.0,
      2.0500000000000003,
      2.1,
      2.15,
      2.2,
      2.25,
      2.3000000000000003,
      2.35,
      2.4000000000000004,
      2.45,
      2.5
   ],
   "Sum dv^2": [
      15.490759507428253,
      0.0,
      0.0,
      77.60458509122442,
      0.0,
      0.0,
      433.9147423966273,
      0.0,
      0.0,
      415.87401817443305,
      708.645032753702,
      890.3088797670684,
      1918.6333227717123,
      3104.483552522749,
      3295.4657615437977,
      5289.919389713707,
      10946.721630167984,
      10745.026044996279,
      17419.09375947442,
      26814.747624554606,
      45197.77239134388,
      51738.63709023672,
      72485.39116587714,
      112904.90639804704,
      138748.0820782538,
      196511.34276811653,
      276900.862832451,
      363127.19125765463,
      474750.27407049516,
      619031.9624646173,
      851525.9466684327,
      1042198.4127116073,
      1419997.9875076318,
      1772336.7463252416,
      2256825.5472541708,
      2764120.5178386825,
      3288547.0272917547,
      3960031.810036692,
      4571169.740451331,
      5303766.274880219,
      6085920.668518021,
      6955559.358242246,
      8374870.306025491,
      9942865.94374935,
      10866921.622361258,
      9714653.716144351,
      7810705.675614612,
      5729334.786671777,
      2705413.1533387355,
      878590.5455787787,
      97867.65172729963
   ],
   "Sum weights": [
      65280.0,
      0.0,
      0.0,
      130050.0,
      0.0,
      0.0,
      324104.0,
      0.0,
      0.0,
      193800.0,
      258060.0,
      257048.0,
      449570.0,
      575312.0,
      511036.0,
      700020.0,
      1203734.0,
      1007972.0,
      1445380.0,
      1937042.0,
      2859272.0,
      2897116.0,
      3674690.0,
      5155474.0,
      5773520.0,
      7491838.0,
      9701238.0,
      11757186.0,
      14320938.0,
      17540114.0,
      22734900.0,
      26303374.0,
      34062188.0,
      40733820.0,
      50149068.0,
      60431004.0,
      72289830.0,
      87731826.0,
      102476376.0,
      120332462.0,
      140368314.0,
      158782298.0,
      178392398.0,
      192781200.0,
      200564162.0,
      196929652.0,
      173862636.0,
      123283452.0,
      50816154.0,
      14282052.0,
      1557090.0
   ],
   "Sum w * dv^2": [
      15.490759507428253,
      0.0,
      0.0,
      77.60458509122442,
      0.0,
      0.0,
      433.9147423966273,
      0.0,
      0.0,
      415.87401817443305,
      708.645032753702,
      890.3088797670684,
      1918.6333227717123,
      3104.483552522749,
      3295.4657615437977,
      5289.919389713707,
      10946.721630167984,
      10745.026044996279,
      17419.09375947442,
      26814.747624554606,
      45197.77239134388,
      51738.63709023672,
      72485.39116587714,
      112904.90639804704,
      138748.0820782538,
      196511.34276811653,
      276900.862832451,
      363127.19125765463,
      474750.27407049516,
      619031.9624646173,
      851525.9466684327,
      1042198.4127116073,
      1419997.9875076318,
      1772336.7463252416,
      2256825.5472541708,
      2764120.5178386825,
      3288547.0272917547,
      3960031.810036692,
      4571169.740451331,
      5303766.274880219,
      6085920.668518021,
      6955559.358242246,
      8374870.306025491,
      9942865.94374935,
      10866921.622361258,
      9714653.716144351,
      7810705.675614612,
      5729334.786671777,
      2705413.1533387355,
      878590.5455787787,
      97867.65172729963
   ],
   "N pairs": [
      65280,
      0,
      0,
      130050,
      0,
      0,
      324104,
      0,
      0,
      193800,
      258060,
      257048,
      449570,
      575312,
      511036,
      700020,
      1203734,
      1007972,
      1445380,
      1937042,
      2859272,
      2897116,
      3674690,
      5155474,
      5773520,
      7491838,
      9701238,
      11757186,
      14320938,
      17540114,
      22734900,
      26303374,
      34062188,
      40733820,
      50149068,
      60431004,
      72289830,
      87731826,
      102476376,
      120332462,
      140368314,
      158782298,
      178392398,
      192781200,
      200564162,
      196929652,
      173862636,
      123283452,
      50816154,
      14282052,
      1557090
   ],
   "Unweighted B(r)": [
      0.00023729717382702594,
      NaN,
      NaN,
      0.0005967288357648936,
      NaN,
      NaN,
      0.001338813289550969,
      NaN,
      NaN,
      0.0021458927666379414,
      0.002746047557752856,
      0.003463589990068269,
      0.004267707637902245,
      0.005396173819636561,
      0.00644859806656243,
      0.007556811790682704,
      0.009093970619894415,
      0.010660044172850316,
      0.01205156689553918,
      0.013843142081872569,
      0.015807440632211234,
      0.01785866948035105,
      0.019725579889970892,
      0.021900005004010695,
      0.024031800717457252,
      0.026230057666505407,
      0.028542837814354315,
      0.03088555299351857,
      0.033150780631163626,
      0.03529235684925522,
      0.037454571899081704,
      0.03962223297709287,
      0.041688396162561016,
      0.04351020224288421,
      0.045002342760471055,
      0.04574010582115569,
      0.04549114346086794,
      0.04513791619972314,
      0.044607058903520666,
      0.044075939166608416,
      0.04335679823380952,
      0.04380563479590304,
      0.04694634076293706,
      0.05157591063728906,
      0.05418177162857868,
      0.049330578800516806,
      0.0449245787094509,
      0.04647286147269609,
      0.05323923477834894,
      0.06151710871650507,
      0.06285291905239879
   ],
   "Weighted B(r)": [
      0.00023729717382702594,
      NaN,
      NaN,
      0.0005967288357648936,
      NaN,
      NaN,
      0.001338813289550969,
      NaN,
      NaN,
      0.0021458927666379414,
      0.002746047557752856,
      0.003463589990068269,
      0.004267707637902245,
      0.005396173819636561,
      0.00644859806656243,
      0.007556811790682704,
      0.009093970619894415,
      0.010660044172850316,
      0.01205156689553918,
      0.013843142081872569,
      0.015807440632211234,
      0.01785866948035105,
      0.019725579889970892,
      0.021900005004010695,
      0.024031800717457252,
      0.026230057666505407,
      0.028542837814354315,
      0.03088555299351857,
      0.033150780631163626,
      0.03529235684925522,
      0.037454571899081704,
      0.03962223297709287,
      0.041688396162561016,
      0.04351020224288421,
      0.045002342760471055,
      0.04574010582115569,
      0.04549114346086794,
      0.04513791619972314,
      0.044607058903520666,
      0.044075939166608416,
      0.04335679823380952,
      0.04380563479590304,
      0.04694634076293706,
      0.05157591063728906,
      0.05418177162857868,
      0.049330578800516806,
      0.0449245787094509,
      0.04647286147269609,
      0.05323923477834894,
      0.06151710871650507,
      0.06285291905239879
   ],
   "Unweighted sigma^2": 0.023096523540815237,
   "Apparent r0": 15.0927604834558
}