{
   "log10 r": [
      0.0,
      0.05,
      0.1,
      0.15000000000000002,
      0.2,
      0.25,
      0.30000000000000004,
      0.35000000000000003,
      0.4,
      0.45,
      0.5,
      0.55,
      0.6000000000000001,
      0.65,
      0.7000000000000001,
      0.75,
      0.8,
      0.8500000000000001,
      0.9,
      0.9500000000000001,
      1.0,
      1.05,
      1.1,
      1.1500000000000001,
      1.2000000000000002,
      1.25,
      1.3,
      1.35,
      1.4000000000000001,
      1.4500000000000002,
      1.5,
      1.55,
      1.6,
      1.6500000000000001,
      1.7000000000000002,
      1.75,
      1.8,
      1.85,
      1.9000000000000001,
      1.9500000000000002,
      2.0,
      2.0500000000000003,
      2.1,
      2.15,
      2.2,
      2.25,
      2.3000000000000003,
      2.35,
      2.4000000000000004,
      2.45,
      2.5
   ],
   "Sum dv^2": [
      0.3272799126365627,
      0.0,
      0.0,
      2.179271390939397,
      0.0,
      0.0,
      12.134432424187294,
      0.0,
      0.0,
      11.510602455286664,
      21.503069118099898,
      27.710617278545122,
      60.35262654895545,
      102.39274253370424,
      115.28722592170807,
      191.44301165418935,
      425.48696037252756,
      449.40702374959903,
      773.3075978800972,
      1294.1675037148264,
      2392.2571001724027,
      3012.7088045496516,
      4600.267275670882,
      7876.620942585418,
      10563.150435304102,
      16201.566426544037,
      24619.653321063142,
      34528.39101698869,
      47851.7983997832,
      65459.92016503423,
      93514.24636378084,
      117427.01889812239,
      162856.35826826465,
      206049.1214564153,
      264639.86650083726,
      327372.07643818593,
      394518.07722971804,
      474278.49582815875,
      544442.9786743413,
      634415.6498616838,
      760871.7636108832,
      917034.2526364905,
      1102677.6063322816,
      1277580.8013629632,
      1401639.1535102532,
      1382110.5183848569,
      1245675.349263961,
      920735.9563048782,
      436609.9750779114,
      156147.32169651095,
      8843.526393157972
   ],
   "Sum weights": [
      65280.0,
      0.0,
      0.0,
      130050.0,
      0.0,
      0.0,
      324104.0,
      0.0,
      0.0,
      193800.0,
      258060.0,
      257048.0,
      449570.0,
      575312.0,
      511036.0,
      700020.0,
      1203734.0,
      1007972.0,
      1445380.0,
      1937042.0,
      2859272.0,
      2897116.0,
      3674690.0,
      5155474.0,
      5773520.0,
      7491838.0,
      9701238.0,
      11757186.0,
      14320938.0,
      17540114.0,
      22734900.0,
      26303374.0,
      34062188.0,
      40733820.0,
      50149068.0,
      60431004.0,
      72289830.0,
      87731826.0,
      102476376.0,
      120332462.0,
      140368314.0,
      158782298.0,
      178392398.0,
      192781200.0,
      200564162.0,
      196929652.0,
      173862636.0,
      123283452.0,
      50816154.0,
      14282052.0,
      1557090.0
   ],
   "Sum w * dv^2": [
      0.3272799126365627,
      0.0,
      0.0,
      2.179271390939397,
      0.0,
      0.0,
      12.134432424187294,
      0.0,
      0.0,
      11.510602455286664,
      21.503069118099898,
      27.710617278545122,
      60.35262654895545,
      102.39274253370424,
      115.28722592170807,
      191.44301165418935,
      425.48696037252756,
      449.40702374959903,
      773.3075978800972,
      1294.1675037148264,
      2392.2571001724027,
      3012.7088045496516,
      4600.267275670882,
      7876.620942585418,
      10563.150435304102,
      16201.566426544037,
      24619.653321063142,
      34528.39101698869,
      47851.7983997832,
      65459.92016503423,
      93514.24636378084,
      117427.01889812239,
      162856.35826826465,
      206049.1214564153,
      264639.86650083726,
      327372.07643818593,
      394518.07722971804,
      474278.49582815875,
      544442.9786743413,
      634415.6498616838,
      760871.7636108832,
      917034.2526364905,
      1102677.6063322816,
      1277580.8013629632,
      1401639.1535102532,
      1382110.5183848569,
      1245675.349263961,
      920735.9563048782,
      436609.9750779114,
      156147.32169651095,
      8843.526393157972
   ],
   "N pairs": [
      65280,
      0,
      0,
      130050,
      0,
      0,
      324104,
      0,
      0,
      193800,
      258060,
      257048,
      449570,
      575312,
      511036,
      700020,
      1203734,
      1007972,
      1445380,
      1937042,
      2859272,
      2897116,
      3674690,
      5155474,
      5773520,
      7491838,
      9701238,
      11757186,
      14320938,
      17540114,
      22734900,
      26303374,
      34062188,
      40733820,
      50149068,
      60431004,
      72289830,
      87731826,
      102476376,
      120332462,
      140368314,
      158782298,
      178392398,
      192781200,
      200564162,
      196929652,
      173862636,
      123283452,
      50816154,
      14282052,
      1557090
   ],
   "Unweighted B(r)": [
      5.013479053868914e-06,
      NaN,
      NaN,
      1.6757181014528235e-05,
      NaN,
      NaN,
      3.743993416985688e-05,
      NaN,
      NaN,
      5.939423351541106e-05,
      8.332585103503021e-05,
      0.00010780327907062152,
      0.0001342452266587082,
      0.00017797776255962719,
      0.00022559511643349602,
      0.00027348220287161704,
      0.00035347257813813314,
      0.00044585268613572506,
      0.0005350202700190242,
      0.0006681153551212759,
      0.0008366665011836589,
      0.0010398992669087643,
      0.0012518790090241304,
      0.0015278170237276762,
      0.001829585839367336,
      0.002162562301339676,
      0.0025377846952175736,
      0.002936790403502053,
      0.0033413871633117325,
      0.0037320122414845323,
      0.004113246434502938,
      0.004464332936836255,
      0.004781147889509172,
      0.005058428633907041,
      0.005277064500996056,
      0.0054172867364273136,
      0.005457449232204835,
      0.0054060027865846395,
      0.005312863314705248,
      0.0052721903908330555,
      0.005420537883007437,
      0.005775418697092358,
      0.006181191680221046,
      0.00662710264985882,
      0.006988482585987886,
      0.0070182956418612715,
      0.007164709899279112,
      0.007468447235764279,
      0.008591952375575519,
      0.01093311533220233,
      0.0056795216674424545
   ],
   "Weighted B(r)": [
      5.013479053868914e-06,
      NaN,
      NaN,
      1.6757181014528235e-05,
      NaN,
      NaN,
      3.743993416985688e-05,
      NaN,
      NaN,
      5.939423351541106e-05,
      8.332585103503021e-05,
      0.00010780327907062152,
      0.0001342452266587082,
      0.00017797776255962719,
      0.00022559511643349602,
      0.00027348220287161704,
      0.00035347257813813314,
      0.00044585268613572506,
      0.0005350202700190242,
      0.0006681153551212759,
      0.0008366665011836589,
      0.0010398992669087643,
      0.0012518790090241304,
      0.0015278170237276762,
      0.001829585839367336,
      0.002162562301339676,
      0.0025377846952175736,
      0.002936790403502053,
      0.0033413871633117325,
      0.0037320122414845323,
      0.004113246434502938,
      0.004464332936836255,
      0.004781147889509172,
      0.005058428633907041,
      0.005277064500996056,
      0.0054172867364273136,
      0.005457449232204835,
      0.0054060027865846395,
      0.005312863314705248,
      0.0052721903908330555,
      0.005420537883007437,
      0.005775418697092358,
      0.006181191680221046,
      0.00662710264985882,
      0.006988482585987886,
      0.0070182956418612715,
      0.007164709899279112,
      0.007468447235764279,
      0.008591952375575519,
      0.01093311533220233,
      0.0056795216674424545
   ],
   "Unweighted sigma^2": 0.0030503036560174963,
   "Apparent r0": 23.153601133606248
}