{
   "log10 r": [
      0.0,
      0.05,
      0.1,
      0.15000000000000002,
      0.2,
      0.25,
      0.30000000000000004,
      0.35000000000000003,
      0.4,
      0.45,
      0.5,
      0.55,
      0.6000000000000001,
      0.65,
      0.7000000000000001,
      0.75,
      0.8,
      0.8500000000000001,
      0.9,
      0.9500000000000001,
      1.0,
      1.05,
      1.1,
      1.1500000000000001,
      1.2000000000000002,
      1.25,
      1.3,
      1.35,
      1.4000000000000001,
      1.4500000000000002,
      1.5,
      1.55,
      1.6,
      1.6500000000000001,
      1.7000000000000002,
      1.75,
      1.8,
      1.85,
      1.9000000000000001,
      1.9500000000000002,
      2.0,
      2.0500000000000003,
      2.1,
      2.15,
      2.2,
      2.25,
      2.3000000000000003,
      2.35,
      2.4000000000000004,
      2.45,
      2.5
   ],
   "Sum dv^2": [
      0.3006392561175656,
      0.0,
      0.0,
      1.0409264638564035,
      0.0,
      0.0,
      6.3818592534855725,
      0.0,
      0.0,
      6.821058523773941,
      10.316257599640977,
      13.356329591631576,
      31.43107926358971,
      53.331503642091334,
      56.05386111584991,
      98.9013370011702,
      217.17097039717606,
      224.3595249488348,
      398.68978011502423,
      673.5555758393085,
      1278.5647857204797,
      1631.0261759286404,
      2577.594219303257,
      4518.762178705123,
      6351.325890127287,
      10226.716443449635,
      16549.441362417845,
      24955.71147244638,
      37480.36526706779,
      56139.77954586336,
      88959.58276432373,
      124426.11516367008,
      193059.95522565,
      273715.00406468165,
      392363.19391731767,
      540249.3858711085,
      719641.6981769977,
      945256.092279881,
      1152301.472173436,
      1357784.1610916248,
      1537272.9950679361,
      1652962.875225589,
      1789868.6692897463,
      1946387.8285758912,
      2150508.8253187407,
      2332753.2236849503,
      2275511.336059245,
      1675237.7232707243,
      638022.9839851949,
      174208.41537630843,
      27506.004144887356
   ],
   "Sum weights": [
      65280.0,
      0.0,
      0.0,
      130050.0,
      0.0,
      0.0,
      324104.0,
      0.0,
      0.0,
      193800.0,
      258060.0,
      257048.0,
      449570.0,
      575312.0,
      511036.0,
      700020.0,
      1203734.0,
      1007972.0,
      1445380.0,
      1937042.0,
      2859272.0,
      2897116.0,
      3674690.0,
      5155474.0,
      5773520.0,
      7491838.0,
      9701238.0,
      11757186.0,
      14320938.0,
      17540114.0,
      22734900.0,
      26303374.0,
      34062188.0,
      40733820.0,
      50149068.0,
      60431004.0,
      72289830.0,
      87731826.0,
      102476376.0,
      120332462.0,
      140368314.0,
      158782298.0,
      178392398.0,
      192781200.0,
      200564162.0,
      196929652.0,
      173862636.0,
      123283452.0,
      50816154.0,
      14282052.0,
      1557090.0
   ],
   "Sum w * dv^2": [
      0.3006392561175656,
      0.0,
      0.0,
      1.0409264638564035,
      0.0,
      0.0,
      6.3818592534855725,
      0.0,
      0.0,
      6.821058523773941,
      10.316257599640977,
      13.356329591631576,
      31.43107926358971,
      53.331503642091334,
      56.05386111584991,
      98.9013370011702,
      217.17097039717606,
      224.3595249488348,
      398.68978011502423,
      673.5555758393085,
      1278.5647857204797,
      1631.0261759286404,
      2577.594219303257,
      4518.762178705123,
      6351.325890127287,
      10226.716443449635,
      16549.441362417845,
      24955.71147244638,
      37480.36526706779,
      56139.77954586336,
      88959.58276432373,
      124426.11516367008,
      193059.95522565,
      273715.00406468165,
      392363.19391731767,
      540249.3858711085,
      719641.6981769977,
      945256.092279881,
      1152301.472173436,
      1357784.1610916248,
      1537272.9950679361,
      1652962.875225589,
      1789868.6692897463,
      1946387.8285758912,
      2150508.8253187407,
      2332753.2236849503,
      2275511.336059245,
      1675237.7232707243,
      638022.9839851949,
      174208.41537630843,
      27506.004144887356
   ],
   "N pairs": [
      65280,
      0,
      0,
      130050,
      0,
      0,
      324104,
      0,
      0,
      193800,
      258060,
      257048,
      449570,
      575312,
      511036,
      700020,
      1203734,
      1007972,
      1445380,
      1937042,
      2859272,
      2897116,
      3674690,
      5155474,
      5773520,
      7491838,
      9701238,
      11757186,
      14320938,
      17540114,
      22734900,
      26303374,
      34062188,
      40733820,
      50149068,
      60431004,
      72289830,
      87731826,
      102476376,
      120332462,
      140368314,
      158782298,
      178392398,
      192781200,
      200564162,
      196929652,
      173862636,
      123283452,
      50816154,
      14282052,
      1557090
   ],
   "Unweighted B(r)": [
      4.605380761604865e-06,
      NaN,
      NaN,
      8.004048164985802e-06,
      NaN,
      NaN,
      1.9690775965386333e-05,
      NaN,
      NaN,
      3.519638041163024e-05,
      3.997619778206997e-05,
      5.1960449377671004e-05,
      6.991364918386394e-05,
      9.27001412139697e-05,
      0.00010968671701377185,
      0.0001412835876134542,
      0.00018041441913012018,
      0.0002225850767172449,
      0.0002758373438922804,
      0.0003477237849459684,
      0.00044716444805547695,
      0.0005629826958701827,
      0.0007014453516632034,
      0.0008764979085735129,
      0.0011000786158404728,
      0.0013650477284011795,
      0.001705910252116054,
      0.0021225922148757686,
      0.002617172511120975,
      0.003200650779456927,
      0.003912908469547864,
      0.0047304241335605875,
      0.005667867114867958,
      0.006719600667570133,
      0.007823937902840342,
      0.008939937285687137,
      0.009954950761082128,
      0.010774380693727735,
      0.011244557205784054,
      0.011283606588981988,
      0.010951709479590501,
      0.010410246583190204,
      0.010033323669373772,
      0.010096357054401007,
      0.010722298559593816,
      0.011845616949980445,
      0.013087983642783633,
      0.013588504345828378,
      0.012555515003854777,
      0.012197716082836586,
      0.017665005969396345
   ],
   "Weighted B(r)": [
      4.605380761604865e-06,
      NaN,
      NaN,
      8.004048164985802e-06,
      NaN,
      NaN,
      1.9690775965386333e-05,
      NaN,
      NaN,
      3.519638041163024e-05,
      3.997619778206997e-05,
      5.1960449377671004e-05,
      6.991364918386394e-05,
      9.27001412139697e-05,
      0.00010968671701377185,
      0.0001412835876134542,
      0.00018041441913012018,
      0.0002225850767172449,
      0.0002758373438922804,
      0.0003477237849459684,
      0.00044716444805547695,
      0.0005629826958701827,
      0.0007014453516632034,
      0.0008764979085735129,
      0.0011000786158404728,
      0.0013650477284011795,
      0.001705910252116054,
      0.0021225922148757686,
      0.002617172511120975,
      0.003200650779456927,
      0.003912908469547864,
      0.0047304241335605875,
      0.005667867114867958,
      0.006719600667570133,
      0.007823937902840342,
      0.008939937285687137,
      0.009954950761082128,
      0.010774380693727735,
      0.011244557205784054,
      0.011283606588981988,
      0.010951709479590501,
      0.010410246583190204,
      0.010033323669373772,
      0.010096357054401007,
      0.010722298559593816,
      0.011845616949980445,
      0.013087983642783633,
      0.013588504345828378,
      0.012555515003854777,
      0.012197716082836586,
      0.017665005969396345
   ],
   "Unweighted sigma^2": 0.0051708971289840125,
   "Apparent r0": 37.515568409464294
}