{
   "log10 r": [
      0.0,
      0.05,
      0.1,
      0.15000000000000002,
      0.2,
      0.25,
      0.30000000000000004,
      0.35000000000000003,
      0.4,
      0.45,
      0.5,
      0.55,
      0.6000000000000001,
      0.65,
      0.7000000000000001,
      0.75,
      0.8,
      0.8500000000000001,
      0.9,
      0.9500000000000001,
      1.0,
      1.05,
      1.1,
      1.1500000000000001,
      1.2000000000000002,
      1.25,
      1.3,
      1.35,
      1.4000000000000001,
      1.4500000000000002,
      1.5,
      1.55,
      1.6,
      1.6500000000000001,
      1.7000000000000002,
      1.75,
      1.8,
      1.85,
      1.9000000000000001,
      1.9500000000000002,
      2.0,
      2.0500000000000003,
      2.1,
      2.15,
      2.2,
      2.25,
      2.3000000000000003,
      2.35,
      2.4000000000000004,
      2.45,
      2.5
   ],
   "Sum dv^2": [
      0.03480818100996224,
      0.0,
      0.0,
      0.25412616941595406,
      0.0,
      0.0,
      1.4045081582032013,
      0.0,
      0.0,
      1.3182816295221913,
      2.5226519138957717,
      3.2581413968174293,
      7.068710117674641,
      12.054802814433826,
      13.726766240004203,
      22.81465689238718,
      51.2594214431676,
      54.82695871778704,
      95.22124774857568,
      162.01145664773108,
      305.88815702975387,
      395.55138368005345,
      621.74785571514,
      1107.610850675129,
      1556.0603033946768,
      2521.9734339473043,
      4104.051667038142,
      6239.807216965906,
      9485.033662581789,
      14385.775497697907,
      23128.44836369144,
      32965.481680288445,
      52322.26955607361,
      76228.3678505762,
      113023.90481743538,
      161970.28429394617,
      226547.08876501085,
      315422.5648504369,
      412595.39667809685,
      528458.8181186179,
      655187.067399924,
      767285.5492165894,
      873350.9560007186,
      942879.7951363081,
      977637.7350604293,
      971042.1322727099,
      893083.4901725296,
      659269.8039887584,
      273460.483489142,
      76846.2886208711,
      11871.991448472874
   ],
   "Sum weights": [
      65280.0,
      0.0,
      0.0,
      130050.0,
      0.0,
      0.0,
      324104.0,
      0.0,
      0.0,
      193800.0,
      258060.0,
      257048.0,
      449570.0,
      575312.0,
      511036.0,
      700020.0,
      1203734.0,
      1007972.0,
      1445380.0,
      1937042.0,
      2859272.0,
      2897116.0,
      3674690.0,
      5155474.0,
      5773520.0,
      7491838.0,
      9701238.0,
      11757186.0,
      14320938.0,
      17540114.0,
      22734900.0,
      26303374.0,
      34062188.0,
      40733820.0,
      50149068.0,
      60431004.0,
      72289830.0,
      87731826.0,
      102476376.0,
      120332462.0,
      140368314.0,
      158782298.0,
      178392398.0,
      192781200.0,
      200564162.0,
      196929652.0,
      173862636.0,
      123283452.0,
      50816154.0,
      14282052.0,
      1557090.0
   ],
   "Sum w * dv^2": [
      0.03480818100996224,
      0.0,
      0.0,
      0.25412616941595406,
      0.0,
      0.0,
      1.4045081582032013,
      0.0,
      0.0,
      1.3182816295221913,
      2.5226519138957717,
      3.2581413968174293,
      7.068710117674641,
      12.054802814433826,
      13.726766240004203,
      22.81465689238718,
      51.2594214431676,
      54.82695871778704,
      95.22124774857568,
      162.01145664773108,
      305.88815702975387,
      395.55138368005345,
      621.74785571514,
      1107.610850675129,
      1556.0603033946768,
      2521.9734339473043,
      4104.051667038142,
      6239.807216965906,
      9485.033662581789,
      14385.775497697907,
      23128.44836369144,
      32965.481680288445,
      52322.26955607361,
      76228.3678505762,
      113023.90481743538,
      161970.28429394617,
      226547.08876501085,
      315422.5648504369,
      412595.39667809685,
      528458.8181186179,
      655187.067399924,
      767285.5492165894,
      873350.9560007186,
      942879.7951363081,
      977637.7350604293,
      971042.1322727099,
      893083.4901725296,
      659269.8039887584,
      273460.483489142,
      76846.2886208711,
      11871.991448472874
   ],
   "N pairs": [
      65280,
      0,
      0,
      130050,
      0,
      0,
      324104,
      0,
      0,
      193800,
      258060,
      257048,
      449570,
      575312,
      511036,
      700020,
      1203734,
      1007972,
      1445380,
      1937042,
      2859272,
      2897116,
      3674690,
      5155474,
      5773520,
      7491838,
      9701238,
      11757186,
      14320938,
      17540114,
      22734900,
      26303374,
      34062188,
      40733820,
      50149068,
      60431004,
      72289830,
      87731826,
      102476376,
      120332462,
      140368314,
      158782298,
      178392398,
      192781200,
      200564162,
      196929652,
      173862636,
      123283452,
      50816154,
      14282052,
      1557090
   ],
   "Unweighted B(r)": [
      5.332135571379019e-07,
      NaN,
      NaN,
      1.954065124305683e-06,
      NaN,
      NaN,
      4.333510719408589e-06,
      NaN,
      NaN,
      6.802278790104186e-06,
      9.775447236672757e-06,
      1.2675225626409967e-05,
      1.5723269163143985e-05,
      2.0953504905918572e-05,
      2.686066390626923e-05,
      3.259143580524439e-05,
      4.2583678323589425e-05,
      5.439333505076237e-05,
      6.587973249150789e-05,
      8.363858741717065e-05,
      0.00010698113262038514,
      0.00013653280837910993,
      0.00016919736242108584,
      0.00021484171012696972,
      0.0002695167425408896,
      0.00033662946715442915,
      0.0004230441173629739,
      0.0005307228461781506,
      0.0006623193021701364,
      0.0008201643100893133,
      0.0010173103186594812,
      0.0012532795861203375,
      0.001536080699104638,
      0.0018713778342069613,
      0.002253758829923527,
      0.00268025142018071,
      0.0031338722025630833,
      0.0035953037709535065,
      0.004026248905192518,
      0.004391656327272834,
      0.004667627961962442,
      0.004832311654896123,
      0.004895673614974999,
      0.004890932285597911,
      0.004874438809563741,
      0.004930908689528939,
      0.005136718910511225,
      0.005347593641267916,
      0.005381369150627613,
      0.005380619579096274,
      0.007624473504083177
   ],
   "Weighted B(r)": [
      5.332135571379019e-07,
      NaN,
      NaN,
      1.954065124305683e-06,
      NaN,
      NaN,
      4.333510719408589e-06,
      NaN,
      NaN,
      6.802278790104186e-06,
      9.775447236672757e-06,
      1.2675225626409967e-05,
      1.5723269163143985e-05,
      2.0953504905918572e-05,
      2.686066390626923e-05,
      3.259143580524439e-05,
      4.2583678323589425e-05,
      5.439333505076237e-05,
      6.587973249150789e-05,
      8.363858741717065e-05,
      0.00010698113262038514,
      0.00013653280837910993,
      0.00016919736242108584,
      0.00021484171012696972,
      0.0002695167425408896,
      0.00033662946715442915,
      0.0004230441173629739,
      0.0005307228461781506,
      0.0006623193021701364,
      0.0008201643100893133,
      0.0010173103186594812,
      0.0012532795861203375,
      0.001536080699104638,
      0.0018713778342069613,
      0.002253758829923527,
      0.00268025142018071,
      0.0031338722025630833,
      0.0035953037709535065,
      0.004026248905192518,
      0.004391656327272834,
      0.004667627961962442,
      0.004832311654896123,
      0.004895673614974999,
      0.004890932285597911,
      0.004874438809563741,
      0.004930908689528939,
      0.005136718910511225,
      0.005347593641267916,
      0.005381369150627613,
      0.005380619579096274,
      0.007624473504083177
   ],
   "Unweighted sigma^2": 0.0021235521549827227,
   "Apparent r0": 48.262789619080564
}