{
   "log10 r": [
      0.0,
      0.05,
      0.1,
      0.15000000000000002,
      0.2,
      0.25,
      0.30000000000000004,
      0.35000000000000003,
      0.4,
      0.45,
      0.5,
      0.55,
      0.6000000000000001,
      0.65,
      0.7000000000000001,
      0.75,
      0.8,
      0.8500000000000001,
      0.9,
      0.9500000000000001,
      1.0,
      1.05,
      1.1,
      1.1500000000000001,
      1.2000000000000002,
      1.25,
      1.3,
      1.35,
      1.4000000000000001,
      1.4500000000000002,
      1.5,
      1.55,
      1.6,
      1.6500000000000001,
      1.7000000000000002,
      1.75,
      1.8,
      1.85,
      1.9000000000000001,
      1.9500000000000002,
      2.0,
      2.0500000000000003,
      2.1,
      2.15,
      2.2,
      2.25,
      2.3000000000000003,
      2.35,
      2.4000000000000004,
      2.45,
      2.5
   ],
   "Sum dv^2": [
      0.06218173200106322,
      0.0,
      0.0,
      0.4110744998996505,
      0.0,
      0.0,
      2.290749394248157,
      0.0,
      0.0,
      2.1782537154882267,
      4.05979602903675,
      5.2390991477011974,
      11.435294531358668,
      19.450829616397957,
      21.91617999071529,
      36.55108331606347,
      81.6097908530003,
      86.62034439054965,
      150.07653550082537,
      253.49497796720874,
      474.77770336027675,
      606.8454458598579,
      943.4321872860505,
      1651.8391214931723,
      2277.9506495282017,
      3606.2053269517464,
      5698.624752441067,
      8349.918346467639,
      12141.313521633403,
      17455.146846754935,
      26263.480074274827,
      34611.01427937057,
      50060.83082666355,
      65463.88866684614,
      86144.99279240544,
      108994.46679222077,
      135463.32929060425,
      170701.74556274427,
      208150.58984610843,
      255378.54728111083,
      306504.4485578893,
      348504.51031198906,
      393932.53537292563,
      457035.7785705667,
      547225.1262856023,
      633460.1004062495,
      684520.9493759566,
      575771.6553171908,
      269490.18496280187,
      93178.77130559033,
      9073.45652835876
   ],
   "Sum weights": [
      65280.0,
      0.0,
      0.0,
      130050.0,
      0.0,
      0.0,
      324104.0,
      0.0,
      0.0,
      193800.0,
      258060.0,
      257048.0,
      449570.0,
      575312.0,
      511036.0,
      700020.0,
      1203734.0,
      1007972.0,
      1445380.0,
      1937042.0,
      2859272.0,
      2897116.0,
      3674690.0,
      5155474.0,
      5773520.0,
      7491838.0,
      9701238.0,
      11757186.0,
      14320938.0,
      17540114.0,
      22734900.0,
      26303374.0,
      34062188.0,
      40733820.0,
      50149068.0,
      60431004.0,
      72289830.0,
      87731826.0,
      102476376.0,
      120332462.0,
      140368314.0,
      158782298.0,
      178392398.0,
      192781200.0,
      200564162.0,
      196929652.0,
      173862636.0,
      123283452.0,
      50816154.0,
      14282052.0,
      1557090.0
   ],
   "Sum w * dv^2": [
      0.06218173200106322,
      0.0,
      0.0,
      0.4110744998996505,
      0.0,
      0.0,
      2.290749394248157,
      0.0,
      0.0,
      2.1782537154882267,
      4.05979602903675,
      5.2390991477011974,
      11.435294531358668,
      19.450829616397957,
      21.91617999071529,
      36.55108331606347,
      81.6097908530003,
      86.62034439054965,
      150.07653550082537,
      253.49497796720874,
      474.77770336027675,
      606.8454458598579,
      943.4321872860505,
      1651.8391214931723,
      2277.9506495282017,
      3606.2053269517464,
      5698.624752441067,
      8349.918346467639,
      12141.313521633403,
      17455.146846754935,
      26263.480074274827,
      34611.01427937057,
      50060.83082666355,
      65463.88866684614,
      86144.99279240544,
      108994.46679222077,
      135463.32929060425,
      170701.74556274427,
      208150.58984610843,
      255378.54728111083,
      306504.4485578893,
      348504.51031198906,
      393932.53537292563,
      457035.7785705667,
      547225.1262856023,
      633460.1004062495,
      684520.9493759566,
      575771.6553171908,
      269490.18496280187,
      93178.77130559033,
      9073.45652835876
   ],
   "N pairs": [
      65280,
      0,
      0,
      130050,
      0,
      0,
      324104,
      0,
      0,
      193800,
      258060,
      257048,
      449570,
      575312,
      511036,
      700020,
      1203734,
      1007972,
      1445380,
      1937042,
      2859272,
      2897116,
      3674690,
      5155474,
      5773520,
      7491838,
      9701238,
      11757186,
      14320938,
      17540114,
      22734900,
      26303374,
      34062188,
      40733820,
      50149068,
      60431004,
      72289830,
      87731826,
      102476376,
      120332462,
      140368314,
      158782298,
      178392398,
      192781200,
      200564162,
      196929652,
      173862636,
      123283452,
      50816154,
      14282052,
      1557090
   ],
   "Unweighted B(r)": [
      9.52538786780993e-07,
      NaN,
      NaN,
      3.160895808532491e-06,
      NaN,
      NaN,
      7.067945456545298e-06,
      NaN,
      NaN,
      1.1239699254325214e-05,
      1.5731984922253546e-05,
      2.0381793080285384e-05,
      2.543607120439235e-05,
      3.380918461008628e-05,
      4.288578493631621e-05,
      5.2214341470334375e-05,
      6.779719676689393e-05,
      8.593526843062075e-05,
      0.00010383188884641089,
      0.00013086705294320348,
      0.0001660484568660403,
      0.00020946535998553662,
      0.00025673789824068164,
      0.00032040489807400296,
      0.00039455144340509805,
      0.0004813512154095893,
      0.0005874121171381495,
      0.0007101970102767481,
      0.0008478015561294521,
      0.0009951558380267617,
      0.0011552054363236622,
      0.0013158393398265396,
      0.0014696892292022916,
      0.0016071139084634376,
      0.0017177785396212237,
      0.0018036183345923025,
      0.0018738919332166675,
      0.0019457220184012159,
      0.002031205610218968,
      0.002122274763073582,
      0.002183572914880842,
      0.0021948574538957046,
      0.002208236112017092,
      0.0023707486962969765,
      0.0027284292509127447,
      0.0032166821703734565,
      0.003937136610398318,
      0.004670307701289796,
      0.005303238512753284,
      0.006524186531850628,
      0.0058271882346934084
   ],
   "Weighted B(r)": [
      9.52538786780993e-07,
      NaN,
      NaN,
      3.160895808532491e-06,
      NaN,
      NaN,
      7.067945456545298e-06,
      NaN,
      NaN,
      1.1239699254325214e-05,
      1.5731984922253546e-05,
      2.0381793080285384e-05,
      2.543607120439235e-05,
      3.380918461008628e-05,
      4.288578493631621e-05,
      5.2214341470334375e-05,
      6.779719676689393e-05,
      8.593526843062075e-05,
      0.00010383188884641089,
      0.00013086705294320348,
      0.0001660484568660403,
      0.00020946535998553662,
      0.00025673789824068164,
      0.00032040489807400296,
      0.00039455144340509805,
      0.0004813512154095893,
      0.0005874121171381495,
      0.0007101970102767481,
      0.0008478015561294521,
      0.0009951558380267617,
      0.0011552054363236622,
      0.0013158393398265396,
      0.0014696892292022916,
      0.0016071139084634376,
      0.0017177785396212237,
      0.0018036183345923025,
      0.0018738919332166675,
      0.0019457220184012159,
      0.002031205610218968,
      0.002122274763073582,
      0.002183572914880842,
      0.0021948574538957046,
      0.002208236112017092,
      0.0023707486962969765,
      0.0027284292509127447,
      0.0032166821703734565,
      0.003937136610398318,
      0.004670307701289796,
      0.005303238512753284,
      0.006524186531850628,
      0.0058271882346934084
   ],
   "Unweighted sigma^2": 0.001288193469187155,
   "Apparent r0": 34.81726171130695
}