{
   "log10 r": [
      0.0,
      0.05,
      0.1,
      0.15000000000000002,
      0.2,
      0.25,
      0.30000000000000004,
      0.35000000000000003,
      0.4,
      0.45,
      0.5,
      0.55,
      0.6000000000000001,
      0.65,
      0.7000000000000001,
      0.75,
      0.8,
      0.8500000000000001,
      0.9,
      0.9500000000000001,
      1.0,
      1.05,
      1.1,
      1.1500000000000001,
      1.2000000000000002,
      1.25,
      1.3,
      1.35,
      1.4000000000000001,
      1.4500000000000002,
      1.5,
      1.55,
      1.6,
      1.6500000000000001,
      1.7000000000000002,
      1.75,
      1.8,
      1.85,
      1.9000000000000001,
      1.9500000000000002,
      2.0,
      2.0500000000000003,
      2.1,
      2.15,
      2.2,
      2.25,
      2.3000000000000003,
      2.35,
      2.4000000000000004,
      2.45,
      2.5
   ],
   "Sum dv^2": [
      0.006891318189169143,
      0.0,
      0.0,
      0.06596361582001885,
      0.0,
      0.0,
      0.3556818407794499,
      0.0,
      0.0,
      0.3228938793070273,
      0.6530163649720548,
      0.8442411789485649,
      1.7950837668742532,
      3.068411073546271,
      3.542634699279256,
      5.815486420936919,
      13.120618650735109,
      14.13879738233352,
      24.372942864078126,
      41.47138287798462,
      77.94466333790808,
      100.95657375749221,
      157.98098234313363,
      281.6111388128829,
      393.46056092000083,
      636.0317617219366,
      1028.5506117802788,
      1557.1128558636065,
      2350.6039024536753,
      3542.6573825704095,
      5648.859916300034,
      7978.615239183541,
      12530.266892898626,
      18053.345332154855,
      26482.74228484443,
      37537.98572300913,
      51969.7109886806,
      71669.16253641488,
      92940.57950937598,
      117741.92481559124,
      143351.105359845,
      162076.99158801066,
      173152.14726576884,
      167734.89067932856,
      149290.3684726611,
      127601.9890192844,
      116771.51584373585,
      112879.5195035726,
      67410.96647923272,
      22039.843471228654,
      1956.6753340310315
   ],
   "Sum weights": [
      65280.0,
      0.0,
      0.0,
      130050.0,
      0.0,
      0.0,
      324104.0,
      0.0,
      0.0,
      193800.0,
      258060.0,
      257048.0,
      449570.0,
      575312.0,
      511036.0,
      700020.0,
      1203734.0,
      1007972.0,
      1445380.0,
      1937042.0,
      2859272.0,
      2897116.0,
      3674690.0,
      5155474.0,
      5773520.0,
      7491838.0,
      9701238.0,
      11757186.0,
      14320938.0,
      17540114.0,
      22734900.0,
      26303374.0,
      34062188.0,
      40733820.0,
      50149068.0,
      60431004.0,
      72289830.0,
      87731826.0,
      102476376.0,
      120332462.0,
      140368314.0,
      158782298.0,
      178392398.0,
      192781200.0,
      200564162.0,
      196929652.0,
      173862636.0,
      123283452.0,
      50816154.0,
      14282052.0,
      1557090.0
   ],
   "Sum w * dv^2": [
      0.006891318189169143,
      0.0,
      0.0,
      0.06596361582001885,
      0.0,
      0.0,
      0.3556818407794499,
      0.0,
      0.0,
      0.3228938793070273,
      0.6530163649720548,
      0.8442411789485649,
      1.7950837668742532,
      3.068411073546271,
      3.542634699279256,
      5.815486420936919,
      13.120618650735109,
      14.13879738233352,
      24.372942864078126,
      41.47138287798462,
      77.94466333790808,
      100.95657375749221,
      157.98098234313363,
      281.6111388128829,
      393.46056092000083,
      636.0317617219366,
      1028.5506117802788,
      1557.1128558636065,
      2350.6039024536753,
      3542.6573825704095,
      5648.859916300034,
      7978.615239183541,
      12530.266892898626,
      18053.345332154855,
      26482.74228484443,
      37537.98572300913,
      51969.7109886806,
      71669.16253641488,
      92940.57950937598,
      117741.92481559124,
      143351.105359845,
      162076.99158801066,
      173152.14726576884,
      167734.89067932856,
      149290.3684726611,
      127601.9890192844,
      116771.51584373585,
      112879.5195035726,
      67410.96647923272,
      22039.843471228654,
      1956.6753340310315
   ],
   "N pairs": [
      65280,
      0,
      0,
      130050,
      0,
      0,
      324104,
      0,
      0,
      193800,
      258060,
      257048,
      449570,
      575312,
      511036,
      700020,
      1203734,
      1007972,
      1445380,
      1937042,
      2859272,
      2897116,
      3674690,
      5155474,
      5773520,
      7491838,
      9701238,
      11757186,
      14320938,
      17540114,
      22734900,
      26303374,
      34062188,
      40733820,
      50149068,
      60431004,
      72289830,
      87731826,
      102476376,
      120332462,
      140368314,
      158782298,
      178392398,
      192781200,
      200564162,
      196929652,
      173862636,
      123283452,
      50816154,
      14282052,
      1557090
   ],
   "Unweighted B(r)": [
      1.0556553598604691e-07,
      NaN,
      NaN,
      5.072173457902256e-07,
      NaN,
      NaN,
      1.0974311973300234e-06,
      NaN,
      NaN,
      1.6661190882715545e-06,
      2.5304826977139225e-06,
      3.2843717085858085e-06,
      3.99289046616601e-06,
      5.333473095548626e-06,
      6.932260543834986e-06,
      8.307600384184622e-06,
      1.0899931920785746e-05,
      1.4026974342872142e-05,
      1.6862654017682634e-05,
      2.1409645675201993e-05,
      2.7260317779458577e-05,
      3.4847266646379436e-05,
      4.2991648912733764e-05,
      5.462371429142751e-05,
      6.814916392772534e-05,
      8.489662506342724e-05,
      0.00010602261399836586,
      0.0001324392465904347,
      0.0001641375657414113,
      0.00020197459278602234,
      0.0002484664509762538,
      0.00030333048677266806,
      0.0003678644159000774,
      0.0004432028553215695,
      0.0005280804477731157,
      0.0006211709757959528,
      0.0007189076387187602,
      0.0008169117845149476,
      0.000906946392301929,
      0.0009784718342718795,
      0.0010212497484285877,
      0.001020749753779295,
      0.0009706251455051849,
      0.0008700790879988742,
      0.000744352166329003,
      0.0006479572158045778,
      0.0006716308836116798,
      0.0009156096594664839,
      0.0013265656916742012,
      0.001543184653803855,
      0.0012566231457597386
   ],
   "Weighted B(r)": [
      1.0556553598604691e-07,
      NaN,
      NaN,
      5.072173457902256e-07,
      NaN,
      NaN,
      1.0974311973300234e-06,
      NaN,
      NaN,
      1.6661190882715545e-06,
      2.5304826977139225e-06,
      3.2843717085858085e-06,
      3.99289046616601e-06,
      5.333473095548626e-06,
      6.932260543834986e-06,
      8.307600384184622e-06,
      1.0899931920785746e-05,
      1.4026974342872142e-05,
      1.6862654017682634e-05,
      2.1409645675201993e-05,
      2.7260317779458577e-05,
      3.4847266646379436e-05,
      4.2991648912733764e-05,
      5.462371429142751e-05,
      6.814916392772534e-05,
      8.489662506342724e-05,
      0.00010602261399836586,
      0.0001324392465904347,
      0.0001641375657414113,
      0.00020197459278602234,
      0.0002484664509762538,
      0.00030333048677266806,
      0.0003678644159000774,
      0.0004432028553215695,
      0.0005280804477731157,
      0.0006211709757959528,
      0.0007189076387187602,
      0.0008169117845149476,
      0.000906946392301929,
      0.0009784718342718795,
      0.0010212497484285877,
      0.001020749753779295,
      0.0009706251455051849,
      0.0008700790879988742,
      0.000744352166329003,
      0.0006479572158045778,
      0.0006716308836116798,
      0.0009156096594664839,
      0.0013265656916742012,
      0.001543184653803855,
      0.0012566231457597386
   ],
   "Unweighted sigma^2": 0.0003966186502160192,
   "Apparent r0": 41.66472122582243
}