{
   "log10 r": [
      0.0,
      0.05,
      0.1,
      0.15000000000000002,
      0.2,
      0.25,
      0.30000000000000004,
      0.35000000000000003,
      0.4,
      0.45,
      0.5,
      0.55,
      0.6000000000000001,
      0.65,
      0.7000000000000001,
      0.75,
      0.8,
      0.8500000000000001,
      0.9,
      0.9500000000000001,
      1.0,
      1.05,
      1.1,
      1.1500000000000001,
      1.2000000000000002,
      1.25,
      1.3,
      1.35,
      1.4000000000000001,
      1.4500000000000002,
      1.5,
      1.55,
      1.6,
      1.6500000000000001,
      1.7000000000000002,
      1.75,
      1.8,
      1.85,
      1.9000000000000001,
      1.9500000000000002,
      2.0,
      2.0500000000000003,
      2.1,
      2.15,
      2.2,
      2.25,
      2.3000000000000003,
      2.35,
      2.4000000000000004,
      2.45,
      2.5
   ],
   "Sum dv^2": [
      4.342763609537065,
      0.0,
      0.0,
      25.8002126565274,
      0.0,
      0.0,
      144.4552476620177,
      0.0,
      0.0,
      138.33450326842424,
      249.7811595255998,
      320.22202274310774,
      697.2787425119564,
      1169.0787954499704,
      1290.650284352995,
      2127.4625414311768,
      4625.76840412486,
      4771.73486874555,
      8043.281335457899,
      13049.629275812618,
      23219.796321302678,
      28021.250860874276,
      40966.355314103486,
      66569.72011830164,
      84497.73961351697,
      122640.43615595692,
      175724.65220574455,
      233222.16429512473,
      306973.4432861715,
      402461.505237882,
      555411.110281777,
      680424.645059391,
      927020.4851657269,
      1156441.847358123,
      1466235.524437586,
      1790212.2758169204,
      2128301.0487153796,
      2532708.5334837334,
      2913114.787886513,
      3442812.0211394266,
      4154671.233041766,
      4816251.001086835,
      5685498.473945953,
      6641392.854048243,
      7425548.331558826,
      7544160.715099694,
      6087965.381358293,
      3643246.951906864,
      1373565.8993898623,
      419837.3669802547,
      39366.749961164765
   ],
   "Sum weights": [
      65280.0,
      0.0,
      0.0,
      130050.0,
      0.0,
      0.0,
      324104.0,
      0.0,
      0.0,
      193800.0,
      258060.0,
      257048.0,
      449570.0,
      575312.0,
      511036.0,
      700020.0,
      1203734.0,
      1007972.0,
      1445380.0,
      1937042.0,
      2859272.0,
      2897116.0,
      3674690.0,
      5155474.0,
      5773520.0,
      7491838.0,
      9701238.0,
      11757186.0,
      14320938.0,
      17540114.0,
      22734900.0,
      26303374.0,
      34062188.0,
      40733820.0,
      50149068.0,
      60431004.0,
      72289830.0,
      87731826.0,
      102476376.0,
      120332462.0,
      140368314.0,
      158782298.0,
      178392398.0,
      192781200.0,
      200564162.0,
      196929652.0,
      173862636.0,
      123283452.0,
      50816154.0,
      14282052.0,
      1557090.0
   ],
   "Sum w * dv^2": [
      4.342763609537065,
      0.0,
      0.0,
      25.8002126565274,
      0.0,
      0.0,
      144.4552476620177,
      0.0,
      0.0,
      138.33450326842424,
      249.7811595255998,
      320.22202274310774,
      697.2787425119564,
      1169.0787954499704,
      1290.650284352995,
      2127.4625414311768,
      4625.76840412486,
      4771.73486874555,
      8043.281335457899,
      13049.629275812618,
      23219.796321302678,
      28021.250860874276,
      40966.355314103486,
      66569.72011830164,
      84497.73961351697,
      122640.43615595692,
      175724.65220574455,
      233222.16429512473,
      306973.4432861715,
      402461.505237882,
      555411.110281777,
      680424.645059391,
      927020.4851657269,
      1156441.847358123,
      1466235.524437586,
      1790212.2758169204,
      2128301.0487153796,
      2532708.5334837334,
      2913114.787886513,
      3442812.0211394266,
      4154671.233041766,
      4816251.001086835,
      5685498.473945953,
      6641392.854048243,
      7425548.331558826,
      7544160.715099694,
      6087965.381358293,
      3643246.951906864,
      1373565.8993898623,
      419837.3669802547,
      39366.749961164765
   ],
   "N pairs": [
      65280,
      0,
      0,
      130050,
      0,
      0,
      324104,
      0,
      0,
      193800,
      258060,
      257048,
      449570,
      575312,
      511036,
      700020,
      1203734,
      1007972,
      1445380,
      1937042,
      2859272,
      2897116,
      3674690,
      5155474,
      5773520,
      7491838,
      9701238,
      11757186,
      14320938,
      17540114,
      22734900,
      26303374,
      34062188,
      40733820,
      50149068,
      60431004,
      72289830,
      87731826,
      102476376,
      120332462,
      140368314,
      158782298,
      178392398,
      192781200,
      200564162,
      196929652,
      173862636,
      123283452,
      50816154,
      14282052,
      1557090
   ],
   "Unweighted B(r)": [
      6.652517784217318e-05,
      NaN,
      NaN,
      0.00019838687163804228,
      NaN,
      NaN,
      0.0004457064635487921,
      NaN,
      NaN,
      0.0007138003264624574,
      0.0009679189317430047,
      0.001245767415981092,
      0.00155099037416188,
      0.002032077890692303,
      0.0025255564859481424,
      0.0030391453693197007,
      0.003842849337249642,
      0.0047339954569626435,
      0.005564821248016369,
      0.006736885042148089,
      0.008120877034889538,
      0.009672119052490227,
      0.011148247964890504,
      0.012912434456715647,
      0.01463539393879591,
      0.016369872941187052,
      0.018113631704092255,
      0.019836563297980038,
      0.021435288895613646,
      0.02294520464564153,
      0.02442989018125336,
      0.025868340885066343,
      0.027215529582706986,
      0.028390213521789092,
      0.02923754284800639,
      0.029624069721180216,
      0.029441223595564957,
      0.028868754350145787,
      0.028427183918823522,
      0.028610833385420358,
      0.029598355317153456,
      0.030332417793114665,
      0.03187074414429898,
      0.03445041764470935,
      0.03702330594614818,
      0.03830891203270747,
      0.035015950070826564,
      0.0295517921732664,
      0.027030103446826423,
      0.02939615168606407,
      0.025282257262691794
   ],
   "Weighted B(r)": [
      6.652517784217318e-05,
      NaN,
      NaN,
      0.00019838687163804228,
      NaN,
      NaN,
      0.0004457064635487921,
      NaN,
      NaN,
      0.0007138003264624574,
      0.0009679189317430047,
      0.001245767415981092,
      0.00155099037416188,
      0.002032077890692303,
      0.0025255564859481424,
      0.0030391453693197007,
      0.003842849337249642,
      0.0047339954569626435,
      0.005564821248016369,
      0.006736885042148089,
      0.008120877034889538,
      0.009672119052490227,
      0.011148247964890504,
      0.012912434456715647,
      0.01463539393879591,
      0.016369872941187052,
      0.018113631704092255,
      0.019836563297980038,
      0.021435288895613646,
      0.02294520464564153,
      0.02442989018125336,
      0.025868340885066343,
      0.027215529582706986,
      0.028390213521789092,
      0.02923754284800639,
      0.029624069721180216,
      0.029441223595564957,
      0.028868754350145787,
      0.028427183918823522,
      0.028610833385420358,
      0.029598355317153456,
      0.030332417793114665,
      0.03187074414429898,
      0.03445041764470935,
      0.03702330594614818,
      0.03830891203270747,
      0.035015950070826564,
      0.0295517921732664,
      0.027030103446826423,
      0.02939615168606407,
      0.025282257262691794
   ],
   "Unweighted sigma^2": 0.015646224413937048,
   "Apparent r0": 16.975960167273264
}