{
   "log10 r": [
      0.0,
      0.05,
      0.1,
      0.15000000000000002,
      0.2,
      0.25,
      0.30000000000000004,
      0.35000000000000003,
      0.4,
      0.45,
      0.5,
      0.55,
      0.6000000000000001,
      0.65,
      0.7000000000000001,
      0.75,
      0.8,
      0.8500000000000001,
      0.9,
      0.9500000000000001,
      1.0,
      1.05,
      1.1,
      1.1500000000000001,
      1.2000000000000002,
      1.25,
      1.3,
      1.35,
      1.4000000000000001,
      1.4500000000000002,
      1.5,
      1.55,
      1.6,
      1.6500000000000001,
      1.7000000000000002,
      1.75,
      1.8,
      1.85,
      1.9000000000000001,
      1.9500000000000002,
      2.0,
      2.0500000000000003,
      2.1,
      2.15,
      2.2,
      2.25,
      2.3000000000000003,
      2.35,
      2.4000000000000004,
      2.45,
      2.5
   ],
   "Sum dv^2": [
      13.942356320756971,
      0.0,
      0.0,
      66.70623106011989,
      0.0,
      0.0,
      346.7968815364824,
      0.0,
      0.0,
      308.38799887189623,
      506.66450714090564,
      600.320919180509,
      1226.293845911625,
      1847.2878665480284,
      1880.9100182879383,
      2848.4687314607595,
      5550.623968881648,
      5163.607393361952,
      8055.104581277571,
      11844.903439710357,
      19172.96703179534,
      21054.084543691875,
      28652.38382999428,
      43161.06439904293,
      51772.434883711416,
      71176.30201361439,
      97501.63666997466,
      123744.32400637983,
      157747.841457405,
      200359.03503303826,
      267487.7380195818,
      316270.14244675013,
      413697.28514337464,
      492734.7631331735,
      596237.9021459699,
      700653.9141046193,
      824396.8542237112,
      1007949.947527858,
      1201786.2681080687,
      1454724.892227573,
      1748495.6580607106,
      1924043.7129904209,
      2130081.0979839982,
      2392734.824029682,
      2636388.731875096,
      2668789.475021095,
      2577941.9549459573,
      1995655.9028538838,
      856901.386000344,
      260700.41548860187,
      18459.52505543479
   ],
   "Sum weights": [
      65280.0,
      0.0,
      0.0,
      130050.0,
      0.0,
      0.0,
      324104.0,
      0.0,
      0.0,
      193800.0,
      258060.0,
      257048.0,
      449570.0,
      575312.0,
      511036.0,
      700020.0,
      1203734.0,
      1007972.0,
      1445380.0,
      1937042.0,
      2859272.0,
      2897116.0,
      3674690.0,
      5155474.0,
      5773520.0,
      7491838.0,
      9701238.0,
      11757186.0,
      14320938.0,
      17540114.0,
      22734900.0,
      26303374.0,
      34062188.0,
      40733820.0,
      50149068.0,
      60431004.0,
      72289830.0,
      87731826.0,
      102476376.0,
      120332462.0,
      140368314.0,
      158782298.0,
      178392398.0,
      192781200.0,
      200564162.0,
      196929652.0,
      173862636.0,
      123283452.0,
      50816154.0,
      14282052.0,
      1557090.0
   ],
   "Sum w * dv^2": [
      13.942356320756971,
      0.0,
      0.0,
      66.70623106011989,
      0.0,
      0.0,
      346.7968815364824,
      0.0,
      0.0,
      308.38799887189623,
      506.66450714090564,
      600.320919180509,
      1226.293845911625,
      1847.2878665480284,
      1880.9100182879383,
      2848.4687314607595,
      5550.623968881648,
      5163.607393361952,
      8055.104581277571,
      11844.903439710357,
      19172.96703179534,
      21054.084543691875,
      28652.38382999428,
      43161.06439904293,
      51772.434883711416,
      71176.30201361439,
      97501.63666997466,
      123744.32400637983,
      157747.841457405,
      200359.03503303826,
      267487.7380195818,
      316270.14244675013,
      413697.28514337464,
      492734.7631331735,
      596237.9021459699,
      700653.9141046193,
      824396.8542237112,
      1007949.947527858,
      1201786.2681080687,
      1454724.892227573,
      1748495.6580607106,
      1924043.7129904209,
      2130081.0979839982,
      2392734.824029682,
      2636388.731875096,
      2668789.475021095,
      2577941.9549459573,
      1995655.9028538838,
      856901.386000344,
      260700.41548860187,
      18459.52505543479
   ],
   "N pairs": [
      65280,
      0,
      0,
      130050,
      0,
      0,
      324104,
      0,
      0,
      193800,
      258060,
      257048,
      449570,
      575312,
      511036,
      700020,
      1203734,
      1007972,
      1445380,
      1937042,
      2859272,
      2897116,
      3674690,
      5155474,
      5773520,
      7491838,
      9701238,
      11757186,
      14320938,
      17540114,
      22734900,
      26303374,
      34062188,
      40733820,
      50149068,
      60431004,
      72289830,
      87731826,
      102476376,
      120332462,
      140368314,
      158782298,
      178392398,
      192781200,
      200564162,
      196929652,
      173862636,
      123283452,
      50816154,
      14282052,
      1557090
   ],
   "Unweighted B(r)": [
      0.00021357776226649773,
      NaN,
      NaN,
      0.000512927574472279,
      NaN,
      NaN,
      0.0010700172831451707,
      NaN,
      NaN,
      0.0015912693440242323,
      0.0019633593239591785,
      0.0023354428712945015,
      0.00272770390798235,
      0.003210932270747053,
      0.003680582225690437,
      0.004069124784235821,
      0.004611171545276321,
      0.005122768681433564,
      0.005573001273905527,
      0.006114944043397281,
      0.006705541491608822,
      0.007267256314104052,
      0.007797224753651132,
      0.008371890615497805,
      0.008967221882614318,
      0.009500512693095391,
      0.010050432395326726,
      0.010524995012104072,
      0.01101518919063856,
      0.011422903809692358,
      0.01176551196704546,
      0.012023938162714416,
      0.012145352645677801,
      0.012096453589012117,
      0.011889311724516394,
      0.011594278892083596,
      0.011404050254699882,
      0.011488988585828112,
      0.011727446998204433,
      0.012089214066172544,
      0.012456484004365193,
      0.012117495068565017,
      0.011940425275207065,
      0.012411660597764109,
      0.013144864494161704,
      0.01355199406446468,
      0.014827463877551916,
      0.016187540748403798,
      0.01686277528992737,
      0.01825370860494009,
      0.011855143283583345
   ],
   "Weighted B(r)": [
      0.00021357776226649773,
      NaN,
      NaN,
      0.000512927574472279,
      NaN,
      NaN,
      0.0010700172831451707,
      NaN,
      NaN,
      0.0015912693440242323,
      0.0019633593239591785,
      0.0023354428712945015,
      0.00272770390798235,
      0.003210932270747053,
      0.003680582225690437,
      0.004069124784235821,
      0.004611171545276321,
      0.005122768681433564,
      0.005573001273905527,
      0.006114944043397281,
      0.006705541491608822,
      0.007267256314104052,
      0.007797224753651132,
      0.008371890615497805,
      0.008967221882614318,
      0.009500512693095391,
      0.010050432395326726,
      0.010524995012104072,
      0.01101518919063856,
      0.011422903809692358,
      0.01176551196704546,
      0.012023938162714416,
      0.012145352645677801,
      0.012096453589012117,
      0.011889311724516394,
      0.011594278892083596,
      0.011404050254699882,
      0.011488988585828112,
      0.011727446998204433,
      0.012089214066172544,
      0.012456484004365193,
      0.012117495068565017,
      0.011940425275207065,
      0.012411660597764109,
      0.013144864494161704,
      0.01355199406446468,
      0.014827463877551916,
      0.016187540748403798,
      0.01686277528992737,
      0.01825370860494009,
      0.011855143283583345
   ],
   "Unweighted sigma^2": 0.0063898227699403405,
   "Apparent r0": 9.418654535351758
}