{
   "log10 r": [
      0.0,
      0.05,
      0.1,
      0.15000000000000002,
      0.2,
      0.25,
      0.30000000000000004,
      0.35000000000000003,
      0.4,
      0.45,
      0.5,
      0.55,
      0.6000000000000001,
      0.65,
      0.7000000000000001,
      0.75,
      0.8,
      0.8500000000000001,
      0.9,
      0.9500000000000001,
      1.0,
      1.05,
      1.1,
      1.1500000000000001,
      1.2000000000000002,
      1.25,
      1.3,
      1.35,
      1.4000000000000001,
      1.4500000000000002,
      1.5,
      1.55,
      1.6,
      1.6500000000000001,
      1.7000000000000002,
      1.75,
      1.8,
      1.85,
      1.9000000000000001,
      1.9500000000000002,
      2.0,
      2.0500000000000003,
      2.1,
      2.15,
      2.2,
      2.25,
      2.3000000000000003,
      2.35,
      2.4000000000000004,
      2.45,
      2.5
   ],
   "Sum dv^2": [
      0.26424770511225204,
      0.0,
      0.0,
      1.5064340617938647,
      0.0,
      0.0,
      8.545745831049365,
      0.0,
      0.0,
      8.321873694065538,
      14.899440112188678,
      19.261151673196533,
      42.605602074119886,
      72.52572964456016,
      80.66319692857924,
      136.02106972275664,
      303.1132543706252,
      320.7260429891691,
      558.4299389625464,
      944.8800124614879,
      1776.6623527650152,
      2276.9218501221467,
      3559.1393710840875,
      6260.000828085119,
      8699.946132903518,
      13900.705559357615,
      22226.49684940373,
      33075.236127907534,
      48988.90395328615,
      72090.40882970198,
      111746.62128054797,
      152634.63451223902,
      230580.43279925373,
      317235.86848274164,
      440549.3637979268,
      587207.2531407888,
      759266.8457988271,
      974553.3010924377,
      1177150.571751606,
      1407246.2200214046,
      1663274.4128096185,
      1894651.2295186631,
      2144197.5385616357,
      2366856.5728766522,
      2608113.428856707,
      2797087.4365942087,
      2766167.857665883,
      2030445.022098669,
      742078.3110175884,
      231096.18853343526,
      37792.66763749559
   ],
   "Sum weights": [
      65280.0,
      0.0,
      0.0,
      130050.0,
      0.0,
      0.0,
      324104.0,
      0.0,
      0.0,
      193800.0,
      258060.0,
      257048.0,
      449570.0,
      575312.0,
      511036.0,
      700020.0,
      1203734.0,
      1007972.0,
      1445380.0,
      1937042.0,
      2859272.0,
      2897116.0,
      3674690.0,
      5155474.0,
      5773520.0,
      7491838.0,
      9701238.0,
      11757186.0,
      14320938.0,
      17540114.0,
      22734900.0,
      26303374.0,
      34062188.0,
      40733820.0,
      50149068.0,
      60431004.0,
      72289830.0,
      87731826.0,
      102476376.0,
      120332462.0,
      140368314.0,
      158782298.0,
      178392398.0,
      192781200.0,
      200564162.0,
      196929652.0,
      173862636.0,
      123283452.0,
      50816154.0,
      14282052.0,
      1557090.0
   ],
   "Sum w * dv^2": [
      0.26424770511225204,
      0.0,
      0.0,
      1.5064340617938647,
      0.0,
      0.0,
      8.545745831049365,
      0.0,
      0.0,
      8.321873694065538,
      14.899440112188678,
      19.261151673196533,
      42.605602074119886,
      72.52572964456016,
      80.66319692857924,
      136.02106972275664,
      303.1132543706252,
      320.7260429891691,
      558.4299389625464,
      944.8800124614879,
      1776.6623527650152,
      2276.9218501221467,
      3559.1393710840875,
      6260.000828085119,
      8699.946132903518,
      13900.705559357615,
      22226.49684940373,
      33075.236127907534,
      48988.90395328615,
      72090.40882970198,
      111746.62128054797,
      152634.63451223902,
      230580.43279925373,
      317235.86848274164,
      440549.3637979268,
      587207.2531407888,
      759266.8457988271,
      974553.3010924377,
      1177150.571751606,
      1407246.2200214046,
      1663274.4128096185,
      1894651.2295186631,
      2144197.5385616357,
      2366856.5728766522,
      2608113.428856707,
      2797087.4365942087,
      2766167.857665883,
      2030445.022098669,
      742078.3110175884,
      231096.18853343526,
      37792.66763749559
   ],
   "N pairs": [
      65280,
      0,
      0,
      130050,
      0,
      0,
      324104,
      0,
      0,
      193800,
      258060,
      257048,
      449570,
      575312,
      511036,
      700020,
      1203734,
      1007972,
      1445380,
      1937042,
      2859272,
      2897116,
      3674690,
      5155474,
      5773520,
      7491838,
      9701238,
      11757186,
      14320938,
      17540114,
      22734900,
      26303374,
      34062188,
      40733820,
      50149068,
      60431004,
      72289830,
      87731826,
      102476376,
      120332462,
      140368314,
      158782298,
      178392398,
      192781200,
      200564162,
      196929652,
      173862636,
      123283452,
      50816154,
      14282052,
      1557090
   ],
   "Unweighted B(r)": [
      4.0479121493911155e-06,
      NaN,
      NaN,
      1.1583499129518376e-05,
      NaN,
      NaN,
      2.6367295161581974e-05,
      NaN,
      NaN,
      4.2940524737180274e-05,
      5.773634082069549e-05,
      7.493212035571774e-05,
      9.476967340818979e-05,
      0.0001260633006865147,
      0.00015784249432247284,
      0.00019431026216787611,
      0.00025181082728462036,
      0.0003181894367990074,
      0.0003863551031303508,
      0.0004877953149500568,
      0.0006213687794533067,
      0.0007859270564665505,
      0.0009685549994922259,
      0.0012142435066271537,
      0.0015068703551565628,
      0.001855446628632068,
      0.002291099017404143,
      0.0028131932358565676,
      0.0034207887746798534,
      0.004110030803089534,
      0.0049152017946218355,
      0.005802853828267013,
      0.006769395812132026,
      0.007788021562493811,
      0.008784796634663816,
      0.009716986551154914,
      0.010503093530567538,
      0.011108321182012531,
      0.011487043333300603,
      0.01169465160632552,
      0.01184935805960894,
      0.011932383227749123,
      0.012019556677306595,
      0.012277424213962006,
      0.013003885653593025,
      0.014203485397893298,
      0.015910076605912513,
      0.016469728817284163,
      0.014603197066381458,
      0.016180881328077733,
      0.024271344390815942
   ],
   "Weighted B(r)": [
      4.0479121493911155e-06,
      NaN,
      NaN,
      1.1583499129518376e-05,
      NaN,
      NaN,
      2.6367295161581974e-05,
      NaN,
      NaN,
      4.2940524737180274e-05,
      5.773634082069549e-05,
      7.493212035571774e-05,
      9.476967340818979e-05,
      0.0001260633006865147,
      0.00015784249432247284,
      0.00019431026216787611,
      0.00025181082728462036,
      0.0003181894367990074,
      0.0003863551031303508,
      0.0004877953149500568,
      0.0006213687794533067,
      0.0007859270564665505,
      0.0009685549994922259,
      0.0012142435066271537,
      0.0015068703551565628,
      0.001855446628632068,
      0.002291099017404143,
      0.0028131932358565676,
      0.0034207887746798534,
      0.004110030803089534,
      0.0049152017946218355,
      0.005802853828267013,
      0.006769395812132026,
      0.007788021562493811,
      0.008784796634663816,
      0.009716986551154914,
      0.010503093530567538,
      0.011108321182012531,
      0.011487043333300603,
      0.01169465160632552,
      0.01184935805960894,
      0.011932383227749123,
      0.012019556677306595,
      0.012277424213962006,
      0.013003885653593025,
      0.014203485397893298,
      0.015910076605912513,
      0.016469728817284163,
      0.014603197066381458,
      0.016180881328077733,
      0.024271344390815942
   ],
   "Unweighted sigma^2": 0.005996271442698385,
   "Apparent r0": 36.34770376238168
}