{
   "log10 r": [
      0.0,
      0.05,
      0.1,
      0.15000000000000002,
      0.2,
      0.25,
      0.30000000000000004,
      0.35000000000000003,
      0.4,
      0.45,
      0.5,
      0.55,
      0.6000000000000001,
      0.65,
      0.7000000000000001,
      0.75,
      0.8,
      0.8500000000000001,
      0.9,
      0.9500000000000001,
      1.0,
      1.05,
      1.1,
      1.1500000000000001,
      1.2000000000000002,
      1.25,
      1.3,
      1.35,
      1.4000000000000001,
      1.4500000000000002,
      1.5,
      1.55,
      1.6,
      1.6500000000000001,
      1.7000000000000002,
      1.75,
      1.8,
      1.85,
      1.9000000000000001,
      1.9500000000000002,
      2.0,
      2.0500000000000003,
      2.1,
      2.15,
      2.2,
      2.25,
      2.3000000000000003,
      2.35,
      2.4000000000000004,
      2.45,
      2.5
   ],
   "Sum dv^2": [
      72.32991048767258,
      0.0,
      0.0,
      253.47278242303244,
      0.0,
      0.0,
      959.5289405813741,
      0.0,
      0.0,
      709.3165744730469,
      1076.6358522088183,
      1181.1767479022476,
      2262.995835004969,
      3193.6656308350525,
      3115.460975780324,
      4544.77300916466,
      8511.112804790511,
      7665.51617022454,
      11674.927922489293,
      16742.68002112996,
      26527.30081576657,
      28641.997218957436,
      38442.25206387042,
      57263.492807306335,
      67742.72722546943,
      92281.78930778393,
      125147.23250457316,
      157981.207324207,
      199420.94975060344,
      252597.9491316426,
      339775.47431414016,
      406459.5214598478,
      538409.8867435297,
      654168.6040778207,
      817979.8983525336,
      1003690.8317004034,
      1230199.7333052147,
      1531687.5141035484,
      1823388.8764862625,
      2144229.6449326086,
      2480641.920634596,
      2735350.6014642837,
      2986510.628187248,
      3164567.4143821415,
      3165586.670650073,
      3348773.5486022355,
      3218374.0811287393,
      2410078.16513568,
      1052125.885609282,
      263160.85981057736,
      29189.301134024292
   ],
   "Sum weights": [
      65280.0,
      0.0,
      0.0,
      130050.0,
      0.0,
      0.0,
      324104.0,
      0.0,
      0.0,
      193800.0,
      258060.0,
      257048.0,
      449570.0,
      575312.0,
      511036.0,
      700020.0,
      1203734.0,
      1007972.0,
      1445380.0,
      1937042.0,
      2859272.0,
      2897116.0,
      3674690.0,
      5155474.0,
      5773520.0,
      7491838.0,
      9701238.0,
      11757186.0,
      14320938.0,
      17540114.0,
      22734900.0,
      26303374.0,
      34062188.0,
      40733820.0,
      50149068.0,
      60431004.0,
      72289830.0,
      87731826.0,
      102476376.0,
      120332462.0,
      140368314.0,
      158782298.0,
      178392398.0,
      192781200.0,
      200564162.0,
      196929652.0,
      173862636.0,
      123283452.0,
      50816154.0,
      14282052.0,
      1557090.0
   ],
   "Sum w * dv^2": [
      72.32991048767258,
      0.0,
      0.0,
      253.47278242303244,
      0.0,
      0.0,
      959.5289405813741,
      0.0,
      0.0,
      709.3165744730469,
      1076.6358522088183,
      1181.1767479022476,
      2262.995835004969,
      3193.6656308350525,
      3115.460975780324,
      4544.77300916466,
      8511.112804790511,
      7665.51617022454,
      11674.927922489293,
      16742.68002112996,
      26527.30081576657,
      28641.997218957436,
      38442.25206387042,
      57263.492807306335,
      67742.72722546943,
      92281.78930778393,
      125147.23250457316,
      157981.207324207,
      199420.94975060344,
      252597.9491316426,
      339775.47431414016,
      406459.5214598478,
      538409.8867435297,
      654168.6040778207,
      817979.8983525336,
      1003690.8317004034,
      1230199.7333052147,
      1531687.5141035484,
      1823388.8764862625,
      2144229.6449326086,
      2480641.920634596,
      2735350.6014642837,
      2986510.628187248,
      3164567.4143821415,
      3165586.670650073,
      3348773.5486022355,
      3218374.0811287393,
      2410078.16513568,
      1052125.885609282,
      263160.85981057736,
      29189.301134024292
   ],
   "N pairs": [
      65280,
      0,
      0,
      130050,
      0,
      0,
      324104,
      0,
      0,
      193800,
      258060,
      257048,
      449570,
      575312,
      511036,
      700020,
      1203734,
      1007972,
      1445380,
      1937042,
      2859272,
      2897116,
      3674690,
      5155474,
      5773520,
      7491838,
      9701238,
      11757186,
      14320938,
      17540114,
      22734900,
      26303374,
      34062188,
      40733820,
      50149068,
      60431004,
      72289830,
      87731826,
      102476376,
      120332462,
      140368314,
      158782298,
      178392398,
      192781200,
      200564162,
      196929652,
      173862636,
      123283452,
      50816154,
      14282052,
      1557090
   ],
   "Unweighted B(r)": [
      0.0011079949523234158,
      NaN,
      NaN,
      0.001949041002868377,
      NaN,
      NaN,
      0.002960558773052397,
      NaN,
      NaN,
      0.0036600442439269705,
      0.004172036937955585,
      0.004595160234284054,
      0.005033689603409857,
      0.005551188973696103,
      0.006096363026832403,
      0.006492347374595954,
      0.007070592676447215,
      0.007604889987246213,
      0.008077410731080611,
      0.008643426431192489,
      0.009277641587007663,
      0.009886382602200754,
      0.010461359206863823,
      0.011107318707708803,
      0.01173334936494018,
      0.012317643455155321,
      0.01290013011788528,
      0.013436991413098934,
      0.013925131841964781,
      0.014401157776491225,
      0.014945105292486008,
      0.015452752238547337,
      0.01580667356846042,
      0.016059593823457282,
      0.01631096909622595,
      0.01660887235466754,
      0.017017604458403272,
      0.017458744265775893,
      0.017793260726611394,
      0.017819211950742007,
      0.0176723781168633,
      0.0172270500926009,
      0.016741243806741406,
      0.016415332067557114,
      0.015783411348683885,
      0.017004922898062276,
      0.01851101625497464,
      0.019549080805554342,
      0.020704555594846512,
      0.018425983871965833,
      0.01874605908073669
   ],
   "Weighted B(r)": [
      0.0011079949523234158,
      NaN,
      NaN,
      0.001949041002868377,
      NaN,
      NaN,
      0.002960558773052397,
      NaN,
      NaN,
      0.0036600442439269705,
      0.004172036937955585,
      0.004595160234284054,
      0.005033689603409857,
      0.005551188973696103,
      0.006096363026832403,
      0.006492347374595954,
      0.007070592676447215,
      0.007604889987246213,
      0.008077410731080611,
      0.008643426431192489,
      0.009277641587007663,
      0.009886382602200754,
      0.010461359206863823,
      0.011107318707708803,
      0.01173334936494018,
      0.012317643455155321,
      0.01290013011788528,
      0.013436991413098934,
      0.013925131841964781,
      0.014401157776491225,
      0.014945105292486008,
      0.015452752238547337,
      0.01580667356846042,
      0.016059593823457282,
      0.01631096909622595,
      0.01660887235466754,
      0.017017604458403272,
      0.017458744265775893,
      0.017793260726611394,
      0.017819211950742007,
      0.0176723781168633,
      0.0172270500926009,
      0.016741243806741406,
      0.016415332067557114,
      0.015783411348683885,
      0.017004922898062276,
      0.01851101625497464,
      0.019549080805554342,
      0.020704555594846512,
      0.018425983871965833,
      0.01874605908073669
   ],
   "Unweighted sigma^2": 0.008519607612137334,
   "Apparent r0": 8.700486028037878
}