{
   "log10 r": [
      0.0,
      0.05,
      0.1,
      0.15000000000000002,
      0.2,
      0.25,
      0.30000000000000004,
      0.35000000000000003,
      0.4,
      0.45,
      0.5,
      0.55,
      0.6000000000000001,
      0.65,
      0.7000000000000001,
      0.75,
      0.8,
      0.8500000000000001,
      0.9,
      0.9500000000000001,
      1.0,
      1.05,
      1.1,
      1.1500000000000001,
      1.2000000000000002,
      1.25,
      1.3,
      1.35,
      1.4000000000000001,
      1.4500000000000002,
      1.5,
      1.55,
      1.6,
      1.6500000000000001,
      1.7000000000000002,
      1.75,
      1.8,
      1.85,
      1.9000000000000001,
      1.9500000000000002,
      2.0,
      2.0500000000000003,
      2.1,
      2.15,
      2.2,
      2.25,
      2.3000000000000003,
      2.35,
      2.4000000000000004,
      2.45,
      2.5
   ],
   "Sum dv^2": [
      0.005541313032834711,
      0.0,
      0.0,
      0.053474416049767395,
      0.0,
      0.0,
      0.28778689285244424,
      0.0,
      0.0,
      0.2607702117429241,
      0.5279654189761889,
      0.6824617428507266,
      1.4485406647310086,
      2.474776079176012,
      2.855679075219539,
      4.682141647374223,
      10.553942511336246,
      11.365854141866217,
      19.560608037810212,
      33.23511978217319,
      62.3353207671736,
      80.59947289123257,
      125.84215504151945,
      223.80690775896574,
      311.7964960027364,
      502.54020450807775,
      809.9214006082523,
      1221.6661131296594,
      1837.5230923269382,
      2759.177746083331,
      4384.132872547945,
      6175.405750416157,
      9686.072954948975,
      13969.640484116802,
      20585.122719145034,
      29474.069084041475,
      41540.02724073003,
      58976.4840985895,
      79944.15696572152,
      108127.2374232629,
      144763.8361188059,
      187057.55095455976,
      239381.57969330676,
      292906.0875428592,
      341775.23148908076,
      370287.54678727227,
      351647.03715124144,
      263341.0283864745,
      127715.92000638632,
      40943.530087639774,
      3867.1196050764975
   ],
   "Sum weights": [
      65280.0,
      0.0,
      0.0,
      130050.0,
      0.0,
      0.0,
      324104.0,
      0.0,
      0.0,
      193800.0,
      258060.0,
      257048.0,
      449570.0,
      575312.0,
      511036.0,
      700020.0,
      1203734.0,
      1007972.0,
      1445380.0,
      1937042.0,
      2859272.0,
      2897116.0,
      3674690.0,
      5155474.0,
      5773520.0,
      7491838.0,
      9701238.0,
      11757186.0,
      14320938.0,
      17540114.0,
      22734900.0,
      26303374.0,
      34062188.0,
      40733820.0,
      50149068.0,
      60431004.0,
      72289830.0,
      87731826.0,
      102476376.0,
      120332462.0,
      140368314.0,
      158782298.0,
      178392398.0,
      192781200.0,
      200564162.0,
      196929652.0,
      173862636.0,
      123283452.0,
      50816154.0,
      14282052.0,
      1557090.0
   ],
   "Sum w * dv^2": [
      0.005541313032834711,
      0.0,
      0.0,
      0.053474416049767395,
      0.0,
      0.0,
      0.28778689285244424,
      0.0,
      0.0,
      0.2607702117429241,
      0.5279654189761889,
      0.6824617428507266,
      1.4485406647310086,
      2.474776079176012,
      2.855679075219539,
      4.682141647374223,
      10.553942511336246,
      11.365854141866217,
      19.560608037810212,
      33.23511978217319,
      62.3353207671736,
      80.59947289123257,
      125.84215504151945,
      223.80690775896574,
      311.7964960027364,
      502.54020450807775,
      809.9214006082523,
      1221.6661131296594,
      1837.5230923269382,
      2759.177746083331,
      4384.132872547945,
      6175.405750416157,
      9686.072954948975,
      13969.640484116802,
      20585.122719145034,
      29474.069084041475,
      41540.02724073003,
      58976.4840985895,
      79944.15696572152,
      108127.2374232629,
      144763.8361188059,
      187057.55095455976,
      239381.57969330676,
      292906.0875428592,
      341775.23148908076,
      370287.54678727227,
      351647.03715124144,
      263341.0283864745,
      127715.92000638632,
      40943.530087639774,
      3867.1196050764975
   ],
   "N pairs": [
      65280,
      0,
      0,
      130050,
      0,
      0,
      324104,
      0,
      0,
      193800,
      258060,
      257048,
      449570,
      575312,
      511036,
      700020,
      1203734,
      1007972,
      1445380,
      1937042,
      2859272,
      2897116,
      3674690,
      5155474,
      5773520,
      7491838,
      9701238,
      11757186,
      14320938,
      17540114,
      22734900,
      26303374,
      34062188,
      40733820,
      50149068,
      60431004,
      72289830,
      87731826,
      102476376,
      120332462,
      140368314,
      158782298,
      178392398,
      192781200,
      200564162,
      196929652,
      173862636,
      123283452,
      50816154,
      14282052,
      1557090
   ],
   "Unweighted B(r)": [
      8.488530993925721e-08,
      NaN,
      NaN,
      4.1118351441574314e-07,
      NaN,
      NaN,
      8.879461310333851e-07,
      NaN,
      NaN,
      1.3455635280852635e-06,
      2.0459018018142636e-06,
      2.65499728786346e-06,
      3.222058110485594e-06,
      4.301624299816468e-06,
      5.588019386539381e-06,
      6.6885826796009014e-06,
      8.767670026215297e-06,
      1.1275962171435533e-05,
      1.3533194065097214e-05,
      1.715766606102149e-05,
      2.180111607681032e-05,
      2.7820588782510802e-05,
      3.424565202548227e-05,
      4.341150935083093e-05,
      5.400457537217094e-05,
      6.707835974404115e-05,
      8.348639633500922e-05,
      0.00010390803659393152,
      0.00012831024701922026,
      0.00015730671682540553,
      0.0001928371302511973,
      0.00023477618310168715,
      0.0002843643794975524,
      0.0003429494332747776,
      0.0004104786696962152,
      0.00048773091845439925,
      0.0005746316908025656,
      0.000672235912410959,
      0.0007801227959673507,
      0.0008985708064650327,
      0.0010313142047058135,
      0.0011780755998036995,
      0.0013418821787086845,
      0.0015193706001563388,
      0.0017040693017184234,
      0.001880303666952462,
      0.0020225566875176184,
      0.0021360614430757058,
      0.002513293705902779,
      0.002866782034377117,
      0.002483555610193693
   ],
   "Weighted B(r)": [
      8.488530993925721e-08,
      NaN,
      NaN,
      4.1118351441574314e-07,
      NaN,
      NaN,
      8.879461310333851e-07,
      NaN,
      NaN,
      1.3455635280852635e-06,
      2.0459018018142636e-06,
      2.65499728786346e-06,
      3.222058110485594e-06,
      4.301624299816468e-06,
      5.588019386539381e-06,
      6.6885826796009014e-06,
      8.767670026215297e-06,
      1.1275962171435533e-05,
      1.3533194065097214e-05,
      1.715766606102149e-05,
      2.180111607681032e-05,
      2.7820588782510802e-05,
      3.424565202548227e-05,
      4.341150935083093e-05,
      5.400457537217094e-05,
      6.707835974404115e-05,
      8.348639633500922e-05,
      0.00010390803659393152,
      0.00012831024701922026,
      0.00015730671682540553,
      0.0001928371302511973,
      0.00023477618310168715,
      0.0002843643794975524,
      0.0003429494332747776,
      0.0004104786696962152,
      0.00048773091845439925,
      0.0005746316908025656,
      0.000672235912410959,
      0.0007801227959673507,
      0.0008985708064650327,
      0.0010313142047058135,
      0.0011780755998036995,
      0.0013418821787086845,
      0.0015193706001563388,
      0.0017040693017184234,
      0.001880303666952462,
      0.0020225566875176184,
      0.0021360614430757058,
      0.002513293705902779,
      0.002866782034377117,
      0.002483555610193693
   ],
   "Unweighted sigma^2": 0.0006414688340753066,
   "Apparent r0": 68.36772709691338
}