{
   "log10 r": [
      0.0,
      0.05,
      0.1,
      0.15000000000000002,
      0.2,
      0.25,
      0.30000000000000004,
      0.35000000000000003,
      0.4,
      0.45,
      0.5,
      0.55,
      0.6000000000000001,
      0.65,
      0.7000000000000001,
      0.75,
      0.8,
      0.8500000000000001,
      0.9,
      0.9500000000000001,
      1.0,
      1.05,
      1.1,
      1.1500000000000001,
      1.2000000000000002,
      1.25,
      1.3,
      1.35,
      1.4000000000000001,
      1.4500000000000002,
      1.5,
      1.55,
      1.6,
      1.6500000000000001,
      1.7000000000000002,
      1.75,
      1.8,
      1.85,
      1.9000000000000001,
      1.9500000000000002,
      2.0,
      2.0500000000000003,
      2.1,
      2.15,
      2.2,
      2.25,
      2.3000000000000003,
      2.35,
      2.4000000000000004,
      2.45,
      2.5
   ],
   "Sum dv^2": [
      4.707887572823917,
      0.0,
      0.0,
      23.500997533000863,
      0.0,
      0.0,
      134.38004991413735,
      0.0,
      0.0,
      132.2669931540616,
      226.74472046480258,
      290.24245284253453,
      642.8195418548605,
      1073.4841840231595,
      1164.5221555366898,
      1939.2863854418777,
      4181.922062797954,
      4264.196778705145,
      7206.55137919983,
      11618.658816711011,
      20601.95572339827,
      24615.184598783846,
      35831.998605945024,
      57595.60921709365,
      72727.58973995212,
      104662.19153270427,
      149047.06583173948,
      195848.89677168443,
      255310.83848391427,
      329912.8039796141,
      446623.798072227,
      533706.950869538,
      708231.3967996769,
      864747.5965841817,
      1087170.1367833014,
      1350890.6445995246,
      1700931.3874351464,
      2210800.7746035457,
      2765178.830143407,
      3445296.654885073,
      4173032.545481592,
      4841990.776739449,
      5547031.6292924695,
      6010529.602772783,
      6241490.846237039,
      5972219.566814226,
      4966143.849726814,
      3236595.650773029,
      1283911.9765308492,
      378444.2074107519,
      36972.199616654325
   ],
   "Sum weights": [
      65280.0,
      0.0,
      0.0,
      130050.0,
      0.0,
      0.0,
      324104.0,
      0.0,
      0.0,
      193800.0,
      258060.0,
      257048.0,
      449570.0,
      575312.0,
      511036.0,
      700020.0,
      1203734.0,
      1007972.0,
      1445380.0,
      1937042.0,
      2859272.0,
      2897116.0,
      3674690.0,
      5155474.0,
      5773520.0,
      7491838.0,
      9701238.0,
      11757186.0,
      14320938.0,
      17540114.0,
      22734900.0,
      26303374.0,
      34062188.0,
      40733820.0,
      50149068.0,
      60431004.0,
      72289830.0,
      87731826.0,
      102476376.0,
      120332462.0,
      140368314.0,
      158782298.0,
      178392398.0,
      192781200.0,
      200564162.0,
      196929652.0,
      173862636.0,
      123283452.0,
      50816154.0,
      14282052.0,
      1557090.0
   ],
   "Sum w * dv^2": [
      4.707887572823917,
      0.0,
      0.0,
      23.500997533000863,
      0.0,
      0.0,
      134.38004991413735,
      0.0,
      0.0,
      132.2669931540616,
      226.74472046480258,
      290.24245284253453,
      642.8195418548605,
      1073.4841840231595,
      1164.5221555366898,
      1939.2863854418777,
      4181.922062797954,
      4264.196778705145,
      7206.55137919983,
      11618.658816711011,
      20601.95572339827,
      24615.184598783846,
      35831.998605945024,
      57595.60921709365,
      72727.58973995212,
      104662.19153270427,
      149047.06583173948,
      195848.89677168443,
      255310.83848391427,
      329912.8039796141,
      446623.798072227,
      533706.950869538,
      708231.3967996769,
      864747.5965841817,
      1087170.1367833014,
      1350890.6445995246,
      1700931.3874351464,
      2210800.7746035457,
      2765178.830143407,
      3445296.654885073,
      4173032.545481592,
      4841990.776739449,
      5547031.6292924695,
      6010529.602772783,
      6241490.846237039,
      5972219.566814226,
      4966143.849726814,
      3236595.650773029,
      1283911.9765308492,
      378444.2074107519,
      36972.199616654325
   ],
   "N pairs": [
      65280,
      0,
      0,
      130050,
      0,
      0,
      324104,
      0,
      0,
      193800,
      258060,
      257048,
      449570,
      575312,
      511036,
      700020,
      1203734,
      1007972,
      1445380,
      1937042,
      2859272,
      2897116,
      3674690,
      5155474,
      5773520,
      7491838,
      9701238,
      11757186,
      14320938,
      17540114,
      22734900,
      26303374,
      34062188,
      40733820,
      50149068,
      60431004,
      72289830,
      87731826,
      102476376,
      120332462,
      140368314,
      158782298,
      178392398,
      192781200,
      200564162,
      196929652,
      173862636,
      123283452,
      50816154,
      14282052,
      1557090
   ],
   "Unweighted B(r)": [
      7.21183758091899e-05,
      NaN,
      NaN,
      0.00018070740125337073,
      NaN,
      NaN,
      0.00041462015252553917,
      NaN,
      NaN,
      0.0006824922247371599,
      0.0008786511681965534,
      0.001129137176101485,
      0.001429854175889985,
      0.0018659165531453533,
      0.002278747789855685,
      0.0027703299697749745,
      0.003474124734200375,
      0.004230471460224238,
      0.00498592161175596,
      0.005998145015291879,
      0.007205315102375104,
      0.008496444256558539,
      0.00975102623784456,
      0.011171738857977686,
      0.01259675029097537,
      0.013970162132804295,
      0.015363716036215119,
      0.016657803727157538,
      0.01782780139708127,
      0.018809045595690774,
      0.019644854302074213,
      0.02029043691769497,
      0.02079230485134064,
      0.0212292290922919,
      0.021678770516399257,
      0.0223542644533843,
      0.02352933168379489,
      0.025199529924334933,
      0.026983573561807132,
      0.028631481460797113,
      0.029729163417048607,
      0.030494525131129224,
      0.031094551625974944,
      0.031177986249555364,
      0.03111967155047889,
      0.030326664908818433,
      0.028563606097211213,
      0.02625328540259425,
      0.025265823472804518,
      0.02649788751719654,
      0.023744420435976292
   ],
   "Weighted B(r)": [
      7.21183758091899e-05,
      NaN,
      NaN,
      0.00018070740125337073,
      NaN,
      NaN,
      0.00041462015252553917,
      NaN,
      NaN,
      0.0006824922247371599,
      0.0008786511681965534,
      0.001129137176101485,
      0.001429854175889985,
      0.0018659165531453533,
      0.002278747789855685,
      0.0027703299697749745,
      0.003474124734200375,
      0.004230471460224238,
      0.00498592161175596,
      0.005998145015291879,
      0.007205315102375104,
      0.008496444256558539,
      0.00975102623784456,
      0.011171738857977686,
      0.01259675029097537,
      0.013970162132804295,
      0.015363716036215119,
      0.016657803727157538,
      0.01782780139708127,
      0.018809045595690774,
      0.019644854302074213,
      0.02029043691769497,
      0.02079230485134064,
      0.0212292290922919,
      0.021678770516399257,
      0.0223542644533843,
      0.02352933168379489,
      0.025199529924334933,
      0.026983573561807132,
      0.028631481460797113,
      0.029729163417048607,
      0.030494525131129224,
      0.031094551625974944,
      0.031177986249555364,
      0.03111967155047889,
      0.030326664908818433,
      0.028563606097211213,
      0.02625328540259425,
      0.025265823472804518,
      0.02649788751719654,
      0.023744420435976292
   ],
   "Unweighted sigma^2": 0.013808630194959398,
   "Apparent r0": 17.55534557019278
}