{
   "log10 r": [
      0.0,
      0.05,
      0.1,
      0.15000000000000002,
      0.2,
      0.25,
      0.30000000000000004,
      0.35000000000000003,
      0.4,
      0.45,
      0.5,
      0.55,
      0.6000000000000001,
      0.65,
      0.7000000000000001,
      0.75,
      0.8,
      0.8500000000000001,
      0.9,
      0.9500000000000001,
      1.0,
      1.05,
      1.1,
      1.1500000000000001,
      1.2000000000000002,
      1.25,
      1.3,
      1.35,
      1.4000000000000001,
      1.4500000000000002,
      1.5,
      1.55,
      1.6,
      1.6500000000000001,
      1.7000000000000002,
      1.75,
      1.8,
      1.85,
      1.9000000000000001,
      1.9500000000000002,
      2.0,
      2.0500000000000003,
      2.1,
      2.15,
      2.2,
      2.25,
      2.3000000000000003,
      2.35,
      2.4000000000000004,
      2.45,
      2.5
   ],
   "Sum dv^2": [
      35.66978205212365,
      0.0,
      0.0,
      174.22661474841638,
      0.0,
      0.0,
      930.7372728289407,
      0.0,
      0.0,
      852.6179237776502,
      1420.0569878507727,
      1729.0930694616532,
      3600.6418922649614,
      5608.893055712174,
      5803.014315285111,
      9041.270467308297,
      18162.22173571252,
      17418.107876380385,
      27729.420717518355,
      42001.48563642527,
      69971.80631568404,
      79544.81571654245,
      111029.34401576327,
      172500.0818632856,
      211240.57378310096,
      298180.2913232644,
      418229.4347603367,
      549723.5654630932,
      723630.7451427092,
      957220.3650385218,
      1337596.2006717804,
      1653790.578564438,
      2270546.0376304234,
      2865840.6121958047,
      3698944.1431006775,
      4651083.815792998,
      5789033.395897508,
      7262357.922545731,
      8680946.731656242,
      10202845.160230974,
      11639899.719694272,
      12756323.092458304,
      13968191.95034783,
      14784574.186302515,
      14977922.896632032,
      15831322.015635097,
      14330624.341671895,
      10426965.910023749,
      4764611.177345789,
      1123431.2079702802,
      54208.9002179847
   ],
   "Sum weights": [
      65280.0,
      0.0,
      0.0,
      130050.0,
      0.0,
      0.0,
      324104.0,
      0.0,
      0.0,
      193800.0,
      258060.0,
      257048.0,
      449570.0,
      575312.0,
      511036.0,
      700020.0,
      1203734.0,
      1007972.0,
      1445380.0,
      1937042.0,
      2859272.0,
      2897116.0,
      3674690.0,
      5155474.0,
      5773520.0,
      7491838.0,
      9701238.0,
      11757186.0,
      14320938.0,
      17540114.0,
      22734900.0,
      26303374.0,
      34062188.0,
      40733820.0,
      50149068.0,
      60431004.0,
      72289830.0,
      87731826.0,
      102476376.0,
      120332462.0,
      140368314.0,
      158782298.0,
      178392398.0,
      192781200.0,
      200564162.0,
      196929652.0,
      173862636.0,
      123283452.0,
      50816154.0,
      14282052.0,
      1557090.0
   ],
   "Sum w * dv^2": [
      35.66978205212365,
      0.0,
      0.0,
      174.22661474841638,
      0.0,
      0.0,
      930.7372728289407,
      0.0,
      0.0,
      852.6179237776502,
      1420.0569878507727,
      1729.0930694616532,
      3600.6418922649614,
      5608.893055712174,
      5803.014315285111,
      9041.270467308297,
      18162.22173571252,
      17418.107876380385,
      27729.420717518355,
      42001.48563642527,
      69971.80631568404,
      79544.81571654245,
      111029.34401576327,
      172500.0818632856,
      211240.57378310096,
      298180.2913232644,
      418229.4347603367,
      549723.5654630932,
      723630.7451427092,
      957220.3650385218,
      1337596.2006717804,
      1653790.578564438,
      2270546.0376304234,
      2865840.6121958047,
      3698944.1431006775,
      4651083.815792998,
      5789033.395897508,
      7262357.922545731,
      8680946.731656242,
      10202845.160230974,
      11639899.719694272,
      12756323.092458304,
      13968191.95034783,
      14784574.186302515,
      14977922.896632032,
      15831322.015635097,
      14330624.341671895,
      10426965.910023749,
      4764611.177345789,
      1123431.2079702802,
      54208.9002179847
   ],
   "N pairs": [
      65280,
      0,
      0,
      130050,
      0,
      0,
      324104,
      0,
      0,
      193800,
      258060,
      257048,
      449570,
      575312,
      511036,
      700020,
      1203734,
      1007972,
      1445380,
      1937042,
      2859272,
      2897116,
      3674690,
      5155474,
      5773520,
      7491838,
      9701238,
      11757186,
      14320938,
      17540114,
      22734900,
      26303374,
      34062188,
      40733820,
      50149068,
      60431004,
      72289830,
      87731826,
      102476376,
      120332462,
      140368314,
      158782298,
      178392398,
      192781200,
      200564162,
      196929652,
      173862636,
      123283452,
      50816154,
      14282052,
      1557090
   ],
   "Unweighted B(r)": [
      0.0005464121025141491,
      NaN,
      NaN,
      0.001339689463655643,
      NaN,
      NaN,
      0.0028717241158052378,
      NaN,
      NaN,
      0.004399473290906348,
      0.0055028171272214705,
      0.006726732242466983,
      0.008009079547712173,
      0.00974930656011377,
      0.011355392409311889,
      0.01291573164667909,
      0.01508823522116391,
      0.01728034893467317,
      0.01918486537624594,
      0.02168331179005167,
      0.0244718957537737,
      0.0274565518662499,
      0.030214615114679953,
      0.033459596899002034,
      0.036587830956349154,
      0.03980068593625015,
      0.043110934373565175,
      0.046756389280827336,
      0.05052956343660654,
      0.05457321229716761,
      0.0588344879753938,
      0.06287370504500442,
      0.06665884286794564,
      0.07035531192988541,
      0.07375898078705426,
      0.07696519183750444,
      0.0800808826898266,
      0.08277905810994668,
      0.08471168742009615,
      0.08478880088259952,
      0.08292398325518302,
      0.08033844611858625,
      0.07830037662450072,
      0.07669095423362089,
      0.07467895932789843,
      0.08039074793893962,
      0.08242498026816926,
      0.08457717350438686,
      0.09376174311314053,
      0.07866034992522644,
      0.034814236953538136
   ],
   "Weighted B(r)": [
      0.0005464121025141491,
      NaN,
      NaN,
      0.001339689463655643,
      NaN,
      NaN,
      0.0028717241158052378,
      NaN,
      NaN,
      0.004399473290906348,
      0.0055028171272214705,
      0.006726732242466983,
      0.008009079547712173,
      0.00974930656011377,
      0.011355392409311889,
      0.01291573164667909,
      0.01508823522116391,
      0.01728034893467317,
      0.01918486537624594,
      0.02168331179005167,
      0.0244718957537737,
      0.0274565518662499,
      0.030214615114679953,
      0.033459596899002034,
      0.036587830956349154,
      0.03980068593625015,
      0.043110934373565175,
      0.046756389280827336,
      0.05052956343660654,
      0.05457321229716761,
      0.0588344879753938,
      0.06287370504500442,
      0.06665884286794564,
      0.07035531192988541,
      0.07375898078705426,
      0.07696519183750444,
      0.0800808826898266,
      0.08277905810994668,
      0.08471168742009615,
      0.08478880088259952,
      0.08292398325518302,
      0.08033844611858625,
      0.07830037662450072,
      0.07669095423362089,
      0.07467895932789843,
      0.08039074793893962,
      0.08242498026816926,
      0.08457717350438686,
      0.09376174311314053,
      0.07866034992522644,
      0.034814236953538136
   ],
   "Unweighted sigma^2": 0.038980669356820194,
   "Apparent r0": 17.289214696279497
}