{
   "log10 r": [
      0.0,
      0.05,
      0.1,
      0.15000000000000002,
      0.2,
      0.25,
      0.30000000000000004,
      0.35000000000000003,
      0.4,
      0.45,
      0.5,
      0.55,
      0.6000000000000001,
      0.65,
      0.7000000000000001,
      0.75,
      0.8,
      0.8500000000000001,
      0.9,
      0.9500000000000001,
      1.0,
      1.05,
      1.1,
      1.1500000000000001,
      1.2000000000000002,
      1.25,
      1.3,
      1.35,
      1.4000000000000001,
      1.4500000000000002,
      1.5,
      1.55,
      1.6,
      1.6500000000000001,
      1.7000000000000002,
      1.75,
      1.8,
      1.85,
      1.9000000000000001,
      1.9500000000000002,
      2.0,
      2.0500000000000003,
      2.1,
      2.15,
      2.2,
      2.25,
      2.3000000000000003,
      2.35,
      2.4000000000000004,
      2.45,
      2.5
   ],
   "Sum dv^2": [
      89.59593236626306,
      0.0,
      0.0,
      421.43555354853544,
      0.0,
      0.0,
      2368.0888239722917,
      0.0,
      0.0,
      2285.6579554531954,
      3803.3223503601967,
      4760.412457283686,
      10275.583270136747,
      16496.658914478252,
      17261.121922566937,
      27622.06404754646,
      56355.24220661683,
      54477.01297677331,
      87334.03812650497,
      132137.11148355363,
      218553.55764848986,
      244927.58601094043,
      336715.0246121191,
      512099.4561633849,
      614540.6838164913,
      848784.6927208907,
      1163901.9634488828,
      1494207.9910424922,
      1921321.979961696,
      2485509.3308085757,
      3397217.5005689096,
      4117538.4280393296,
      5562778.96925195,
      6941947.42149051,
      8884121.820607534,
      11051325.19686838,
      13588773.627001837,
      16833264.677958265,
      19972713.75180139,
      23371456.4387518,
      26451322.771469884,
      29073850.647202034,
      32430140.721293475,
      35645750.598782435,
      37606189.32495656,
      38885554.620044045,
      33319914.614860497,
      23637071.011447676,
      10908976.490248824,
      2998911.4385687197,
      264493.29620849
   ],
   "Sum weights": [
      65280.0,
      0.0,
      0.0,
      130050.0,
      0.0,
      0.0,
      324104.0,
      0.0,
      0.0,
      193800.0,
      258060.0,
      257048.0,
      449570.0,
      575312.0,
      511036.0,
      700020.0,
      1203734.0,
      1007972.0,
      1445380.0,
      1937042.0,
      2859272.0,
      2897116.0,
      3674690.0,
      5155474.0,
      5773520.0,
      7491838.0,
      9701238.0,
      11757186.0,
      14320938.0,
      17540114.0,
      22734900.0,
      26303374.0,
      34062188.0,
      40733820.0,
      50149068.0,
      60431004.0,
      72289830.0,
      87731826.0,
      102476376.0,
      120332462.0,
      140368314.0,
      158782298.0,
      178392398.0,
      192781200.0,
      200564162.0,
      196929652.0,
      173862636.0,
      123283452.0,
      50816154.0,
      14282052.0,
      1557090.0
   ],
   "Sum w * dv^2": [
      89.59593236626306,
      0.0,
      0.0,
      421.43555354853544,
      0.0,
      0.0,
      2368.0888239722917,
      0.0,
      0.0,
      2285.6579554531954,
      3803.3223503601967,
      4760.412457283686,
      10275.583270136747,
      16496.658914478252,
      17261.121922566937,
      27622.06404754646,
      56355.24220661683,
      54477.01297677331,
      87334.03812650497,
      132137.11148355363,
      218553.55764848986,
      244927.58601094043,
      336715.0246121191,
      512099.4561633849,
      614540.6838164913,
      848784.6927208907,
      1163901.9634488828,
      1494207.9910424922,
      1921321.979961696,
      2485509.3308085757,
      3397217.5005689096,
      4117538.4280393296,
      5562778.96925195,
      6941947.42149051,
      8884121.820607534,
      11051325.19686838,
      13588773.627001837,
      16833264.677958265,
      19972713.75180139,
      23371456.4387518,
      26451322.771469884,
      29073850.647202034,
      32430140.721293475,
      35645750.598782435,
      37606189.32495656,
      38885554.620044045,
      33319914.614860497,
      23637071.011447676,
      10908976.490248824,
      2998911.4385687197,
      264493.29620849
   ],
   "N pairs": [
      65280,
      0,
      0,
      130050,
      0,
      0,
      324104,
      0,
      0,
      193800,
      258060,
      257048,
      449570,
      575312,
      511036,
      700020,
      1203734,
      1007972,
      1445380,
      1937042,
      2859272,
      2897116,
      3674690,
      5155474,
      5773520,
      7491838,
      9701238,
      11757186,
      14320938,
      17540114,
      22734900,
      26303374,
      34062188,
      40733820,
      50149068,
      60431004,
      72289830,
      87731826,
      102476376,
      120332462,
      140368314,
      158782298,
      178392398,
      192781200,
      200564162,
      196929652,
      173862636,
      123283452,
      50816154,
      14282052,
      1557090
   ],
   "Unweighted B(r)": [
      0.0013724867090420198,
      NaN,
      NaN,
      0.0032405655789968122,
      NaN,
      NaN,
      0.007306570804347653,
      NaN,
      NaN,
      0.011793900698932897,
      0.0147381320249562,
      0.01851954676668827,
      0.022856470116192688,
      0.028674282675275768,
      0.03377672399315691,
      0.03945896409752073,
      0.04681702286935222,
      0.05404615701306515,
      0.060422890953593496,
      0.06821592483980916,
      0.0764367844851731,
      0.08454186370547138,
      0.09163086535520522,
      0.09933120721070166,
      0.1064412496737677,
      0.11329458708542427,
      0.119974580919351,
      0.12708891320104082,
      0.13416174135812167,
      0.14170428600455937,
      0.1494274221821477,
      0.15654031410720654,
      0.16331243809857282,
      0.1704222049758778,
      0.1771542757406286,
      0.18287508837133304,
      0.18797628417443832,
      0.19187181488686061,
      0.19490066424481473,
      0.19422403606062513,
      0.1884422631981594,
      0.1831051131858668,
      0.18179104650688913,
      0.18490262846575514,
      0.1875020389981564,
      0.19745911408020994,
      0.19164505601341797,
      0.19172947080884525,
      0.21467536662158304,
      0.20997763056518207,
      0.16986384615435843
   ],
   "Weighted B(r)": [
      0.0013724867090420198,
      NaN,
      NaN,
      0.0032405655789968122,
      NaN,
      NaN,
      0.007306570804347653,
      NaN,
      NaN,
      0.011793900698932897,
      0.0147381320249562,
      0.01851954676668827,
      0.022856470116192688,
      0.028674282675275768,
      0.03377672399315691,
      0.03945896409752073,
      0.04681702286935222,
      0.05404615701306515,
      0.060422890953593496,
      0.06821592483980916,
      0.0764367844851731,
      0.08454186370547138,
      0.09163086535520522,
      0.09933120721070166,
      0.1064412496737677,
      0.11329458708542427,
      0.119974580919351,
      0.12708891320104082,
      0.13416174135812167,
      0.14170428600455937,
      0.1494274221821477,
      0.15654031410720654,
      0.16331243809857282,
      0.1704222049758778,
      0.1771542757406286,
      0.18287508837133304,
      0.18797628417443832,
      0.19187181488686061,
      0.19490066424481473,
      0.19422403606062513,
      0.1884422631981594,
      0.1831051131858668,
      0.18179104650688913,
      0.18490262846575514,
      0.1875020389981564,
      0.19745911408020994,
      0.19164505601341797,
      0.19172947080884525,
      0.21467536662158304,
      0.20997763056518207,
      0.16986384615435843
   ],
   "Unweighted sigma^2": 0.09235579499151189,
   "Apparent r0": 12.733868460620803
}