{
   "log10 r": [
      0.0,
      0.05,
      0.1,
      0.15000000000000002,
      0.2,
      0.25,
      0.30000000000000004,
      0.35000000000000003,
      0.4,
      0.45,
      0.5,
      0.55,
      0.6000000000000001,
      0.65,
      0.7000000000000001,
      0.75,
      0.8,
      0.8500000000000001,
      0.9,
      0.9500000000000001,
      1.0,
      1.05,
      1.1,
      1.1500000000000001,
      1.2000000000000002,
      1.25,
      1.3,
      1.35,
      1.4000000000000001,
      1.4500000000000002,
      1.5,
      1.55,
      1.6,
      1.6500000000000001,
      1.7000000000000002,
      1.75,
      1.8,
      1.85,
      1.9000000000000001,
      1.9500000000000002,
      2.0,
      2.0500000000000003,
      2.1,
      2.15,
      2.2,
      2.25,
      2.3000000000000003,
      2.35,
      2.4000000000000004,
      2.45,
      2.5
   ],
   "Sum dv^2": [
      58.322486928235875,
      0.0,
      0.0,
      196.7812793421634,
      0.0,
      0.0,
      786.9251228575134,
      0.0,
      0.0,
      613.8802244709015,
      915.7464758776733,
      1035.6248883067417,
      2042.6757353108078,
      2980.3408813477286,
      2915.8555807072153,
      4422.4398890540315,
      8533.417800454048,
      7917.712590080977,
      12428.64928313299,
      18495.102019969512,
      30506.278502235153,
      34402.77273320344,
      48125.73391210718,
      75072.99126210203,
      93154.32555834595,
      133523.2353074975,
      191060.98233364723,
      255882.2621855606,
      342793.7153547442,
      461591.3554745586,
      659617.563455326,
      837317.4944731449,
      1181505.6404416524,
      1532904.3460993697,
      2041570.8572180846,
      2652338.8365562335,
      3403429.3141791457,
      4411159.655164352,
      5463749.219659002,
      6669063.050535278,
      7991437.003554548,
      9178172.563429328,
      10386348.58329166,
      11352303.373750787,
      12201699.720614582,
      13605018.428969704,
      13477459.573367456,
      10287411.861569153,
      4147977.044835379,
      1182877.7212877674,
      223988.1334729049
   ],
   "Sum weights": [
      65280.0,
      0.0,
      0.0,
      130050.0,
      0.0,
      0.0,
      324104.0,
      0.0,
      0.0,
      193800.0,
      258060.0,
      257048.0,
      449570.0,
      575312.0,
      511036.0,
      700020.0,
      1203734.0,
      1007972.0,
      1445380.0,
      1937042.0,
      2859272.0,
      2897116.0,
      3674690.0,
      5155474.0,
      5773520.0,
      7491838.0,
      9701238.0,
      11757186.0,
      14320938.0,
      17540114.0,
      22734900.0,
      26303374.0,
      34062188.0,
      40733820.0,
      50149068.0,
      60431004.0,
      72289830.0,
      87731826.0,
      102476376.0,
      120332462.0,
      140368314.0,
      158782298.0,
      178392398.0,
      192781200.0,
      200564162.0,
      196929652.0,
      173862636.0,
      123283452.0,
      50816154.0,
      14282052.0,
      1557090.0
   ],
   "Sum w * dv^2": [
      58.322486928235875,
      0.0,
      0.0,
      196.7812793421634,
      0.0,
      0.0,
      786.9251228575134,
      0.0,
      0.0,
      613.8802244709015,
      915.7464758776733,
      1035.6248883067417,
      2042.6757353108078,
      2980.3408813477286,
      2915.8555807072153,
      4422.4398890540315,
      8533.417800454048,
      7917.712590080977,
      12428.64928313299,
      18495.102019969512,
      30506.278502235153,
      34402.77273320344,
      48125.73391210718,
      75072.99126210203,
      93154.32555834595,
      133523.2353074975,
      191060.98233364723,
      255882.2621855606,
      342793.7153547442,
      461591.3554745586,
      659617.563455326,
      837317.4944731449,
      1181505.6404416524,
      1532904.3460993697,
      2041570.8572180846,
      2652338.8365562335,
      3403429.3141791457,
      4411159.655164352,
      5463749.219659002,
      6669063.050535278,
      7991437.003554548,
      9178172.563429328,
      10386348.58329166,
      11352303.373750787,
      12201699.720614582,
      13605018.428969704,
      13477459.573367456,
      10287411.861569153,
      4147977.044835379,
      1182877.7212877674,
      223988.1334729049
   ],
   "N pairs": [
      65280,
      0,
      0,
      130050,
      0,
      0,
      324104,
      0,
      0,
      193800,
      258060,
      257048,
      449570,
      575312,
      511036,
      700020,
      1203734,
      1007972,
      1445380,
      1937042,
      2859272,
      2897116,
      3674690,
      5155474,
      5773520,
      7491838,
      9701238,
      11757186,
      14320938,
      17540114,
      22734900,
      26303374,
      34062188,
      40733820,
      50149068,
      60431004,
      72289830,
      87731826,
      102476376,
      120332462,
      140368314,
      158782298,
      178392398,
      192781200,
      200564162,
      196929652,
      173862636,
      123283452,
      50816154,
      14282052,
      1557090
   ],
   "Unweighted B(r)": [
      0.0008934204492683192,
      NaN,
      NaN,
      0.00151312017948607,
      NaN,
      NaN,
      0.002428001884757712,
      NaN,
      NaN,
      0.0031675966174969116,
      0.003548579694170632,
      0.004028916343666326,
      0.004543621094180679,
      0.005180390607787998,
      0.005705773332421229,
      0.006317590767483831,
      0.007089122514155161,
      0.007855091798265207,
      0.00859888007522796,
      0.009548116158539418,
      0.010669246753101892,
      0.01187483439848575,
      0.013096542541576888,
      0.014561801933653827,
      0.0161347541115898,
      0.017822493666774093,
      0.019694494901954497,
      0.021763903555286155,
      0.023936540703880165,
      0.02631632585025152,
      0.029013435882952025,
      0.031833083256663,
      0.03468672184070067,
      0.03763222663868426,
      0.04071004584208992,
      0.04389036522637012,
      0.04708033362617046,
      0.0502800392546754,
      0.053317158870440556,
      0.05542197790763459,
      0.05693191558569655,
      0.05780350000621182,
      0.05822192369033382,
      0.058886983656864816,
      0.060836889297373985,
      0.06908567750360775,
      0.07751786055612003,
      0.08344519637209018,
      0.08162713464768268,
      0.08282267291057108,
      0.14385047330141798
   ],
   "Weighted B(r)": [
      0.0008934204492683192,
      NaN,
      NaN,
      0.00151312017948607,
      NaN,
      NaN,
      0.002428001884757712,
      NaN,
      NaN,
      0.0031675966174969116,
      0.003548579694170632,
      0.004028916343666326,
      0.004543621094180679,
      0.005180390607787998,
      0.005705773332421229,
      0.006317590767483831,
      0.007089122514155161,
      0.007855091798265207,
      0.00859888007522796,
      0.009548116158539418,
      0.010669246753101892,
      0.01187483439848575,
      0.013096542541576888,
      0.014561801933653827,
      0.0161347541115898,
      0.017822493666774093,
      0.019694494901954497,
      0.021763903555286155,
      0.023936540703880165,
      0.02631632585025152,
      0.029013435882952025,
      0.031833083256663,
      0.03468672184070067,
      0.03763222663868426,
      0.04071004584208992,
      0.04389036522637012,
      0.04708033362617046,
      0.0502800392546754,
      0.053317158870440556,
      0.05542197790763459,
      0.05693191558569655,
      0.05780350000621182,
      0.05822192369033382,
      0.058886983656864816,
      0.060836889297373985,
      0.06908567750360775,
      0.07751786055612003,
      0.08344519637209018,
      0.08162713464768268,
      0.08282267291057108,
      0.14385047330141798
   ],
   "Unweighted sigma^2": 0.029100616016225496,
   "Apparent r0": 31.742078745839777
}