{
   "log10 r": [
      0.0,
      0.05,
      0.1,
      0.15000000000000002,
      0.2,
      0.25,
      0.30000000000000004,
      0.35000000000000003,
      0.4,
      0.45,
      0.5,
      0.55,
      0.6000000000000001,
      0.65,
      0.7000000000000001,
      0.75,
      0.8,
      0.8500000000000001,
      0.9,
      0.9500000000000001,
      1.0,
      1.05,
      1.1,
      1.1500000000000001,
      1.2000000000000002,
      1.25,
      1.3,
      1.35,
      1.4000000000000001,
      1.4500000000000002,
      1.5,
      1.55,
      1.6,
      1.6500000000000001,
      1.7000000000000002,
      1.75,
      1.8,
      1.85,
      1.9000000000000001,
      1.9500000000000002,
      2.0,
      2.0500000000000003,
      2.1,
      2.15,
      2.2,
      2.25,
      2.3000000000000003,
      2.35,
      2.4000000000000004,
      2.45,
      2.5
   ],
   "Sum dv^2": [
      1.1921936380961153,
      0.0,
      0.0,
      6.47975371204665,
      0.0,
      0.0,
      36.897818286330306,
      0.0,
      0.0,
      36.10349692569568,
      63.73615700940725,
      82.21723972570854,
      182.16051083813295,
      308.7162364816762,
      340.9742234660917,
      573.8343482105768,
      1268.642710265128,
      1330.389380244429,
      2299.9580808460414,
      3845.2439023351585,
      7120.756680829405,
      8957.953916606373,
      13721.869296336647,
      23499.215180025025,
      31661.037381124417,
      48808.20293577154,
      74722.25098552954,
      105825.2403715638,
      148372.3098942491,
      205888.83843978102,
      299204.1031343188,
      382524.63069394045,
      540321.8087261391,
      695902.7401532347,
      909191.6135125316,
      1148041.54839451,
      1419782.3346554025,
      1759946.220865281,
      2069896.5623159267,
      2429867.346223842,
      2866305.453376451,
      3297589.1259997245,
      3704882.4417143203,
      4054907.251803129,
      4534882.713265868,
      4849288.418005534,
      4717077.2495545,
      3488941.980992241,
      1254123.6259840638,
      412797.44399349013,
      67646.7122992673
   ],
   "Sum weights": [
      65280.0,
      0.0,
      0.0,
      130050.0,
      0.0,
      0.0,
      324104.0,
      0.0,
      0.0,
      193800.0,
      258060.0,
      257048.0,
      449570.0,
      575312.0,
      511036.0,
      700020.0,
      1203734.0,
      1007972.0,
      1445380.0,
      1937042.0,
      2859272.0,
      2897116.0,
      3674690.0,
      5155474.0,
      5773520.0,
      7491838.0,
      9701238.0,
      11757186.0,
      14320938.0,
      17540114.0,
      22734900.0,
      26303374.0,
      34062188.0,
      40733820.0,
      50149068.0,
      60431004.0,
      72289830.0,
      87731826.0,
      102476376.0,
      120332462.0,
      140368314.0,
      158782298.0,
      178392398.0,
      192781200.0,
      200564162.0,
      196929652.0,
      173862636.0,
      123283452.0,
      50816154.0,
      14282052.0,
      1557090.0
   ],
   "Sum w * dv^2": [
      1.1921936380961153,
      0.0,
      0.0,
      6.47975371204665,
      0.0,
      0.0,
      36.897818286330306,
      0.0,
      0.0,
      36.10349692569568,
      63.73615700940725,
      82.21723972570854,
      182.16051083813295,
      308.7162364816762,
      340.9742234660917,
      573.8343482105768,
      1268.642710265128,
      1330.389380244429,
      2299.9580808460414,
      3845.2439023351585,
      7120.756680829405,
      8957.953916606373,
      13721.869296336647,
      23499.215180025025,
      31661.037381124417,
      48808.20293577154,
      74722.25098552954,
      105825.2403715638,
      148372.3098942491,
      205888.83843978102,
      299204.1031343188,
      382524.63069394045,
      540321.8087261391,
      695902.7401532347,
      909191.6135125316,
      1148041.54839451,
      1419782.3346554025,
      1759946.220865281,
      2069896.5623159267,
      2429867.346223842,
      2866305.453376451,
      3297589.1259997245,
      3704882.4417143203,
      4054907.251803129,
      4534882.713265868,
      4849288.418005534,
      4717077.2495545,
      3488941.980992241,
      1254123.6259840638,
      412797.44399349013,
      67646.7122992673
   ],
   "N pairs": [
      65280,
      0,
      0,
      130050,
      0,
      0,
      324104,
      0,
      0,
      193800,
      258060,
      257048,
      449570,
      575312,
      511036,
      700020,
      1203734,
      1007972,
      1445380,
      1937042,
      2859272,
      2897116,
      3674690,
      5155474,
      5773520,
      7491838,
      9701238,
      11757186,
      14320938,
      17540114,
      22734900,
      26303374,
      34062188,
      40733820,
      50149068,
      60431004,
      72289830,
      87731826,
      102476376,
      120332462,
      140368314,
      158782298,
      178392398,
      192781200,
      200564162,
      196929652,
      173862636,
      123283452,
      50816154,
      14282052,
      1557090
   ],
   "Unweighted B(r)": [
      1.8262770191423336e-05,
      NaN,
      NaN,
      4.9825095825041524e-05,
      NaN,
      NaN,
      0.00011384561216871839,
      NaN,
      NaN,
      0.00018629255379615933,
      0.0002469819305952385,
      0.0003198516997825641,
      0.0004051883151414306,
      0.0005366066351504509,
      0.0006672215332502832,
      0.0008197399334455826,
      0.0010539228021017334,
      0.0013198673973527331,
      0.0015912480322448363,
      0.001985111268798074,
      0.0024904089855142864,
      0.00309202459156153,
      0.003734156975509947,
      0.004558109531737533,
      0.005483836096718192,
      0.006514850285840609,
      0.007702341802719358,
      0.009000898716033224,
      0.010360516182267467,
      0.011738169913820458,
      0.013160563852681067,
      0.014542797083520177,
      0.015862803902266617,
      0.017084151207847304,
      0.018129780866765692,
      0.018997558743099982,
      0.019640139348168374,
      0.020060521946337707,
      0.02019876817575913,
      0.02019294964831553,
      0.02041988944439734,
      0.02076798967854543,
      0.020768163235937442,
      0.021033727623871668,
      0.022610633265906538,
      0.024624470559697808,
      0.027131057932162608,
      0.028300164575147044,
      0.024679625026011686,
      0.02890323071176958,
      0.043444317476361224
   ],
   "Weighted B(r)": [
      1.8262770191423336e-05,
      NaN,
      NaN,
      4.9825095825041524e-05,
      NaN,
      NaN,
      0.00011384561216871839,
      NaN,
      NaN,
      0.00018629255379615933,
      0.0002469819305952385,
      0.0003198516997825641,
      0.0004051883151414306,
      0.0005366066351504509,
      0.0006672215332502832,
      0.0008197399334455826,
      0.0010539228021017334,
      0.0013198673973527331,
      0.0015912480322448363,
      0.001985111268798074,
      0.0024904089855142864,
      0.00309202459156153,
      0.003734156975509947,
      0.004558109531737533,
      0.005483836096718192,
      0.006514850285840609,
      0.007702341802719358,
      0.009000898716033224,
      0.010360516182267467,
      0.011738169913820458,
      0.013160563852681067,
      0.014542797083520177,
      0.015862803902266617,
      0.017084151207847304,
      0.018129780866765692,
      0.018997558743099982,
      0.019640139348168374,
      0.020060521946337707,
      0.02019876817575913,
      0.02019294964831553,
      0.02041988944439734,
      0.02076798967854543,
      0.020768163235937442,
      0.021033727623871668,
      0.022610633265906538,
      0.024624470559697808,
      0.027131057932162608,
      0.028300164575147044,
      0.024679625026011686,
      0.02890323071176958,
      0.043444317476361224
   ],
   "Unweighted sigma^2": 0.01065365898921562,
   "Apparent r0": 25.771040128220097
}