{
   "log10 r": [
      0.0,
      0.05,
      0.1,
      0.15000000000000002,
      0.2,
      0.25,
      0.30000000000000004,
      0.35000000000000003,
      0.4,
      0.45,
      0.5,
      0.55,
      0.6000000000000001,
      0.65,
      0.7000000000000001,
      0.75,
      0.8,
      0.8500000000000001,
      0.9,
      0.9500000000000001,
      1.0,
      1.05,
      1.1,
      1.1500000000000001,
      1.2000000000000002,
      1.25,
      1.3,
      1.35,
      1.4000000000000001,
      1.4500000000000002,
      1.5,
      1.55,
      1.6,
      1.6500000000000001,
      1.7000000000000002,
      1.75,
      1.8,
      1.85,
      1.9000000000000001,
      1.9500000000000002,
      2.0,
      2.0500000000000003,
      2.1,
      2.15,
      2.2,
      2.25,
      2.3000000000000003,
      2.35,
      2.4000000000000004,
      2.45,
      2.5
   ],
   "Sum dv^2": [
      961.8860172713999,
      0.0,
      0.0,
      3347.1708597974584,
      0.0,
      0.0,
      13161.158622495217,
      0.0,
      0.0,
      10045.722624560085,
      14981.952701066715,
      16629.14347614349,
      32165.192666555,
      45802.720085103,
      44187.23347503835,
      65202.849018299894,
      122121.48188166723,
      109930.04378020814,
      167780.78328993858,
      240659.21551584618,
      380256.7982659445,
      409129.3606307873,
      548158.5715326949,
      812469.407817122,
      959553.03607006,
      1303633.3654064732,
      1767763.654978287,
      2232295.9852875145,
      2817642.9130718014,
      3556353.409114811,
      4717665.122058287,
      5586120.8270915225,
      7389007.265938373,
      8922541.09418513,
      10931228.056335116,
      12970885.152561706,
      15264012.598587032,
      18297387.717044637,
      21278148.816320885,
      25019436.70743222,
      28879316.625582032,
      31659429.386875253,
      35611928.37394894,
      39859442.25393822,
      42328130.39898138,
      41611940.21442831,
      38036838.1811779,
      25812405.55858011,
      10119440.992355797,
      2773351.7604766907,
      368212.0385853454
   ],
   "Sum weights": [
      65280.0,
      0.0,
      0.0,
      130050.0,
      0.0,
      0.0,
      324104.0,
      0.0,
      0.0,
      193800.0,
      258060.0,
      257048.0,
      449570.0,
      575312.0,
      511036.0,
      700020.0,
      1203734.0,
      1007972.0,
      1445380.0,
      1937042.0,
      2859272.0,
      2897116.0,
      3674690.0,
      5155474.0,
      5773520.0,
      7491838.0,
      9701238.0,
      11757186.0,
      14320938.0,
      17540114.0,
      22734900.0,
      26303374.0,
      34062188.0,
      40733820.0,
      50149068.0,
      60431004.0,
      72289830.0,
      87731826.0,
      102476376.0,
      120332462.0,
      140368314.0,
      158782298.0,
      178392398.0,
      192781200.0,
      200564162.0,
      196929652.0,
      173862636.0,
      123283452.0,
      50816154.0,
      14282052.0,
      1557090.0
   ],
   "Sum w * dv^2": [
      961.8860172713999,
      0.0,
      0.0,
      3347.1708597974584,
      0.0,
      0.0,
      13161.158622495217,
      0.0,
      0.0,
      10045.722624560085,
      14981.952701066715,
      16629.14347614349,
      32165.192666555,
      45802.720085103,
      44187.23347503835,
      65202.849018299894,
      122121.48188166723,
      109930.04378020814,
      167780.78328993858,
      240659.21551584618,
      380256.7982659445,
      409129.3606307873,
      548158.5715326949,
      812469.407817122,
      959553.03607006,
      1303633.3654064732,
      1767763.654978287,
      2232295.9852875145,
      2817642.9130718014,
      3556353.409114811,
      4717665.122058287,
      5586120.8270915225,
      7389007.265938373,
      8922541.09418513,
      10931228.056335116,
      12970885.152561706,
      15264012.598587032,
      18297387.717044637,
      21278148.816320885,
      25019436.70743222,
      28879316.625582032,
      31659429.386875253,
      35611928.37394894,
      39859442.25393822,
      42328130.39898138,
      41611940.21442831,
      38036838.1811779,
      25812405.55858011,
      10119440.992355797,
      2773351.7604766907,
      368212.0385853454
   ],
   "N pairs": [
      65280,
      0,
      0,
      130050,
      0,
      0,
      324104,
      0,
      0,
      193800,
      258060,
      257048,
      449570,
      575312,
      511036,
      700020,
      1203734,
      1007972,
      1445380,
      1937042,
      2859272,
      2897116,
      3674690,
      5155474,
      5773520,
      7491838,
      9701238,
      11757186,
      14320938,
      17540114,
      22734900,
      26303374,
      34062188,
      40733820,
      50149068,
      60431004,
      72289830,
      87731826,
      102476376,
      120332462,
      140368314,
      158782298,
      178392398,
      192781200,
      200564162,
      196929652,
      173862636,
      123283452,
      50816154,
      14282052,
      1557090
   ],
   "Unweighted B(r)": [
      0.014734773548887865,
      NaN,
      NaN,
      0.025737569087254584,
      NaN,
      NaN,
      0.04060782533537142,
      NaN,
      NaN,
      0.05183551405861757,
      0.05805608269808074,
      0.06469275573489577,
      0.07154657265065507,
      0.07961370540698438,
      0.08646598962702892,
      0.09314426590425973,
      0.10145221608899245,
      0.10906061257674632,
      0.11608074228918248,
      0.12424057687744829,
      0.13299077466779813,
      0.14121953026071007,
      0.14917137813875317,
      0.1575935418968502,
      0.16619896286322036,
      0.17400714823338054,
      0.18222041918549847,
      0.18986651953005715,
      0.19674988559211704,
      0.20275543301000273,
      0.20750762581134236,
      0.21237278636160983,
      0.21692697092560154,
      0.21904503663504013,
      0.21797470007488706,
      0.21463957727000044,
      0.21115020741627186,
      0.20856043412392483,
      0.20763955212780832,
      0.20791926211425993,
      0.2057395704388245,
      0.19938891038644152,
      0.1996269391140139,
      0.20676000696093924,
      0.2110453332085389,
      0.21130357867299898,
      0.21877523001076493,
      0.2093744548828833,
      0.19913826993589082,
      0.1941844043472668,
      0.23647447391309775
   ],
   "Weighted B(r)": [
      0.014734773548887865,
      NaN,
      NaN,
      0.025737569087254584,
      NaN,
      NaN,
      0.04060782533537142,
      NaN,
      NaN,
      0.05183551405861757,
      0.05805608269808074,
      0.06469275573489577,
      0.07154657265065507,
      0.07961370540698438,
      0.08646598962702892,
      0.09314426590425973,
      0.10145221608899245,
      0.10906061257674632,
      0.11608074228918248,
      0.12424057687744829,
      0.13299077466779813,
      0.14121953026071007,
      0.14917137813875317,
      0.1575935418968502,
      0.16619896286322036,
      0.17400714823338054,
      0.18222041918549847,
      0.18986651953005715,
      0.19674988559211704,
      0.20275543301000273,
      0.20750762581134236,
      0.21237278636160983,
      0.21692697092560154,
      0.21904503663504013,
      0.21797470007488706,
      0.21463957727000044,
      0.21115020741627186,
      0.20856043412392483,
      0.20763955212780832,
      0.20791926211425993,
      0.2057395704388245,
      0.19938891038644152,
      0.1996269391140139,
      0.20676000696093924,
      0.2110453332085389,
      0.21130357867299898,
      0.21877523001076493,
      0.2093744548828833,
      0.19913826993589082,
      0.1941844043472668,
      0.23647447391309775
   ],
   "Unweighted sigma^2": 0.10355833997473214,
   "Apparent r0": 6.52268956259169
}