{
   "log10 r": [
      0.0,
      0.05,
      0.1,
      0.15000000000000002,
      0.2,
      0.25,
      0.30000000000000004,
      0.35000000000000003,
      0.4,
      0.45,
      0.5,
      0.55,
      0.6000000000000001,
      0.65,
      0.7000000000000001,
      0.75,
      0.8,
      0.8500000000000001,
      0.9,
      0.9500000000000001,
      1.0,
      1.05,
      1.1,
      1.1500000000000001,
      1.2000000000000002,
      1.25,
      1.3,
      1.35,
      1.4000000000000001,
      1.4500000000000002,
      1.5,
      1.55,
      1.6,
      1.6500000000000001,
      1.7000000000000002,
      1.75,
      1.8,
      1.85,
      1.9000000000000001,
      1.9500000000000002,
      2.0,
      2.0500000000000003,
      2.1,
      2.15,
      2.2,
      2.25,
      2.3000000000000003,
      2.35,
      2.4000000000000004,
      2.45,
      2.5
   ],
   "Sum dv^2": [
      1.3740575970916298,
      0.0,
      0.0,
      8.538341834406237,
      0.0,
      0.0,
      47.90464698825482,
      0.0,
      0.0,
      45.94958863492413,
      84.22968482076175,
      108.83605555525845,
      238.0809114471398,
      404.74816875910653,
      452.2511357795881,
      755.4518147119761,
      1679.0514142333805,
      1774.6932145851003,
      3058.505964290354,
      5130.07887977539,
      9505.35315728603,
      12024.592386452448,
      18442.410078233683,
      31785.517290360247,
      42931.4132782011,
      66542.05290559944,
      102286.75162281444,
      145831.1467375804,
      205627.85803327218,
      287367.08270099404,
      420434.1915058033,
      541048.861519051,
      767655.6854928365,
      990826.9281948896,
      1294122.1207138665,
      1618691.5806152653,
      1965960.981367553,
      2375999.158117513,
      2732927.183353123,
      3149942.0414073654,
      3640365.617225038,
      4243452.81111321,
      5223526.907986181,
      6336615.508808644,
      6912697.071251583,
      6039741.81342248,
      4539113.078862991,
      3307433.0336451633,
      1656710.2347473376,
      557419.4097128495,
      72369.09769344593
   ],
   "Sum weights": [
      65280.0,
      0.0,
      0.0,
      130050.0,
      0.0,
      0.0,
      324104.0,
      0.0,
      0.0,
      193800.0,
      258060.0,
      257048.0,
      449570.0,
      575312.0,
      511036.0,
      700020.0,
      1203734.0,
      1007972.0,
      1445380.0,
      1937042.0,
      2859272.0,
      2897116.0,
      3674690.0,
      5155474.0,
      5773520.0,
      7491838.0,
      9701238.0,
      11757186.0,
      14320938.0,
      17540114.0,
      22734900.0,
      26303374.0,
      34062188.0,
      40733820.0,
      50149068.0,
      60431004.0,
      72289830.0,
      87731826.0,
      102476376.0,
      120332462.0,
      140368314.0,
      158782298.0,
      178392398.0,
      192781200.0,
      200564162.0,
      196929652.0,
      173862636.0,
      123283452.0,
      50816154.0,
      14282052.0,
      1557090.0
   ],
   "Sum w * dv^2": [
      1.3740575970916298,
      0.0,
      0.0,
      8.538341834406237,
      0.0,
      0.0,
      47.90464698825482,
      0.0,
      0.0,
      45.94958863492413,
      84.22968482076175,
      108.83605555525845,
      238.0809114471398,
      404.74816875910653,
      452.2511357795881,
      755.4518147119761,
      1679.0514142333805,
      1774.6932145851003,
      3058.505964290354,
      5130.07887977539,
      9505.35315728603,
      12024.592386452448,
      18442.410078233683,
      31785.517290360247,
      42931.4132782011,
      66542.05290559944,
      102286.75162281444,
      145831.1467375804,
      205627.85803327218,
      287367.08270099404,
      420434.1915058033,
      541048.861519051,
      767655.6854928365,
      990826.9281948896,
      1294122.1207138665,
      1618691.5806152653,
      1965960.981367553,
      2375999.158117513,
      2732927.183353123,
      3149942.0414073654,
      3640365.617225038,
      4243452.81111321,
      5223526.907986181,
      6336615.508808644,
      6912697.071251583,
      6039741.81342248,
      4539113.078862991,
      3307433.0336451633,
      1656710.2347473376,
      557419.4097128495,
      72369.09769344593
   ],
   "N pairs": [
      65280,
      0,
      0,
      130050,
      0,
      0,
      324104,
      0,
      0,
      193800,
      258060,
      257048,
      449570,
      575312,
      511036,
      700020,
      1203734,
      1007972,
      1445380,
      1937042,
      2859272,
      2897116,
      3674690,
      5155474,
      5773520,
      7491838,
      9701238,
      11757186,
      14320938,
      17540114,
      22734900,
      26303374,
      34062188,
      40733820,
      50149068,
      60431004,
      72289830,
      87731826,
      102476376,
      120332462,
      140368314,
      158782298,
      178392398,
      192781200,
      200564162,
      196929652,
      173862636,
      123283452,
      50816154,
      14282052,
      1557090
   ],
   "Unweighted B(r)": [
      2.1048676426035995e-05,
      NaN,
      NaN,
      6.565430091815638e-05,
      NaN,
      NaN,
      0.0001478064046980439,
      NaN,
      NaN,
      0.00023709798057236394,
      0.00032639574060591237,
      0.0004234075174880118,
      0.0005295747301802608,
      0.0007035281182368985,
      0.0008849692306991838,
      0.0010791860442729867,
      0.0013948691440412752,
      0.0017606572549486498,
      0.0021160566524307477,
      0.002648408697269027,
      0.0033243962649534674,
      0.004150538807024796,
      0.005018766230140143,
      0.006165391832130323,
      0.007435916612084327,
      0.008881939639591704,
      0.010543680262541176,
      0.012403575714255127,
      0.014358546767905298,
      0.01638342160723665,
      0.0184928982096162,
      0.02056956120986802,
      0.022536887104634515,
      0.024324429385579098,
      0.025805506908201496,
      0.026785780037929956,
      0.02719554024912706,
      0.02708252257416269,
      0.026668850812533836,
      0.026176993215740615,
      0.025934383006303244,
      0.026724974159986085,
      0.02928110707938452,
      0.03286946812660489,
      0.03446626257811494,
      0.030669539869102494,
      0.026107467270098165,
      0.026827874949876998,
      0.03260203900411939,
      0.03902936424771801,
      0.046477144990620924
   ],
   "Weighted B(r)": [
      2.1048676426035995e-05,
      NaN,
      NaN,
      6.565430091815638e-05,
      NaN,
      NaN,
      0.0001478064046980439,
      NaN,
      NaN,
      0.00023709798057236394,
      0.00032639574060591237,
      0.0004234075174880118,
      0.0005295747301802608,
      0.0007035281182368985,
      0.0008849692306991838,
      0.0010791860442729867,
      0.0013948691440412752,
      0.0017606572549486498,
      0.0021160566524307477,
      0.002648408697269027,
      0.0033243962649534674,
      0.004150538807024796,
      0.005018766230140143,
      0.006165391832130323,
      0.007435916612084327,
      0.008881939639591704,
      0.010543680262541176,
      0.012403575714255127,
      0.014358546767905298,
      0.01638342160723665,
      0.0184928982096162,
      0.02056956120986802,
      0.022536887104634515,
      0.024324429385579098,
      0.025805506908201496,
      0.026785780037929956,
      0.02719554024912706,
      0.02708252257416269,
      0.026668850812533836,
      0.026176993215740615,
      0.025934383006303244,
      0.026724974159986085,
      0.02928110707938452,
      0.03286946812660489,
      0.03446626257811494,
      0.030669539869102494,
      0.026107467270098165,
      0.026827874949876998,
      0.03260203900411939,
      0.03902936424771801,
      0.046477144990620924
   ],
   "Unweighted sigma^2": 0.01386366969480963,
   "Apparent r0": 24.427379700069523
}