{
   "log10 r": [
      0.0,
      0.05,
      0.1,
      0.15000000000000002,
      0.2,
      0.25,
      0.30000000000000004,
      0.35000000000000003,
      0.4,
      0.45,
      0.5,
      0.55,
      0.6000000000000001,
      0.65,
      0.7000000000000001,
      0.75,
      0.8,
      0.8500000000000001,
      0.9,
      0.9500000000000001,
      1.0,
      1.05,
      1.1,
      1.1500000000000001,
      1.2000000000000002,
      1.25,
      1.3,
      1.35,
      1.4000000000000001,
      1.4500000000000002,
      1.5,
      1.55,
      1.6,
      1.6500000000000001,
      1.7000000000000002,
      1.75,
      1.8,
      1.85,
      1.9000000000000001,
      1.9500000000000002,
      2.0,
      2.0500000000000003,
      2.1,
      2.15,
      2.2,
      2.25,
      2.3000000000000003,
      2.35,
      2.4000000000000004,
      2.45,
      2.5
   ],
   "Sum dv^2": [
      626.4095571908967,
      0.0,
      0.0,
      2237.3378451538647,
      0.0,
      0.0,
      8996.68824868755,
      0.0,
      0.0,
      6966.696218104281,
      10494.011036309374,
      11804.52557383665,
      22896.594338341725,
      33002.85987470763,
      32149.8632338902,
      47780.235016637955,
      90520.65710357136,
      82641.14584299241,
      126889.61871248619,
      184516.08699378415,
      295933.00205572235,
      324386.6659436127,
      439511.64750659186,
      661098.6014750019,
      788171.1878798697,
      1086636.4867993603,
      1494429.6884183625,
      1928259.7975411448,
      2491594.5993650695,
      3228067.2657403653,
      4409497.574756428,
      5343218.530444934,
      7238473.401135195,
      9076829.686251825,
      11690667.218993478,
      14654936.007398484,
      18183395.064506106,
      22898163.878456496,
      27842994.975678835,
      33832668.34811733,
      40751768.37849793,
      48163301.013223395,
      57703744.6808253,
      67196402.8838823,
      72932101.20579067,
      76375756.7066137,
      68842059.31179711,
      49257135.50376271,
      19806407.526820276,
      4874635.507514636,
      455553.90236343234
   ],
   "Sum weights": [
      65280.0,
      0.0,
      0.0,
      130050.0,
      0.0,
      0.0,
      324104.0,
      0.0,
      0.0,
      193800.0,
      258060.0,
      257048.0,
      449570.0,
      575312.0,
      511036.0,
      700020.0,
      1203734.0,
      1007972.0,
      1445380.0,
      1937042.0,
      2859272.0,
      2897116.0,
      3674690.0,
      5155474.0,
      5773520.0,
      7491838.0,
      9701238.0,
      11757186.0,
      14320938.0,
      17540114.0,
      22734900.0,
      26303374.0,
      34062188.0,
      40733820.0,
      50149068.0,
      60431004.0,
      72289830.0,
      87731826.0,
      102476376.0,
      120332462.0,
      140368314.0,
      158782298.0,
      178392398.0,
      192781200.0,
      200564162.0,
      196929652.0,
      173862636.0,
      123283452.0,
      50816154.0,
      14282052.0,
      1557090.0
   ],
   "Sum w * dv^2": [
      626.4095571908967,
      0.0,
      0.0,
      2237.3378451538647,
      0.0,
      0.0,
      8996.68824868755,
      0.0,
      0.0,
      6966.696218104281,
      10494.011036309374,
      11804.52557383665,
      22896.594338341725,
      33002.85987470763,
      32149.8632338902,
      47780.235016637955,
      90520.65710357136,
      82641.14584299241,
      126889.61871248619,
      184516.08699378415,
      295933.00205572235,
      324386.6659436127,
      439511.64750659186,
      661098.6014750019,
      788171.1878798697,
      1086636.4867993603,
      1494429.6884183625,
      1928259.7975411448,
      2491594.5993650695,
      3228067.2657403653,
      4409497.574756428,
      5343218.530444934,
      7238473.401135195,
      9076829.686251825,
      11690667.218993478,
      14654936.007398484,
      18183395.064506106,
      22898163.878456496,
      27842994.975678835,
      33832668.34811733,
      40751768.37849793,
      48163301.013223395,
      57703744.6808253,
      67196402.8838823,
      72932101.20579067,
      76375756.7066137,
      68842059.31179711,
      49257135.50376271,
      19806407.526820276,
      4874635.507514636,
      455553.90236343234
   ],
   "N pairs": [
      65280,
      0,
      0,
      130050,
      0,
      0,
      324104,
      0,
      0,
      193800,
      258060,
      257048,
      449570,
      575312,
      511036,
      700020,
      1203734,
      1007972,
      1445380,
      1937042,
      2859272,
      2897116,
      3674690,
      5155474,
      5773520,
      7491838,
      9701238,
      11757186,
      14320938,
      17540114,
      22734900,
      26303374,
      34062188,
      40733820,
      50149068,
      60431004,
      72289830,
      87731826,
      102476376,
      120332462,
      140368314,
      158782298,
      178392398,
      192781200,
      200564162,
      196929652,
      173862636,
      123283452,
      50816154,
      14282052,
      1557090
   ],
   "Unweighted B(r)": [
      0.009595734638340942,
      NaN,
      NaN,
      0.017203674318753286,
      NaN,
      NaN,
      0.027758646140397986,
      NaN,
      NaN,
      0.03594786490249887,
      0.04066500440327588,
      0.04592342898539047,
      0.05092998718406861,
      0.05736515121309417,
      0.06291115153118411,
      0.06825552843724172,
      0.07519988394742638,
      0.08198754116482641,
      0.08778979833157106,
      0.09525662685361709,
      0.10349942294952084,
      0.11196882207809859,
      0.11960509526153006,
      0.12823236068594313,
      0.13651484499575126,
      0.14504271005317523,
      0.15404525571049413,
      0.16400691437059384,
      0.1739826399196107,
      0.1840391268688656,
      0.19395280272868706,
      0.20313814229478447,
      0.21250758762576247,
      0.22283276369002036,
      0.23311833470152382,
      0.24250690932420194,
      0.25153462201399707,
      0.26100179287795167,
      0.27170159662631743,
      0.28115994458849625,
      0.2903202811034542,
      0.30332915960961465,
      0.32346526717369034,
      0.34856304911413716,
      0.36363476145748647,
      0.38783269015584154,
      0.3959566062934713,
      0.39954377253942164,
      0.38976596943602376,
      0.34131198426631104,
      0.29256748316631176
   ],
   "Weighted B(r)": [
      0.009595734638340942,
      NaN,
      NaN,
      0.017203674318753286,
      NaN,
      NaN,
      0.027758646140397986,
      NaN,
      NaN,
      0.03594786490249887,
      0.04066500440327588,
      0.04592342898539047,
      0.05092998718406861,
      0.05736515121309417,
      0.06291115153118411,
      0.06825552843724172,
      0.07519988394742638,
      0.08198754116482641,
      0.08778979833157106,
      0.09525662685361709,
      0.10349942294952084,
      0.11196882207809859,
      0.11960509526153006,
      0.12823236068594313,
      0.13651484499575126,
      0.14504271005317523,
      0.15404525571049413,
      0.16400691437059384,
      0.1739826399196107,
      0.1840391268688656,
      0.19395280272868706,
      0.20313814229478447,
      0.21250758762576247,
      0.22283276369002036,
      0.23311833470152382,
      0.24250690932420194,
      0.25153462201399707,
      0.26100179287795167,
      0.27170159662631743,
      0.28115994458849625,
      0.2903202811034542,
      0.30332915960961465,
      0.32346526717369034,
      0.34856304911413716,
      0.36363476145748647,
      0.38783269015584154,
      0.3959566062934713,
      0.39954377253942164,
      0.38976596943602376,
      0.34131198426631104,
      0.29256748316631176
   ],
   "Unweighted sigma^2": 0.15771455304834722,
   "Apparent r0": 20.849384265273343
}