{
   "log10 r": [
      0.0,
      0.05,
      0.1,
      0.15000000000000002,
      0.2,
      0.25,
      0.30000000000000004,
      0.35000000000000003,
      0.4,
      0.45,
      0.5,
      0.55,
      0.6000000000000001,
      0.65,
      0.7000000000000001,
      0.75,
      0.8,
      0.8500000000000001,
      0.9,
      0.9500000000000001,
      1.0,
      1.05,
      1.1,
      1.1500000000000001,
      1.2000000000000002,
      1.25,
      1.3,
      1.35,
      1.4000000000000001,
      1.4500000000000002,
      1.5,
      1.55,
      1.6,
      1.6500000000000001,
      1.7000000000000002,
      1.75,
      1.8,
      1.85,
      1.9000000000000001,
      1.9500000000000002,
      2.0,
      2.0500000000000003,
      2.1,
      2.15,
      2.2,
      2.25,
      2.3000000000000003,
      2.35,
      2.4000000000000004,
      2.45,
      2.5
   ],
   "Sum dv^2": [
      26.08545772696825,
      0.0,
      0.0,
      133.62296371816393,
      0.0,
      0.0,
      761.3667229876005,
      0.0,
      0.0,
      746.2354999655453,
      1288.0177286374517,
      1649.3549684570544,
      3638.2198249224884,
      6077.802386415949,
      6588.707925420958,
      10947.704842612718,
      23579.788401130594,
      24042.92813527418,
      40444.88735715356,
      65007.62027221242,
      114592.53860667461,
      136516.65416747687,
      197652.49734964577,
      316481.3746578119,
      397344.71827041707,
      570366.2518052992,
      809380.05598505,
      1062663.9098501052,
      1381034.5541255337,
      1774854.8443409912,
      2373790.9147032923,
      2788983.237100003,
      3627823.4290623693,
      4319268.882231518,
      5239655.738745426,
      6158268.0194540955,
      7177960.697492988,
      8667155.484644065,
      10209850.526148649,
      12122320.853432262,
      14589220.564666912,
      17073819.698682852,
      18801568.919131298,
      19095547.764841653,
      20508719.05019676,
      22330375.98969447,
      18613601.721618734,
      12866591.05460057,
      5957620.323734982,
      1601619.0459325046,
      120597.37496753594
   ],
   "Sum weights": [
      65280.0,
      0.0,
      0.0,
      130050.0,
      0.0,
      0.0,
      324104.0,
      0.0,
      0.0,
      193800.0,
      258060.0,
      257048.0,
      449570.0,
      575312.0,
      511036.0,
      700020.0,
      1203734.0,
      1007972.0,
      1445380.0,
      1937042.0,
      2859272.0,
      2897116.0,
      3674690.0,
      5155474.0,
      5773520.0,
      7491838.0,
      9701238.0,
      11757186.0,
      14320938.0,
      17540114.0,
      22734900.0,
      26303374.0,
      34062188.0,
      40733820.0,
      50149068.0,
      60431004.0,
      72289830.0,
      87731826.0,
      102476376.0,
      120332462.0,
      140368314.0,
      158782298.0,
      178392398.0,
      192781200.0,
      200564162.0,
      196929652.0,
      173862636.0,
      123283452.0,
      50816154.0,
      14282052.0,
      1557090.0
   ],
   "Sum w * dv^2": [
      26.08545772696825,
      0.0,
      0.0,
      133.62296371816393,
      0.0,
      0.0,
      761.3667229876005,
      0.0,
      0.0,
      746.2354999655453,
      1288.0177286374517,
      1649.3549684570544,
      3638.2198249224884,
      6077.802386415949,
      6588.707925420958,
      10947.704842612718,
      23579.788401130594,
      24042.92813527418,
      40444.88735715356,
      65007.62027221242,
      114592.53860667461,
      136516.65416747687,
      197652.49734964577,
      316481.3746578119,
      397344.71827041707,
      570366.2518052992,
      809380.05598505,
      1062663.9098501052,
      1381034.5541255337,
      1774854.8443409912,
      2373790.9147032923,
      2788983.237100003,
      3627823.4290623693,
      4319268.882231518,
      5239655.738745426,
      6158268.0194540955,
      7177960.697492988,
      8667155.484644065,
      10209850.526148649,
      12122320.853432262,
      14589220.564666912,
      17073819.698682852,
      18801568.919131298,
      19095547.764841653,
      20508719.05019676,
      22330375.98969447,
      18613601.721618734,
      12866591.05460057,
      5957620.323734982,
      1601619.0459325046,
      120597.37496753594
   ],
   "N pairs": [
      65280,
      0,
      0,
      130050,
      0,
      0,
      324104,
      0,
      0,
      193800,
      258060,
      257048,
      449570,
      575312,
      511036,
      700020,
      1203734,
      1007972,
      1445380,
      1937042,
      2859272,
      2897116,
      3674690,
      5155474,
      5773520,
      7491838,
      9701238,
      11757186,
      14320938,
      17540114,
      22734900,
      26303374,
      34062188,
      40733820,
      50149068,
      60431004,
      72289830,
      87731826,
      102476376,
      120332462,
      140368314,
      158782298,
      178392398,
      192781200,
      200564162,
      196929652,
      173862636,
      123283452,
      50816154,
      14282052,
      1557090
   ],
   "Unweighted B(r)": [
      0.00039959340880772444,
      NaN,
      NaN,
      0.0010274737694591614,
      NaN,
      NaN,
      0.0023491432471910265,
      NaN,
      NaN,
      0.00385054437546721,
      0.00499115604370089,
      0.006416525195516224,
      0.008092665936166756,
      0.010564358793864805,
      0.012892844976520164,
      0.015639131514260617,
      0.019588869634928143,
      0.023852773822362307,
      0.027982182787331746,
      0.033560253351353465,
      0.04007752274238849,
      0.047121569922459736,
      0.05378752965546638,
      0.06138744461863485,
      0.06882191769846074,
      0.076131685149265,
      0.08343059473286296,
      0.09038420501726392,
      0.09643464374509084,
      0.10118833003827633,
      0.10441175966040284,
      0.10603138734597328,
      0.10650588356397919,
      0.10603643071608598,
      0.10448161745987833,
      0.10190577041304982,
      0.09929419805653143,
      0.09879146348377685,
      0.09963126063463298,
      0.10074023793706026,
      0.10393528388940336,
      0.10752974301129495,
      0.10539445138873742,
      0.09905295622623811,
      0.10225515289315126,
      0.11339265449823914,
      0.1070592402706855,
      0.10436592134523107,
      0.11723870963817887,
      0.11214208195940643,
      0.07745048453688351
   ],
   "Weighted B(r)": [
      0.00039959340880772444,
      NaN,
      NaN,
      0.0010274737694591614,
      NaN,
      NaN,
      0.0023491432471910265,
      NaN,
      NaN,
      0.00385054437546721,
      0.00499115604370089,
      0.006416525195516224,
      0.008092665936166756,
      0.010564358793864805,
      0.012892844976520164,
      0.015639131514260617,
      0.019588869634928143,
      0.023852773822362307,
      0.027982182787331746,
      0.033560253351353465,
      0.04007752274238849,
      0.047121569922459736,
      0.05378752965546638,
      0.06138744461863485,
      0.06882191769846074,
      0.076131685149265,
      0.08343059473286296,
      0.09038420501726392,
      0.09643464374509084,
      0.10118833003827633,
      0.10441175966040284,
      0.10603138734597328,
      0.10650588356397919,
      0.10603643071608598,
      0.10448161745987833,
      0.10190577041304982,
      0.09929419805653143,
      0.09879146348377685,
      0.09963126063463298,
      0.10074023793706026,
      0.10393528388940336,
      0.10752974301129495,
      0.10539445138873742,
      0.09905295622623811,
      0.10225515289315126,
      0.11339265449823914,
      0.1070592402706855,
      0.10436592134523107,
      0.11723870963817887,
      0.11214208195940643,
      0.07745048453688351
   ],
   "Unweighted sigma^2": 0.05169121137771394,
   "Apparent r0": 12.158707626757074
}