{
   "log10 r": [
      0.0,
      0.05,
      0.1,
      0.15000000000000002,
      0.2,
      0.25,
      0.30000000000000004,
      0.35000000000000003,
      0.4,
      0.45,
      0.5,
      0.55,
      0.6000000000000001,
      0.65,
      0.7000000000000001,
      0.75,
      0.8,
      0.8500000000000001,
      0.9,
      0.9500000000000001,
      1.0,
      1.05,
      1.1,
      1.1500000000000001,
      1.2000000000000002,
      1.25,
      1.3,
      1.35,
      1.4000000000000001,
      1.4500000000000002,
      1.5,
      1.55,
      1.6,
      1.6500000000000001,
      1.7000000000000002,
      1.75,
      1.8,
      1.85,
      1.9000000000000001,
      1.9500000000000002,
      2.0,
      2.0500000000000003,
      2.1,
      2.15,
      2.2,
      2.25,
      2.3000000000000003,
      2.35,
      2.4000000000000004,
      2.45,
      2.5
   ],
   "Sum dv^2": [
      0.035787178015960305,
      0.0,
      0.0,
      0.2813544567043522,
      0.0,
      0.0,
      1.5440767344984552,
      0.0,
      0.0,
      1.4356924572668992,
      2.792444264214926,
      3.612192651707737,
      7.783554437069837,
      13.298926488550004,
      15.192547607660162,
      25.170828267224284,
      56.65624474729601,
      60.81586421284353,
      105.30409645346681,
      179.2507035368649,
      337.739262622299,
      437.3919937211684,
      686.2046550476053,
      1223.3976496355658,
      1713.6364756577393,
      2775.0684525472284,
      4498.32998719039,
      6826.385805047187,
      10330.068900686192,
      15613.453317710291,
      24983.816336113676,
      35430.72927628607,
      55934.289284071885,
      81158.35492927526,
      120183.40054060647,
      172660.96341489113,
      243567.43847059997,
      345077.5161849747,
      464429.06415554904,
      618825.481932753,
      808747.2761737437,
      1004395.5256852607,
      1216077.0384108862,
      1374709.6448286385,
      1439919.1978210912,
      1347447.5492296214,
      1056090.4562768242,
      635611.6775428065,
      228467.66591221342,
      83889.05378871258,
      11454.053735775296
   ],
   "Sum weights": [
      65280.0,
      0.0,
      0.0,
      130050.0,
      0.0,
      0.0,
      324104.0,
      0.0,
      0.0,
      193800.0,
      258060.0,
      257048.0,
      449570.0,
      575312.0,
      511036.0,
      700020.0,
      1203734.0,
      1007972.0,
      1445380.0,
      1937042.0,
      2859272.0,
      2897116.0,
      3674690.0,
      5155474.0,
      5773520.0,
      7491838.0,
      9701238.0,
      11757186.0,
      14320938.0,
      17540114.0,
      22734900.0,
      26303374.0,
      34062188.0,
      40733820.0,
      50149068.0,
      60431004.0,
      72289830.0,
      87731826.0,
      102476376.0,
      120332462.0,
      140368314.0,
      158782298.0,
      178392398.0,
      192781200.0,
      200564162.0,
      196929652.0,
      173862636.0,
      123283452.0,
      50816154.0,
      14282052.0,
      1557090.0
   ],
   "Sum w * dv^2": [
      0.035787178015960305,
      0.0,
      0.0,
      0.2813544567043522,
      0.0,
      0.0,
      1.5440767344984552,
      0.0,
      0.0,
      1.4356924572668992,
      2.792444264214926,
      3.612192651707737,
      7.783554437069837,
      13.298926488550004,
      15.192547607660162,
      25.170828267224284,
      56.65624474729601,
      60.81586421284353,
      105.30409645346681,
      179.2507035368649,
      337.739262622299,
      437.3919937211684,
      686.2046550476053,
      1223.3976496355658,
      1713.6364756577393,
      2775.0684525472284,
      4498.32998719039,
      6826.385805047187,
      10330.068900686192,
      15613.453317710291,
      24983.816336113676,
      35430.72927628607,
      55934.289284071885,
      81158.35492927526,
      120183.40054060647,
      172660.96341489113,
      243567.43847059997,
      345077.5161849747,
      464429.06415554904,
      618825.481932753,
      808747.2761737437,
      1004395.5256852607,
      1216077.0384108862,
      1374709.6448286385,
      1439919.1978210912,
      1347447.5492296214,
      1056090.4562768242,
      635611.6775428065,
      228467.66591221342,
      83889.05378871258,
      11454.053735775296
   ],
   "N pairs": [
      65280,
      0,
      0,
      130050,
      0,
      0,
      324104,
      0,
      0,
      193800,
      258060,
      257048,
      449570,
      575312,
      511036,
      700020,
      1203734,
      1007972,
      1445380,
      1937042,
      2859272,
      2897116,
      3674690,
      5155474,
      5773520,
      7491838,
      9701238,
      11757186,
      14320938,
      17540114,
      22734900,
      26303374,
      34062188,
      40733820,
      50149068,
      60431004,
      72289830,
      87731826,
      102476376,
      120332462,
      140368314,
      158782298,
      178392398,
      192781200,
      200564162,
      196929652,
      173862636,
      123283452,
      50816154,
      14282052,
      1557090
   ],
   "Unweighted B(r)": [
      5.482104475484116e-07,
      NaN,
      NaN,
      2.163432961971182e-06,
      NaN,
      NaN,
      4.764139703608888e-06,
      NaN,
      NaN,
      7.408113814586684e-06,
      1.0820910889773409e-05,
      1.4052599715647416e-05,
      1.7313331488021526e-05,
      2.3116024850081354e-05,
      2.9728918525622777e-05,
      3.595729874464199e-05,
      4.706708022478056e-05,
      6.033487459259139e-05,
      7.285564796348836e-05,
      9.253836702398033e-05,
      0.0001181207183584839,
      0.00015097496742317822,
      0.0001867381071730147,
      0.00023730071175522675,
      0.00029680965436297774,
      0.0003704122342938046,
      0.0004636861797628705,
      0.0005806139160380033,
      0.0007213262776981642,
      0.0008901568893856843,
      0.0010989191215318157,
      0.0013470032124504661,
      0.0016421226165527559,
      0.0019924071675397805,
      0.0023965231126649544,
      0.002857158610419432,
      0.003369318180311117,
      0.003933321941628967,
      0.004532059800353879,
      0.005142631270460942,
      0.005761608536337792,
      0.006325613990580113,
      0.006816865808434764,
      0.007130932086887303,
      0.007179344422564841,
      0.006842278628662896,
      0.006074280711335955,
      0.005155693381645466,
      0.004495965316702508,
      0.005873739557082734,
      0.007356064026983217
   ],
   "Weighted B(r)": [
      5.482104475484116e-07,
      NaN,
      NaN,
      2.163432961971182e-06,
      NaN,
      NaN,
      4.764139703608888e-06,
      NaN,
      NaN,
      7.408113814586684e-06,
      1.0820910889773409e-05,
      1.4052599715647416e-05,
      1.7313331488021526e-05,
      2.3116024850081354e-05,
      2.9728918525622777e-05,
      3.595729874464199e-05,
      4.706708022478056e-05,
      6.033487459259139e-05,
      7.285564796348836e-05,
      9.253836702398033e-05,
      0.0001181207183584839,
      0.00015097496742317822,
      0.0001867381071730147,
      0.00023730071175522675,
      0.00029680965436297774,
      0.0003704122342938046,
      0.0004636861797628705,
      0.0005806139160380033,
      0.0007213262776981642,
      0.0008901568893856843,
      0.0010989191215318157,
      0.0013470032124504661,
      0.0016421226165527559,
      0.0019924071675397805,
      0.0023965231126649544,
      0.002857158610419432,
      0.003369318180311117,
      0.003933321941628967,
      0.004532059800353879,
      0.005142631270460942,
      0.005761608536337792,
      0.006325613990580113,
      0.006816865808434764,
      0.007130932086887303,
      0.007179344422564841,
      0.006842278628662896,
      0.006074280711335955,
      0.005155693381645466,
      0.004495965316702508,
      0.005873739557082734,
      0.007356064026983217
   ],
   "Unweighted sigma^2": 0.0026676403920669655,
   "Apparent r0": 53.71808359651454
}