{
   "log10 r": [
      0.0,
      0.05,
      0.1,
      0.15000000000000002,
      0.2,
      0.25,
      0.30000000000000004,
      0.35000000000000003,
      0.4,
      0.45,
      0.5,
      0.55,
      0.6000000000000001,
      0.65,
      0.7000000000000001,
      0.75,
      0.8,
      0.8500000000000001,
      0.9,
      0.9500000000000001,
      1.0,
      1.05,
      1.1,
      1.1500000000000001,
      1.2000000000000002,
      1.25,
      1.3,
      1.35,
      1.4000000000000001,
      1.4500000000000002,
      1.5,
      1.55,
      1.6,
      1.6500000000000001,
      1.7000000000000002,
      1.75,
      1.8,
      1.85,
      1.9000000000000001,
      1.9500000000000002,
      2.0,
      2.0500000000000003,
      2.1,
      2.15,
      2.2,
      2.25,
      2.3000000000000003,
      2.35,
      2.4000000000000004,
      2.45,
      2.5
   ],
   "Sum dv^2": [
      0.03387855899847937,
      0.0,
      0.0,
      0.23370962727978173,
      0.0,
      0.0,
      1.2993178524048439,
      0.0,
      0.0,
      1.2295682543750162,
      2.3206687690602528,
      3.0010107413838822,
      6.534313452760097,
      11.152073638835576,
      12.632292820281018,
      21.07231076314707,
      47.30782684517904,
      50.56964319904859,
      87.85686517036861,
      149.4757734117526,
      282.0557041861611,
      364.8010406698132,
      573.1490510120607,
      1020.6488384973547,
      1431.55009065486,
      2318.794397673731,
      3762.451487960456,
      5712.190179705143,
      8648.071177880789,
      13075.471194594378,
      20929.283928747933,
      29675.731423595036,
      46814.261054002374,
      67826.65980392367,
      100215.87025048138,
      143518.89951749973,
      201693.16032086193,
      284669.8823046391,
      382410.3447925756,
      510979.81986879685,
      675658.3506541217,
      862318.0801552397,
      1094703.7945864864,
      1323739.4272015765,
      1498528.9091112576,
      1505388.055896521,
      1226079.1542779824,
      705805.256015008,
      199328.3970589058,
      75823.45353007774,
      11766.124236861695
   ],
   "Sum weights": [
      65280.0,
      0.0,
      0.0,
      130050.0,
      0.0,
      0.0,
      324104.0,
      0.0,
      0.0,
      193800.0,
      258060.0,
      257048.0,
      449570.0,
      575312.0,
      511036.0,
      700020.0,
      1203734.0,
      1007972.0,
      1445380.0,
      1937042.0,
      2859272.0,
      2897116.0,
      3674690.0,
      5155474.0,
      5773520.0,
      7491838.0,
      9701238.0,
      11757186.0,
      14320938.0,
      17540114.0,
      22734900.0,
      26303374.0,
      34062188.0,
      40733820.0,
      50149068.0,
      60431004.0,
      72289830.0,
      87731826.0,
      102476376.0,
      120332462.0,
      140368314.0,
      158782298.0,
      178392398.0,
      192781200.0,
      200564162.0,
      196929652.0,
      173862636.0,
      123283452.0,
      50816154.0,
      14282052.0,
      1557090.0
   ],
   "Sum w * dv^2": [
      0.03387855899847937,
      0.0,
      0.0,
      0.23370962727978173,
      0.0,
      0.0,
      1.2993178524048439,
      0.0,
      0.0,
      1.2295682543750162,
      2.3206687690602528,
      3.0010107413838822,
      6.534313452760097,
      11.152073638835576,
      12.632292820281018,
      21.07231076314707,
      47.30782684517904,
      50.56964319904859,
      87.85686517036861,
      149.4757734117526,
      282.0557041861611,
      364.8010406698132,
      573.1490510120607,
      1020.6488384973547,
      1431.55009065486,
      2318.794397673731,
      3762.451487960456,
      5712.190179705143,
      8648.071177880789,
      13075.471194594378,
      20929.283928747933,
      29675.731423595036,
      46814.261054002374,
      67826.65980392367,
      100215.87025048138,
      143518.89951749973,
      201693.16032086193,
      284669.8823046391,
      382410.3447925756,
      510979.81986879685,
      675658.3506541217,
      862318.0801552397,
      1094703.7945864864,
      1323739.4272015765,
      1498528.9091112576,
      1505388.055896521,
      1226079.1542779824,
      705805.256015008,
      199328.3970589058,
      75823.45353007774,
      11766.124236861695
   ],
   "N pairs": [
      65280,
      0,
      0,
      130050,
      0,
      0,
      324104,
      0,
      0,
      193800,
      258060,
      257048,
      449570,
      575312,
      511036,
      700020,
      1203734,
      1007972,
      1445380,
      1937042,
      2859272,
      2897116,
      3674690,
      5155474,
      5773520,
      7491838,
      9701238,
      11757186,
      14320938,
      17540114,
      22734900,
      26303374,
      34062188,
      40733820,
      50149068,
      60431004,
      72289830,
      87731826,
      102476376,
      120332462,
      140368314,
      158782298,
      178392398,
      192781200,
      200564162,
      196929652,
      173862636,
      123283452,
      50816154,
      14282052,
      1557090
   ],
   "Unweighted B(r)": [
      5.189730238737649e-07,
      NaN,
      NaN,
      1.797075180928733e-06,
      NaN,
      NaN,
      4.008953460632525e-06,
      NaN,
      NaN,
      6.344521436403592e-06,
      8.99274885321341e-06,
      1.167490406999425e-05,
      1.4534585165291494e-05,
      1.938439253628566e-05,
      2.4718988134458273e-05,
      3.0102441020466658e-05,
      3.9300897744168596e-05,
      5.016969042696483e-05,
      6.0784613852667535e-05,
      7.716702756664678e-05,
      9.86459854767791e-05,
      0.0001259186862624117,
      0.00015597208227416753,
      0.00019797381162185178,
      0.0002479510057391089,
      0.00030950941513600947,
      0.00038783209812607997,
      0.00048584671363582606,
      0.0006038760294808055,
      0.0007454610155096129,
      0.0009205795463691476,
      0.0011282100700691492,
      0.001374376216055245,
      0.0016651190535020696,
      0.001998359575705004,
      0.002374921646469745,
      0.002790062728337609,
      0.003244773251438299,
      0.003731692705376072,
      0.004246400442374368,
      0.004813467736416081,
      0.005430820003343444,
      0.006136493521357824,
      0.006866537957028883,
      0.0074715686699364445,
      0.007644293485556564,
      0.007051999109676345,
      0.005725060781190714,
      0.003922540006843214,
      0.005309002763053778,
      0.00755648307860284
   ],
   "Weighted B(r)": [
      5.189730238737649e-07,
      NaN,
      NaN,
      1.797075180928733e-06,
      NaN,
      NaN,
      4.008953460632525e-06,
      NaN,
      NaN,
      6.344521436403592e-06,
      8.99274885321341e-06,
      1.167490406999425e-05,
      1.4534585165291494e-05,
      1.938439253628566e-05,
      2.4718988134458273e-05,
      3.0102441020466658e-05,
      3.9300897744168596e-05,
      5.016969042696483e-05,
      6.0784613852667535e-05,
      7.716702756664678e-05,
      9.86459854767791e-05,
      0.0001259186862624117,
      0.00015597208227416753,
      0.00019797381162185178,
      0.0002479510057391089,
      0.00030950941513600947,
      0.00038783209812607997,
      0.00048584671363582606,
      0.0006038760294808055,
      0.0007454610155096129,
      0.0009205795463691476,
      0.0011282100700691492,
      0.001374376216055245,
      0.0016651190535020696,
      0.001998359575705004,
      0.002374921646469745,
      0.002790062728337609,
      0.003244773251438299,
      0.003731692705376072,
      0.004246400442374368,
      0.004813467736416081,
      0.005430820003343444,
      0.006136493521357824,
      0.006866537957028883,
      0.0074715686699364445,
      0.007644293485556564,
      0.007051999109676345,
      0.005725060781190714,
      0.003922540006843214,
      0.005309002763053778,
      0.00755648307860284
   ],
   "Unweighted sigma^2": 0.0025720625199107203,
   "Apparent r0": 59.49254816751276
}