{
   "log10 r": [
      0.0,
      0.05,
      0.1,
      0.15000000000000002,
      0.2,
      0.25,
      0.30000000000000004,
      0.35000000000000003,
      0.4,
      0.45,
      0.5,
      0.55,
      0.6000000000000001,
      0.65,
      0.7000000000000001,
      0.75,
      0.8,
      0.8500000000000001,
      0.9,
      0.9500000000000001,
      1.0,
      1.05,
      1.1,
      1.1500000000000001,
      1.2000000000000002,
      1.25,
      1.3,
      1.35,
      1.4000000000000001,
      1.4500000000000002,
      1.5,
      1.55,
      1.6,
      1.6500000000000001,
      1.7000000000000002,
      1.75,
      1.8,
      1.85,
      1.9000000000000001,
      1.9500000000000002,
      2.0,
      2.0500000000000003,
      2.1,
      2.15,
      2.2,
      2.25,
      2.3000000000000003,
      2.35,
      2.4000000000000004,
      2.45,
      2.5
   ],
   "Sum dv^2": [
      0.36847625201603185,
      0.0,
      0.0,
      2.2046169664532123,
      0.0,
      0.0,
      12.42661827846952,
      0.0,
      0.0,
      11.984568748795384,
      21.760713682145084,
      28.049243081680373,
      61.69301195822216,
      104.6029289537809,
      116.78332344534209,
      195.28582276905766,
      433.02344162357645,
      455.4902113602931,
      786.6935986768245,
      1316.195537200377,
      2438.3613064623028,
      3066.1934298539245,
      4691.83599987849,
      8019.470987538264,
      10779.2427754921,
      16520.849913070535,
      25139.264106951327,
      35166.640136482725,
      48630.52885357548,
      66056.8314357798,
      93318.76314186321,
      115055.5540124694,
      155135.62906131896,
      188298.73834186976,
      229630.75520769623,
      270605.9782832503,
      318219.9853187676,
      389939.64899755985,
      475427.53442396177,
      591624.4150940672,
      714133.7061661839,
      789028.9615095265,
      859515.4113208142,
      979345.2513862958,
      1124618.1483545266,
      1191856.1329409792,
      1224224.612292113,
      1010487.0995474476,
      452621.9090949695,
      146110.0149739993,
      12006.452912739747
   ],
   "Sum weights": [
      65280.0,
      0.0,
      0.0,
      130050.0,
      0.0,
      0.0,
      324104.0,
      0.0,
      0.0,
      193800.0,
      258060.0,
      257048.0,
      449570.0,
      575312.0,
      511036.0,
      700020.0,
      1203734.0,
      1007972.0,
      1445380.0,
      1937042.0,
      2859272.0,
      2897116.0,
      3674690.0,
      5155474.0,
      5773520.0,
      7491838.0,
      9701238.0,
      11757186.0,
      14320938.0,
      17540114.0,
      22734900.0,
      26303374.0,
      34062188.0,
      40733820.0,
      50149068.0,
      60431004.0,
      72289830.0,
      87731826.0,
      102476376.0,
      120332462.0,
      140368314.0,
      158782298.0,
      178392398.0,
      192781200.0,
      200564162.0,
      196929652.0,
      173862636.0,
      123283452.0,
      50816154.0,
      14282052.0,
      1557090.0
   ],
   "Sum w * dv^2": [
      0.36847625201603185,
      0.0,
      0.0,
      2.2046169664532123,
      0.0,
      0.0,
      12.42661827846952,
      0.0,
      0.0,
      11.984568748795384,
      21.760713682145084,
      28.049243081680373,
      61.69301195822216,
      104.6029289537809,
      116.78332344534209,
      195.28582276905766,
      433.02344162357645,
      455.4902113602931,
      786.6935986768245,
      1316.195537200377,
      2438.3613064623028,
      3066.1934298539245,
      4691.83599987849,
      8019.470987538264,
      10779.2427754921,
      16520.849913070535,
      25139.264106951327,
      35166.640136482725,
      48630.52885357548,
      66056.8314357798,
      93318.76314186321,
      115055.5540124694,
      155135.62906131896,
      188298.73834186976,
      229630.75520769623,
      270605.9782832503,
      318219.9853187676,
      389939.64899755985,
      475427.53442396177,
      591624.4150940672,
      714133.7061661839,
      789028.9615095265,
      859515.4113208142,
      979345.2513862958,
      1124618.1483545266,
      1191856.1329409792,
      1224224.612292113,
      1010487.0995474476,
      452621.9090949695,
      146110.0149739993,
      12006.452912739747
   ],
   "N pairs": [
      65280,
      0,
      0,
      130050,
      0,
      0,
      324104,
      0,
      0,
      193800,
      258060,
      257048,
      449570,
      575312,
      511036,
      700020,
      1203734,
      1007972,
      1445380,
      1937042,
      2859272,
      2897116,
      3674690,
      5155474,
      5773520,
      7491838,
      9701238,
      11757186,
      14320938,
      17540114,
      22734900,
      26303374,
      34062188,
      40733820,
      50149068,
      60431004,
      72289830,
      87731826,
      102476376,
      120332462,
      140368314,
      158782298,
      178392398,
      192781200,
      200564162,
      196929652,
      173862636,
      123283452,
      50816154,
      14282052,
      1557090
   ],
   "Unweighted B(r)": [
      5.644550429167154e-06,
      NaN,
      NaN,
      1.695207202193935e-05,
      NaN,
      NaN,
      3.834145298567596e-05,
      NaN,
      NaN,
      6.183988002474398e-05,
      8.432424119253307e-05,
      0.00010912064315489859,
      0.00013722670987437364,
      0.00018181948047977603,
      0.00022852269398895985,
      0.00027897177619076263,
      0.0003597334972872549,
      0.00045188776212066713,
      0.0005442815029105319,
      0.0006794873509197927,
      0.0008527909574403214,
      0.0010583606006297037,
      0.0012767977706632369,
      0.0015555254449034685,
      0.00186701401839642,
      0.002205179812092912,
      0.0025913459815078577,
      0.0029910762776469407,
      0.0033957642197442292,
      0.003766043449648035,
      0.004104648058353598,
      0.004374174735624008,
      0.004554482203589475,
      0.00462266338737368,
      0.004578963565338766,
      0.004477932855182255,
      0.004402002125593152,
      0.004444677225771636,
      0.004639386685805144,
      0.00491658198677982,
      0.005087570590654697,
      0.004969250171133853,
      0.004818116808547044,
      0.005080086914005597,
      0.005607273688080558,
      0.006052192348062338,
      0.007041332401586923,
      0.008196453645274692,
      0.008907047729251008,
      0.010230323693962134,
      0.007710827834447429
   ],
   "Weighted B(r)": [
      5.644550429167154e-06,
      NaN,
      NaN,
      1.695207202193935e-05,
      NaN,
      NaN,
      3.834145298567596e-05,
      NaN,
      NaN,
      6.183988002474398e-05,
      8.432424119253307e-05,
      0.00010912064315489859,
      0.00013722670987437364,
      0.00018181948047977603,
      0.00022852269398895985,
      0.00027897177619076263,
      0.0003597334972872549,
      0.00045188776212066713,
      0.0005442815029105319,
      0.0006794873509197927,
      0.0008527909574403214,
      0.0010583606006297037,
      0.0012767977706632369,
      0.0015555254449034685,
      0.00186701401839642,
      0.002205179812092912,
      0.0025913459815078577,
      0.0029910762776469407,
      0.0033957642197442292,
      0.003766043449648035,
      0.004104648058353598,
      0.004374174735624008,
      0.004554482203589475,
      0.00462266338737368,
      0.004578963565338766,
      0.004477932855182255,
      0.004402002125593152,
      0.004444677225771636,
      0.004639386685805144,
      0.00491658198677982,
      0.005087570590654697,
      0.004969250171133853,
      0.004818116808547044,
      0.005080086914005597,
      0.005607273688080558,
      0.006052192348062338,
      0.007041332401586923,
      0.008196453645274692,
      0.008907047729251008,
      0.010230323693962134,
      0.007710827834447429
   ],
   "Unweighted sigma^2": 0.002700142096549208,
   "Apparent r0": 20.61525428963478
}