{
   "log10 r": [
      0.0,
      0.05,
      0.1,
      0.15000000000000002,
      0.2,
      0.25,
      0.30000000000000004,
      0.35000000000000003,
      0.4,
      0.45,
      0.5,
      0.55,
      0.6000000000000001,
      0.65,
      0.7000000000000001,
      0.75,
      0.8,
      0.8500000000000001,
      0.9,
      0.9500000000000001,
      1.0,
      1.05,
      1.1,
      1.1500000000000001,
      1.2000000000000002,
      1.25,
      1.3,
      1.35,
      1.4000000000000001,
      1.4500000000000002,
      1.5,
      1.55,
      1.6,
      1.6500000000000001,
      1.7000000000000002,
      1.75,
      1.8,
      1.85,
      1.9000000000000001,
      1.9500000000000002,
      2.0,
      2.0500000000000003,
      2.1,
      2.15,
      2.2,
      2.25,
      2.3000000000000003,
      2.35,
      2.4000000000000004,
      2.45,
      2.5
   ],
   "Sum dv^2": [
      84.27413702966453,
      0.0,
      0.0,
      415.5137433958005,
      0.0,
      0.0,
      2321.582655158118,
      0.0,
      0.0,
      2224.6840534241114,
      3758.9463468032154,
      4706.626116190666,
      10117.016131836544,
      16268.674126002494,
      17119.857274290312,
      27334.826878114938,
      55930.97536526541,
      54227.60038225767,
      86943.82270399362,
      131723.7938156105,
      217943.32829191815,
      244362.82375126146,
      335855.2623182732,
      510822.0186906201,
      613958.1319489068,
      849865.7905263278,
      1170394.5361356037,
      1500430.177460512,
      1915497.799081957,
      2425962.713899683,
      3194376.438077936,
      3708127.081089801,
      4802986.553927018,
      5716969.101496993,
      6982952.1788102295,
      8271854.95533058,
      9694820.57325118,
      11777553.972326262,
      13890366.954770263,
      16356750.843963904,
      19527719.7996488,
      22749279.285505693,
      25212494.051280417,
      25895995.93238794,
      27640756.60578849,
      29597354.576574724,
      24968363.995378662,
      17471051.866874833,
      7997932.509991383,
      2203296.954506996,
      173849.25820751372
   ],
   "Sum weights": [
      65280.0,
      0.0,
      0.0,
      130050.0,
      0.0,
      0.0,
      324104.0,
      0.0,
      0.0,
      193800.0,
      258060.0,
      257048.0,
      449570.0,
      575312.0,
      511036.0,
      700020.0,
      1203734.0,
      1007972.0,
      1445380.0,
      1937042.0,
      2859272.0,
      2897116.0,
      3674690.0,
      5155474.0,
      5773520.0,
      7491838.0,
      9701238.0,
      11757186.0,
      14320938.0,
      17540114.0,
      22734900.0,
      26303374.0,
      34062188.0,
      40733820.0,
      50149068.0,
      60431004.0,
      72289830.0,
      87731826.0,
      102476376.0,
      120332462.0,
      140368314.0,
      158782298.0,
      178392398.0,
      192781200.0,
      200564162.0,
      196929652.0,
      173862636.0,
      123283452.0,
      50816154.0,
      14282052.0,
      1557090.0
   ],
   "Sum w * dv^2": [
      84.27413702966453,
      0.0,
      0.0,
      415.5137433958005,
      0.0,
      0.0,
      2321.582655158118,
      0.0,
      0.0,
      2224.6840534241114,
      3758.9463468032154,
      4706.626116190666,
      10117.016131836544,
      16268.674126002494,
      17119.857274290312,
      27334.826878114938,
      55930.97536526541,
      54227.60038225767,
      86943.82270399362,
      131723.7938156105,
      217943.32829191815,
      244362.82375126146,
      335855.2623182732,
      510822.0186906201,
      613958.1319489068,
      849865.7905263278,
      1170394.5361356037,
      1500430.177460512,
      1915497.799081957,
      2425962.713899683,
      3194376.438077936,
      3708127.081089801,
      4802986.553927018,
      5716969.101496993,
      6982952.1788102295,
      8271854.95533058,
      9694820.57325118,
      11777553.972326262,
      13890366.954770263,
      16356750.843963904,
      19527719.7996488,
      22749279.285505693,
      25212494.051280417,
      25895995.93238794,
      27640756.60578849,
      29597354.576574724,
      24968363.995378662,
      17471051.866874833,
      7997932.509991383,
      2203296.954506996,
      173849.25820751372
   ],
   "N pairs": [
      65280,
      0,
      0,
      130050,
      0,
      0,
      324104,
      0,
      0,
      193800,
      258060,
      257048,
      449570,
      575312,
      511036,
      700020,
      1203734,
      1007972,
      1445380,
      1937042,
      2859272,
      2897116,
      3674690,
      5155474,
      5773520,
      7491838,
      9701238,
      11757186,
      14320938,
      17540114,
      22734900,
      26303374,
      34062188,
      40733820,
      50149068,
      60431004,
      72289830,
      87731826,
      102476376,
      120332462,
      140368314,
      158782298,
      178392398,
      192781200,
      200564162,
      196929652,
      173862636,
      123283452,
      50816154,
      14282052,
      1557090
   ],
   "Unweighted B(r)": [
      0.0012909641089103021,
      NaN,
      NaN,
      0.003195030706618996,
      NaN,
      NaN,
      0.007163079305278917,
      NaN,
      NaN,
      0.011479277881445364,
      0.014566172001872492,
      0.01831030047380515,
      0.022503761665227984,
      0.028278002416084653,
      0.033500296014938896,
      0.039048637007678265,
      0.04646456390304288,
      0.05379871701025194,
      0.060152916675195185,
      0.06800254915257929,
      0.07622336325187605,
      0.08434692423474291,
      0.0913968966955779,
      0.0990834244708867,
      0.1063403490329828,
      0.11343889050007859,
      0.12064383289386403,
      0.12761813732133795,
      0.13375505145556507,
      0.13830940402666045,
      0.14050540965994732,
      0.14097533955491037,
      0.14100640140695067,
      0.1403494467618552,
      0.1392439073605561,
      0.13688097843501953,
      0.13411043535793596,
      0.13424494290505548,
      0.13554701578020542,
      0.13592966163996464,
      0.13911771996954242,
      0.14327339742561035,
      0.14133166174087988,
      0.13432843001489742,
      0.13781503300568967,
      0.1502940480318054,
      0.14360971724470267,
      0.1417144927680548,
      0.15738956769517393,
      0.15427033555871356,
      0.11165010256794002
   ],
   "Weighted B(r)": [
      0.0012909641089103021,
      NaN,
      NaN,
      0.003195030706618996,
      NaN,
      NaN,
      0.007163079305278917,
      NaN,
      NaN,
      0.011479277881445364,
      0.014566172001872492,
      0.01831030047380515,
      0.022503761665227984,
      0.028278002416084653,
      0.033500296014938896,
      0.039048637007678265,
      0.04646456390304288,
      0.05379871701025194,
      0.060152916675195185,
      0.06800254915257929,
      0.07622336325187605,
      0.08434692423474291,
      0.0913968966955779,
      0.0990834244708867,
      0.1063403490329828,
      0.11343889050007859,
      0.12064383289386403,
      0.12761813732133795,
      0.13375505145556507,
      0.13830940402666045,
      0.14050540965994732,
      0.14097533955491037,
      0.14100640140695067,
      0.1403494467618552,
      0.1392439073605561,
      0.13688097843501953,
      0.13411043535793596,
      0.13424494290505548,
      0.13554701578020542,
      0.13592966163996464,
      0.13911771996954242,
      0.14327339742561035,
      0.14133166174087988,
      0.13432843001489742,
      0.13781503300568967,
      0.1502940480318054,
      0.14360971724470267,
      0.1417144927680548,
      0.15738956769517393,
      0.15427033555871356,
      0.11165010256794002
   ],
   "Unweighted sigma^2": 0.0696526871958388,
   "Apparent r0": 9.130797937661383
}