{
   "log10 r": [
      0.0,
      0.05,
      0.1,
      0.15000000000000002,
      0.2,
      0.25,
      0.30000000000000004,
      0.35000000000000003,
      0.4,
      0.45,
      0.5,
      0.55,
      0.6000000000000001,
      0.65,
      0.7000000000000001,
      0.75,
      0.8,
      0.8500000000000001,
      0.9,
      0.9500000000000001,
      1.0,
      1.05,
      1.1,
      1.1500000000000001,
      1.2000000000000002,
      1.25,
      1.3,
      1.35,
      1.4000000000000001,
      1.4500000000000002,
      1.5,
      1.55,
      1.6,
      1.6500000000000001,
      1.7000000000000002,
      1.75,
      1.8,
      1.85,
      1.9000000000000001,
      1.9500000000000002,
      2.0,
      2.0500000000000003,
      2.1,
      2.15,
      2.2,
      2.25,
      2.3000000000000003,
      2.35,
      2.4000000000000004,
      2.45,
      2.5
   ],
   "Sum dv^2": [
      0.005546150254607067,
      0.0,
      0.0,
      0.04170242169696366,
      0.0,
      0.0,
      0.22874198571608323,
      0.0,
      0.0,
      0.21369409023079158,
      0.4092583087433545,
      0.5291177257357519,
      1.1399466596295476,
      1.9437210733307027,
      2.2000172278636185,
      3.6487081428959667,
      8.168774912547125,
      8.720462108114976,
      15.044516401940648,
      25.46701923900427,
      47.68137689373751,
      61.33126652874459,
      95.60955511061208,
      169.00305026613358,
      234.73463630296922,
      376.809117060943,
      604.6695823719167,
      908.1178241344859,
      1358.5870013376123,
      2030.0350792400704,
      3208.4081702096096,
      4491.248361632295,
      6991.990122056367,
      9992.752135136263,
      14559.820060881853,
      20535.72915901656,
      28374.304070420934,
      39231.027418012025,
      51466.781907633565,
      66995.8344268803,
      85981.56684090037,
      107378.79507087669,
      135770.9881870783,
      171489.2070039448,
      217781.76884856002,
      267277.38444200146,
      288356.17549709644,
      232418.8885574894,
      108664.66199564679,
      34816.0580781412,
      3472.0544314449467
   ],
   "Sum weights": [
      65280.0,
      0.0,
      0.0,
      130050.0,
      0.0,
      0.0,
      324104.0,
      0.0,
      0.0,
      193800.0,
      258060.0,
      257048.0,
      449570.0,
      575312.0,
      511036.0,
      700020.0,
      1203734.0,
      1007972.0,
      1445380.0,
      1937042.0,
      2859272.0,
      2897116.0,
      3674690.0,
      5155474.0,
      5773520.0,
      7491838.0,
      9701238.0,
      11757186.0,
      14320938.0,
      17540114.0,
      22734900.0,
      26303374.0,
      34062188.0,
      40733820.0,
      50149068.0,
      60431004.0,
      72289830.0,
      87731826.0,
      102476376.0,
      120332462.0,
      140368314.0,
      158782298.0,
      178392398.0,
      192781200.0,
      200564162.0,
      196929652.0,
      173862636.0,
      123283452.0,
      50816154.0,
      14282052.0,
      1557090.0
   ],
   "Sum w * dv^2": [
      0.005546150254607067,
      0.0,
      0.0,
      0.04170242169696366,
      0.0,
      0.0,
      0.22874198571608323,
      0.0,
      0.0,
      0.21369409023079158,
      0.4092583087433545,
      0.5291177257357519,
      1.1399466596295476,
      1.9437210733307027,
      2.2000172278636185,
      3.6487081428959667,
      8.168774912547125,
      8.720462108114976,
      15.044516401940648,
      25.46701923900427,
      47.68137689373751,
      61.33126652874459,
      95.60955511061208,
      169.00305026613358,
      234.73463630296922,
      376.809117060943,
      604.6695823719167,
      908.1178241344859,
      1358.5870013376123,
      2030.0350792400704,
      3208.4081702096096,
      4491.248361632295,
      6991.990122056367,
      9992.752135136263,
      14559.820060881853,
      20535.72915901656,
      28374.304070420934,
      39231.027418012025,
      51466.781907633565,
      66995.8344268803,
      85981.56684090037,
      107378.79507087669,
      135770.9881870783,
      171489.2070039448,
      217781.76884856002,
      267277.38444200146,
      288356.17549709644,
      232418.8885574894,
      108664.66199564679,
      34816.0580781412,
      3472.0544314449467
   ],
   "N pairs": [
      65280,
      0,
      0,
      130050,
      0,
      0,
      324104,
      0,
      0,
      193800,
      258060,
      257048,
      449570,
      575312,
      511036,
      700020,
      1203734,
      1007972,
      1445380,
      1937042,
      2859272,
      2897116,
      3674690,
      5155474,
      5773520,
      7491838,
      9701238,
      11757186,
      14320938,
      17540114,
      22734900,
      26303374,
      34062188,
      40733820,
      50149068,
      60431004,
      72289830,
      87731826,
      102476376,
      120332462,
      140368314,
      158782298,
      178392398,
      192781200,
      200564162,
      196929652,
      173862636,
      123283452,
      50816154,
      14282052,
      1557090
   ],
   "Unweighted B(r)": [
      8.495940953748571e-08,
      NaN,
      NaN,
      3.206645266971446e-07,
      NaN,
      NaN,
      7.057672405033052e-07,
      NaN,
      NaN,
      1.1026526843694096e-06,
      1.5859036996952433e-06,
      2.0584393799436365e-06,
      2.5356377419079286e-06,
      3.3785512440740026e-06,
      4.30501418268697e-06,
      5.212291281529052e-06,
      6.786196047089411e-06,
      8.651492410617532e-06,
      1.0408692801851865e-05,
      1.3147375864335554e-05,
      1.6676054916684214e-05,
      2.1169765562975247e-05,
      2.601840022168185e-05,
      3.2781282626220906e-05,
      4.065710975331673e-05,
      5.0295951015083746e-05,
      6.232911535331024e-05,
      7.723938569437329e-05,
      9.486717988288283e-05,
      0.0001157367095356433,
      0.00014112259874508398,
      0.0001707479945969021,
      0.0002052713149858831,
      0.0002453183162084053,
      0.0002903308205225639,
      0.0003398210818906229,
      0.00039250755009966043,
      0.0004471698493772605,
      0.0005022306985917765,
      0.0005567561181194839,
      0.0006125425631378629,
      0.0006762642714169352,
      0.0007610805713093127,
      0.0008895535820087477,
      0.0010858458793279332,
      0.001357222651477602,
      0.0016585287220486893,
      0.0018852399473490522,
      0.0021383881589237706,
      0.0024377490068052685,
      0.002229835418277008
   ],
   "Weighted B(r)": [
      8.495940953748571e-08,
      NaN,
      NaN,
      3.206645266971446e-07,
      NaN,
      NaN,
      7.057672405033052e-07,
      NaN,
      NaN,
      1.1026526843694096e-06,
      1.5859036996952433e-06,
      2.0584393799436365e-06,
      2.5356377419079286e-06,
      3.3785512440740026e-06,
      4.30501418268697e-06,
      5.212291281529052e-06,
      6.786196047089411e-06,
      8.651492410617532e-06,
      1.0408692801851865e-05,
      1.3147375864335554e-05,
      1.6676054916684214e-05,
      2.1169765562975247e-05,
      2.601840022168185e-05,
      3.2781282626220906e-05,
      4.065710975331673e-05,
      5.0295951015083746e-05,
      6.232911535331024e-05,
      7.723938569437329e-05,
      9.486717988288283e-05,
      0.0001157367095356433,
      0.00014112259874508398,
      0.0001707479945969021,
      0.0002052713149858831,
      0.0002453183162084053,
      0.0002903308205225639,
      0.0003398210818906229,
      0.00039250755009966043,
      0.0004471698493772605,
      0.0005022306985917765,
      0.0005567561181194839,
      0.0006125425631378629,
      0.0006762642714169352,
      0.0007610805713093127,
      0.0008895535820087477,
      0.0010858458793279332,
      0.001357222651477602,
      0.0016585287220486893,
      0.0018852399473490522,
      0.0021383881589237706,
      0.0024377490068052685,
      0.002229835418277008
   ],
   "Unweighted sigma^2": 0.00044507341638986116,
   "Apparent r0": 70.49930892506353
}