{
   "log10 r": [
      0.0,
      0.05,
      0.1,
      0.15000000000000002,
      0.2,
      0.25,
      0.30000000000000004,
      0.35000000000000003,
      0.4,
      0.45,
      0.5,
      0.55,
      0.6000000000000001,
      0.65,
      0.7000000000000001,
      0.75,
      0.8,
      0.8500000000000001,
      0.9,
      0.9500000000000001,
      1.0,
      1.05,
      1.1,
      1.1500000000000001,
      1.2000000000000002,
      1.25,
      1.3,
      1.35,
      1.4000000000000001,
      1.4500000000000002,
      1.5,
      1.55,
      1.6,
      1.6500000000000001,
      1.7000000000000002,
      1.75,
      1.8,
      1.85,
      1.9000000000000001,
      1.9500000000000002,
      2.0,
      2.0500000000000003,
      2.1,
      2.15,
      2.2,
      2.25,
      2.3000000000000003,
      2.35,
      2.4000000000000004,
      2.45,
      2.5
   ],
   "Sum dv^2": [
      4.858834654761272,
      0.0,
      0.0,
      25.389618559566916,
      0.0,
      0.0,
      140.9007736071902,
      0.0,
      0.0,
      133.77673469277536,
      230.4814775882688,
      288.0449326414343,
      617.5085815510569,
      992.8765329712734,
      1056.1513995331206,
      1680.4234772397788,
      3453.5679654117007,
      3359.27219224005,
      5418.420938165304,
      8264.199419342116,
      13833.349625195662,
      15640.357032895532,
      21764.36025637533,
      33471.3699624846,
      40807.23831560229,
      56894.10786934969,
      79031.64466574107,
      101532.15794562221,
      130655.96865768479,
      167096.47275750522,
      224562.03709390067,
      266538.6590085189,
      349487.8257232675,
      416406.09596902254,
      502795.7477977398,
      588836.055090672,
      691451.3030437105,
      846074.8914921477,
      1012692.3086154417,
      1233023.52760803,
      1487219.7905483826,
      1631615.218749963,
      1799682.134567448,
      2030300.2677603194,
      2254207.5206910167,
      2291793.575114192,
      2239381.7815368557,
      1754054.107649138,
      757291.6449616537,
      232090.1570605563,
      15961.258551528086
   ],
   "Sum weights": [
      65280.0,
      0.0,
      0.0,
      130050.0,
      0.0,
      0.0,
      324104.0,
      0.0,
      0.0,
      193800.0,
      258060.0,
      257048.0,
      449570.0,
      575312.0,
      511036.0,
      700020.0,
      1203734.0,
      1007972.0,
      1445380.0,
      1937042.0,
      2859272.0,
      2897116.0,
      3674690.0,
      5155474.0,
      5773520.0,
      7491838.0,
      9701238.0,
      11757186.0,
      14320938.0,
      17540114.0,
      22734900.0,
      26303374.0,
      34062188.0,
      40733820.0,
      50149068.0,
      60431004.0,
      72289830.0,
      87731826.0,
      102476376.0,
      120332462.0,
      140368314.0,
      158782298.0,
      178392398.0,
      192781200.0,
      200564162.0,
      196929652.0,
      173862636.0,
      123283452.0,
      50816154.0,
      14282052.0,
      1557090.0
   ],
   "Sum w * dv^2": [
      4.858834654761272,
      0.0,
      0.0,
      25.389618559566916,
      0.0,
      0.0,
      140.9007736071902,
      0.0,
      0.0,
      133.77673469277536,
      230.4814775882688,
      288.0449326414343,
      617.5085815510569,
      992.8765329712734,
      1056.1513995331206,
      1680.4234772397788,
      3453.5679654117007,
      3359.27219224005,
      5418.420938165304,
      8264.199419342116,
      13833.349625195662,
      15640.357032895532,
      21764.36025637533,
      33471.3699624846,
      40807.23831560229,
      56894.10786934969,
      79031.64466574107,
      101532.15794562221,
      130655.96865768479,
      167096.47275750522,
      224562.03709390067,
      266538.6590085189,
      349487.8257232675,
      416406.09596902254,
      502795.7477977398,
      588836.055090672,
      691451.3030437105,
      846074.8914921477,
      1012692.3086154417,
      1233023.52760803,
      1487219.7905483826,
      1631615.218749963,
      1799682.134567448,
      2030300.2677603194,
      2254207.5206910167,
      2291793.575114192,
      2239381.7815368557,
      1754054.107649138,
      757291.6449616537,
      232090.1570605563,
      15961.258551528086
   ],
   "N pairs": [
      65280,
      0,
      0,
      130050,
      0,
      0,
      324104,
      0,
      0,
      193800,
      258060,
      257048,
      449570,
      575312,
      511036,
      700020,
      1203734,
      1007972,
      1445380,
      1937042,
      2859272,
      2897116,
      3674690,
      5155474,
      5773520,
      7491838,
      9701238,
      11757186,
      14320938,
      17540114,
      22734900,
      26303374,
      34062188,
      40733820,
      50149068,
      60431004,
      72289830,
      87731826,
      102476376,
      120332462,
      140368314,
      158782298,
      178392398,
      192781200,
      200564162,
      196929652,
      173862636,
      123283452,
      50816154,
      14282052,
      1557090
   ],
   "Unweighted B(r)": [
      7.443067792220086e-05,
      NaN,
      NaN,
      0.00019522966981597013,
      NaN,
      NaN,
      0.00043473938491098596,
      NaN,
      NaN,
      0.0006902824287552908,
      0.000893131355453262,
      0.0011205881105530262,
      0.001373553799299457,
      0.0017258053594767246,
      0.0020666868861158915,
      0.002400536380731663,
      0.002869045790358751,
      0.003332703876933139,
      0.003748786435515438,
      0.004266401771021029,
      0.004838067041259335,
      0.005398595373086729,
      0.005922774507883748,
      0.006492394290512298,
      0.007067999819105553,
      0.0075941455046611645,
      0.008146552498324551,
      0.00863575331253773,
      0.009123422547998238,
      0.009526532881000957,
      0.009877414771734235,
      0.010133249787974688,
      0.010260287029220423,
      0.010222613444283461,
      0.010026023769728679,
      0.00974393963553331,
      0.009564987260914993,
      0.009643876459292523,
      0.009882202592873129,
      0.010246807113512146,
      0.010595124698501277,
      0.010275800509890359,
      0.010088334226929603,
      0.010531629991722842,
      0.01123933357890238,
      0.0116376256792156,
      0.012880178473406188,
      0.014227814675802053,
      0.014902576943576913,
      0.016250476966514077,
      0.010250697487960288
   ],
   "Weighted B(r)": [
      7.443067792220086e-05,
      NaN,
      NaN,
      0.00019522966981597013,
      NaN,
      NaN,
      0.00043473938491098596,
      NaN,
      NaN,
      0.0006902824287552908,
      0.000893131355453262,
      0.0011205881105530262,
      0.001373553799299457,
      0.0017258053594767246,
      0.0020666868861158915,
      0.002400536380731663,
      0.002869045790358751,
      0.003332703876933139,
      0.003748786435515438,
      0.004266401771021029,
      0.004838067041259335,
      0.005398595373086729,
      0.005922774507883748,
      0.006492394290512298,
      0.007067999819105553,
      0.0075941455046611645,
      0.008146552498324551,
      0.00863575331253773,
      0.009123422547998238,
      0.009526532881000957,
      0.009877414771734235,
      0.010133249787974688,
      0.010260287029220423,
      0.010222613444283461,
      0.010026023769728679,
      0.00974393963553331,
      0.009564987260914993,
      0.009643876459292523,
      0.009882202592873129,
      0.010246807113512146,
      0.010595124698501277,
      0.010275800509890359,
      0.010088334226929603,
      0.010531629991722842,
      0.01123933357890238,
      0.0116376256792156,
      0.012880178473406188,
      0.014227814675802053,
      0.014902576943576913,
      0.016250476966514077,
      0.010250697487960288
   ],
   "Unweighted sigma^2": 0.005448101949404155,
   "Apparent r0": 11.349487567301573
}