{
   "log10 r": [
      0.0,
      0.05,
      0.1,
      0.15000000000000002,
      0.2,
      0.25,
      0.30000000000000004,
      0.35000000000000003,
      0.4,
      0.45,
      0.5,
      0.55,
      0.6000000000000001,
      0.65,
      0.7000000000000001,
      0.75,
      0.8,
      0.8500000000000001,
      0.9,
      0.9500000000000001,
      1.0,
      1.05,
      1.1,
      1.1500000000000001,
      1.2000000000000002,
      1.25,
      1.3,
      1.35,
      1.4000000000000001,
      1.4500000000000002,
      1.5,
      1.55,
      1.6,
      1.6500000000000001,
      1.7000000000000002,
      1.75,
      1.8,
      1.85,
      1.9000000000000001,
      1.9500000000000002,
      2.0,
      2.0500000000000003,
      2.1,
      2.15,
      2.2,
      2.25,
      2.3000000000000003,
      2.35,
      2.4000000000000004,
      2.45,
      2.5
   ],
   "Sum dv^2": [
      1.652932152472522,
      0.0,
      0.0,
      8.893133373631828,
      0.0,
      0.0,
      50.92330396010178,
      0.0,
      0.0,
      50.102776983769694,
      88.38642070270411,
      114.45764796737312,
      254.741878312639,
      434.35239143917005,
      481.21535527727707,
      815.7330455659379,
      1819.6710695283468,
      1927.439757680197,
      3365.2208139648114,
      5708.830809881368,
      10764.030410053218,
      13844.215095214966,
      21708.00739302361,
      38339.801835816936,
      53445.083524083326,
      85784.32638976462,
      137505.8056822279,
      205580.8443608463,
      304998.6361233674,
      450094.27483568894,
      698284.2967986541,
      952774.683428705,
      1433357.9014915489,
      1960830.0856474515,
      2709312.811446624,
      3589734.98527338,
      4620212.653330404,
      5898759.359532877,
      7078173.101796159,
      8336154.985601655,
      9589438.359822132,
      10624996.078662517,
      11795594.78928038,
      12798554.596253656,
      13599324.250758464,
      13456102.53821233,
      10920196.972596679,
      7108909.957244336,
      3330791.065619384,
      712825.0305501126,
      13762.755818825042
   ],
   "Sum weights": [
      65280.0,
      0.0,
      0.0,
      130050.0,
      0.0,
      0.0,
      324104.0,
      0.0,
      0.0,
      193800.0,
      258060.0,
      257048.0,
      449570.0,
      575312.0,
      511036.0,
      700020.0,
      1203734.0,
      1007972.0,
      1445380.0,
      1937042.0,
      2859272.0,
      2897116.0,
      3674690.0,
      5155474.0,
      5773520.0,
      7491838.0,
      9701238.0,
      11757186.0,
      14320938.0,
      17540114.0,
      22734900.0,
      26303374.0,
      34062188.0,
      40733820.0,
      50149068.0,
      60431004.0,
      72289830.0,
      87731826.0,
      102476376.0,
      120332462.0,
      140368314.0,
      158782298.0,
      178392398.0,
      192781200.0,
      200564162.0,
      196929652.0,
      173862636.0,
      123283452.0,
      50816154.0,
      14282052.0,
      1557090.0
   ],
   "Sum w * dv^2": [
      1.652932152472522,
      0.0,
      0.0,
      8.893133373631828,
      0.0,
      0.0,
      50.92330396010178,
      0.0,
      0.0,
      50.102776983769694,
      88.38642070270411,
      114.45764796737312,
      254.741878312639,
      434.35239143917005,
      481.21535527727707,
      815.7330455659379,
      1819.6710695283468,
      1927.439757680197,
      3365.2208139648114,
      5708.830809881368,
      10764.030410053218,
      13844.215095214966,
      21708.00739302361,
      38339.801835816936,
      53445.083524083326,
      85784.32638976462,
      137505.8056822279,
      205580.8443608463,
      304998.6361233674,
      450094.27483568894,
      698284.2967986541,
      952774.683428705,
      1433357.9014915489,
      1960830.0856474515,
      2709312.811446624,
      3589734.98527338,
      4620212.653330404,
      5898759.359532877,
      7078173.101796159,
      8336154.985601655,
      9589438.359822132,
      10624996.078662517,
      11795594.78928038,
      12798554.596253656,
      13599324.250758464,
      13456102.53821233,
      10920196.972596679,
      7108909.957244336,
      3330791.065619384,
      712825.0305501126,
      13762.755818825042
   ],
   "N pairs": [
      65280,
      0,
      0,
      130050,
      0,
      0,
      324104,
      0,
      0,
      193800,
      258060,
      257048,
      449570,
      575312,
      511036,
      700020,
      1203734,
      1007972,
      1445380,
      1937042,
      2859272,
      2897116,
      3674690,
      5155474,
      5773520,
      7491838,
      9701238,
      11757186,
      14320938,
      17540114,
      22734900,
      26303374,
      34062188,
      40733820,
      50149068,
      60431004,
      72289830,
      87731826,
      102476376,
      120332462,
      140368314,
      158782298,
      178392398,
      192781200,
      200564162,
      196929652,
      173862636,
      123283452,
      50816154,
      14282052,
      1557090
   ],
   "Unweighted B(r)": [
      2.5320651845473684e-05,
      NaN,
      NaN,
      6.838241732896446e-05,
      NaN,
      NaN,
      0.0001571202575719577,
      NaN,
      NaN,
      0.0002585282610101635,
      0.000342503374032024,
      0.00044527733328939776,
      0.0005666345136744867,
      0.0007549858015114756,
      0.000941646684924892,
      0.0011652996279619696,
      0.0015116886866436828,
      0.0019121957332943744,
      0.002328260259561369,
      0.002947189998916579,
      0.003764605259679113,
      0.004778619528943599,
      0.00590743910180821,
      0.007436717135188139,
      0.009256932256939151,
      0.01145037124264628,
      0.014174047238324416,
      0.017485548358327094,
      0.02129739240009051,
      0.02566085230892393,
      0.03071420137315995,
      0.03622252732401193,
      0.04208061741340717,
      0.048137643011322076,
      0.05402518769534508,
      0.05940220661025886,
      0.06391234636089757,
      0.06723625425889206,
      0.06907126674538294,
      0.06927602782366121,
      0.06831626088934951,
      0.0669154950677343,
      0.06612162245434011,
      0.06638901820433557,
      0.0678053552297068,
      0.06832948924427251,
      0.0628093374392223,
      0.05766313192823588,
      0.06554591017689737,
      0.04991054720638971,
      0.008838767071155195
   ],
   "Weighted B(r)": [
      2.5320651845473684e-05,
      NaN,
      NaN,
      6.838241732896446e-05,
      NaN,
      NaN,
      0.0001571202575719577,
      NaN,
      NaN,
      0.0002585282610101635,
      0.000342503374032024,
      0.00044527733328939776,
      0.0005666345136744867,
      0.0007549858015114756,
      0.000941646684924892,
      0.0011652996279619696,
      0.0015116886866436828,
      0.0019121957332943744,
      0.002328260259561369,
      0.002947189998916579,
      0.003764605259679113,
      0.004778619528943599,
      0.00590743910180821,
      0.007436717135188139,
      0.009256932256939151,
      0.01145037124264628,
      0.014174047238324416,
      0.017485548358327094,
      0.02129739240009051,
      0.02566085230892393,
      0.03071420137315995,
      0.03622252732401193,
      0.04208061741340717,
      0.048137643011322076,
      0.05402518769534508,
      0.05940220661025886,
      0.06391234636089757,
      0.06723625425889206,
      0.06907126674538294,
      0.06927602782366121,
      0.06831626088934951,
      0.0669154950677343,
      0.06612162245434011,
      0.06638901820433557,
      0.0678053552297068,
      0.06832948924427251,
      0.0628093374392223,
      0.05766313192823588,
      0.06554591017689737,
      0.04991054720638971,
      0.008838767071155195
   ],
   "Unweighted sigma^2": 0.030976609888454104,
   "Apparent r0": 31.806592813548264
}