{
   "log10 r": [
      0.0,
      0.05,
      0.1,
      0.15000000000000002,
      0.2,
      0.25,
      0.30000000000000004,
      0.35000000000000003,
      0.4,
      0.45,
      0.5,
      0.55,
      0.6000000000000001,
      0.65,
      0.7000000000000001,
      0.75,
      0.8,
      0.8500000000000001,
      0.9,
      0.9500000000000001,
      1.0,
      1.05,
      1.1,
      1.1500000000000001,
      1.2000000000000002,
      1.25,
      1.3,
      1.35,
      1.4000000000000001,
      1.4500000000000002,
      1.5,
      1.55,
      1.6,
      1.6500000000000001,
      1.7000000000000002,
      1.75,
      1.8,
      1.85,
      1.9000000000000001,
      1.9500000000000002,
      2.0,
      2.0500000000000003,
      2.1,
      2.15,
      2.2,
      2.25,
      2.3000000000000003,
      2.35,
      2.4000000000000004,
      2.45,
      2.5
   ],
   "Sum dv^2": [
      13.97682845554163,
      0.0,
      0.0,
      68.50874514129197,
      0.0,
      0.0,
      383.0518349548025,
      0.0,
      0.0,
      367.5006792661088,
      620.5585140029033,
      776.145588367757,
      1674.0797170910114,
      2690.9785564134045,
      2842.6917158524343,
      4545.853007478677,
      9325.585688539404,
      9050.941367745849,
      14623.087446212781,
      22299.10904034775,
      37331.56346240922,
      42212.16069667669,
      58728.05706261741,
      90353.16262520457,
      110141.59082097498,
      154153.71048763875,
      215361.41353431513,
      279595.3868603293,
      363476.3572125216,
      471795.23499139276,
      645530.6656015288,
      784892.0326399623,
      1064328.2700588591,
      1321723.2658561552,
      1669672.5604981412,
      2056095.5619307347,
      2507653.252421956,
      3080613.405634858,
      3622345.037940138,
      4207552.314664079,
      4951250.591811133,
      5703078.095534531,
      6378574.717272185,
      6957376.453623812,
      7696999.923905169,
      7992323.631824233,
      7542868.751972149,
      5610351.876163046,
      2094600.9622178988,
      712229.1322794326,
      119721.3334961112
   ],
   "Sum weights": [
      65280.0,
      0.0,
      0.0,
      130050.0,
      0.0,
      0.0,
      324104.0,
      0.0,
      0.0,
      193800.0,
      258060.0,
      257048.0,
      449570.0,
      575312.0,
      511036.0,
      700020.0,
      1203734.0,
      1007972.0,
      1445380.0,
      1937042.0,
      2859272.0,
      2897116.0,
      3674690.0,
      5155474.0,
      5773520.0,
      7491838.0,
      9701238.0,
      11757186.0,
      14320938.0,
      17540114.0,
      22734900.0,
      26303374.0,
      34062188.0,
      40733820.0,
      50149068.0,
      60431004.0,
      72289830.0,
      87731826.0,
      102476376.0,
      120332462.0,
      140368314.0,
      158782298.0,
      178392398.0,
      192781200.0,
      200564162.0,
      196929652.0,
      173862636.0,
      123283452.0,
      50816154.0,
      14282052.0,
      1557090.0
   ],
   "Sum w * dv^2": [
      13.97682845554163,
      0.0,
      0.0,
      68.50874514129197,
      0.0,
      0.0,
      383.0518349548025,
      0.0,
      0.0,
      367.5006792661088,
      620.5585140029033,
      776.145588367757,
      1674.0797170910114,
      2690.9785564134045,
      2842.6917158524343,
      4545.853007478677,
      9325.585688539404,
      9050.941367745849,
      14623.087446212781,
      22299.10904034775,
      37331.56346240922,
      42212.16069667669,
      58728.05706261741,
      90353.16262520457,
      110141.59082097498,
      154153.71048763875,
      215361.41353431513,
      279595.3868603293,
      363476.3572125216,
      471795.23499139276,
      645530.6656015288,
      784892.0326399623,
      1064328.2700588591,
      1321723.2658561552,
      1669672.5604981412,
      2056095.5619307347,
      2507653.252421956,
      3080613.405634858,
      3622345.037940138,
      4207552.314664079,
      4951250.591811133,
      5703078.095534531,
      6378574.717272185,
      6957376.453623812,
      7696999.923905169,
      7992323.631824233,
      7542868.751972149,
      5610351.876163046,
      2094600.9622178988,
      712229.1322794326,
      119721.3334961112
   ],
   "N pairs": [
      65280,
      0,
      0,
      130050,
      0,
      0,
      324104,
      0,
      0,
      193800,
      258060,
      257048,
      449570,
      575312,
      511036,
      700020,
      1203734,
      1007972,
      1445380,
      1937042,
      2859272,
      2897116,
      3674690,
      5155474,
      5773520,
      7491838,
      9701238,
      11757186,
      14320938,
      17540114,
      22734900,
      26303374,
      34062188,
      40733820,
      50149068,
      60431004,
      72289830,
      87731826,
      102476376,
      120332462,
      140368314,
      158782298,
      178392398,
      192781200,
      200564162,
      196929652,
      173862636,
      123283452,
      50816154,
      14282052,
      1557090
   ],
   "Unweighted B(r)": [
      0.0002141058280567039,
      NaN,
      NaN,
      0.0005267877365727949,
      NaN,
      NaN,
      0.0011818793811702493,
      NaN,
      NaN,
      0.0018962883347064439,
      0.0024047063241219224,
      0.003019457799196092,
      0.003723735385125812,
      0.0046774246954928884,
      0.005562605600882196,
      0.00649389018524996,
      0.007747214657506894,
      0.00897935792635693,
      0.010117123141466452,
      0.011511938843013084,
      0.013056317643934967,
      0.014570407500658135,
      0.015981771812756288,
      0.017525675161043305,
      0.019077025942748092,
      0.02057622047989275,
      0.022199374299889885,
      0.023780808338009565,
      0.025380764668663576,
      0.02689807118650385,
      0.028393820320367753,
      0.029839975382624385,
      0.03124662074141741,
      0.03244781034177878,
      0.03329418924591263,
      0.03402385242400961,
      0.034688880198251344,
      0.0351139779723137,
      0.03534809855044189,
      0.03496606189827712,
      0.03527327821157083,
      0.03591759388401427,
      0.03575586621842588,
      0.0360894965568417,
      0.03837674611033036,
      0.040584663358996,
      0.0433840698928098,
      0.04550774483637144,
      0.04121919502640634,
      0.049868823631186374,
      0.0768878699985943
   ],
   "Weighted B(r)": [
      0.0002141058280567039,
      NaN,
      NaN,
      0.0005267877365727949,
      NaN,
      NaN,
      0.0011818793811702493,
      NaN,
      NaN,
      0.0018962883347064439,
      0.0024047063241219224,
      0.003019457799196092,
      0.003723735385125812,
      0.0046774246954928884,
      0.005562605600882196,
      0.00649389018524996,
      0.007747214657506894,
      0.00897935792635693,
      0.010117123141466452,
      0.011511938843013084,
      0.013056317643934967,
      0.014570407500658135,
      0.015981771812756288,
      0.017525675161043305,
      0.019077025942748092,
      0.02057622047989275,
      0.022199374299889885,
      0.023780808338009565,
      0.025380764668663576,
      0.02689807118650385,
      0.028393820320367753,
      0.029839975382624385,
      0.03124662074141741,
      0.03244781034177878,
      0.03329418924591263,
      0.03402385242400961,
      0.034688880198251344,
      0.0351139779723137,
      0.03534809855044189,
      0.03496606189827712,
      0.03527327821157083,
      0.03591759388401427,
      0.03575586621842588,
      0.0360894965568417,
      0.03837674611033036,
      0.040584663358996,
      0.0433840698928098,
      0.04550774483637144,
      0.04121919502640634,
      0.049868823631186374,
      0.0768878699985943
   ],
   "Unweighted sigma^2": 0.01837387492509003,
   "Apparent r0": 15.067728533309284
}