{
   "log10 r": [
      0.0,
      0.05,
      0.1,
      0.15000000000000002,
      0.2,
      0.25,
      0.30000000000000004,
      0.35000000000000003,
      0.4,
      0.45,
      0.5,
      0.55,
      0.6000000000000001,
      0.65,
      0.7000000000000001,
      0.75,
      0.8,
      0.8500000000000001,
      0.9,
      0.9500000000000001,
      1.0,
      1.05,
      1.1,
      1.1500000000000001,
      1.2000000000000002,
      1.25,
      1.3,
      1.35,
      1.4000000000000001,
      1.4500000000000002,
      1.5,
      1.55,
      1.6,
      1.6500000000000001,
      1.7000000000000002,
      1.75,
      1.8,
      1.85,
      1.9000000000000001,
      1.9500000000000002,
      2.0,
      2.0500000000000003,
      2.1,
      2.15,
      2.2,
      2.25,
      2.3000000000000003,
      2.35,
      2.4000000000000004,
      2.45,
      2.5
   ],
   "Sum dv^2": [
      14.240319476535312,
      0.0,
      0.0,
      74.37256697507104,
      0.0,
      0.0,
      413.3928123454872,
      0.0,
      0.0,
      393.0806737621145,
      678.4938442346046,
      850.6879161249934,
      1825.3900035186375,
      2947.421682058009,
      3144.659750676381,
      5020.241734607405,
      10380.676831023695,
      10179.065623527247,
      16479.559995212203,
      25336.74676653831,
      42686.3093111121,
      48805.63323029662,
      68301.44230649153,
      106121.6603601684,
      129656.8042141012,
      181886.26513953495,
      252743.20106215376,
      326453.5429633693,
      419585.6264975649,
      538569.1162229805,
      730148.8591221215,
      882897.6475611815,
      1190675.7759509513,
      1471606.2083563902,
      1852056.7226648536,
      2254209.463108613,
      2674623.8028376712,
      3183861.470110615,
      3672275.4237642707,
      4333707.003247352,
      5218064.8071433045,
      6008717.877818747,
      7035157.3479133295,
      8113571.880107685,
      8977991.780532563,
      9117266.098019548,
      7465063.802385867,
      4590864.802569126,
      1765785.3057383473,
      532976.6973760788,
      52775.76832176293
   ],
   "Sum weights": [
      65280.0,
      0.0,
      0.0,
      130050.0,
      0.0,
      0.0,
      324104.0,
      0.0,
      0.0,
      193800.0,
      258060.0,
      257048.0,
      449570.0,
      575312.0,
      511036.0,
      700020.0,
      1203734.0,
      1007972.0,
      1445380.0,
      1937042.0,
      2859272.0,
      2897116.0,
      3674690.0,
      5155474.0,
      5773520.0,
      7491838.0,
      9701238.0,
      11757186.0,
      14320938.0,
      17540114.0,
      22734900.0,
      26303374.0,
      34062188.0,
      40733820.0,
      50149068.0,
      60431004.0,
      72289830.0,
      87731826.0,
      102476376.0,
      120332462.0,
      140368314.0,
      158782298.0,
      178392398.0,
      192781200.0,
      200564162.0,
      196929652.0,
      173862636.0,
      123283452.0,
      50816154.0,
      14282052.0,
      1557090.0
   ],
   "Sum w * dv^2": [
      14.240319476535312,
      0.0,
      0.0,
      74.37256697507104,
      0.0,
      0.0,
      413.3928123454872,
      0.0,
      0.0,
      393.0806737621145,
      678.4938442346046,
      850.6879161249934,
      1825.3900035186375,
      2947.421682058009,
      3144.659750676381,
      5020.241734607405,
      10380.676831023695,
      10179.065623527247,
      16479.559995212203,
      25336.74676653831,
      42686.3093111121,
      48805.63323029662,
      68301.44230649153,
      106121.6603601684,
      129656.8042141012,
      181886.26513953495,
      252743.20106215376,
      326453.5429633693,
      419585.6264975649,
      538569.1162229805,
      730148.8591221215,
      882897.6475611815,
      1190675.7759509513,
      1471606.2083563902,
      1852056.7226648536,
      2254209.463108613,
      2674623.8028376712,
      3183861.470110615,
      3672275.4237642707,
      4333707.003247352,
      5218064.8071433045,
      6008717.877818747,
      7035157.3479133295,
      8113571.880107685,
      8977991.780532563,
      9117266.098019548,
      7465063.802385867,
      4590864.802569126,
      1765785.3057383473,
      532976.6973760788,
      52775.76832176293
   ],
   "N pairs": [
      65280,
      0,
      0,
      130050,
      0,
      0,
      324104,
      0,
      0,
      193800,
      258060,
      257048,
      449570,
      575312,
      511036,
      700020,
      1203734,
      1007972,
      1445380,
      1937042,
      2859272,
      2897116,
      3674690,
      5155474,
      5773520,
      7491838,
      9701238,
      11757186,
      14320938,
      17540114,
      22734900,
      26303374,
      34062188,
      40733820,
      50149068,
      60431004,
      72289830,
      87731826,
      102476376,
      120332462,
      140368314,
      158782298,
      178392398,
      192781200,
      200564162,
      196929652,
      173862636,
      123283452,
      50816154,
      14282052,
      1557090
   ],
   "Unweighted B(r)": [
      0.00021814214884398455,
      NaN,
      NaN,
      0.0005718767164557558,
      NaN,
      NaN,
      0.0012754943238759385,
      NaN,
      NaN,
      0.002028280050372108,
      0.0026292096575781005,
      0.003309451604855877,
      0.0040603020742456955,
      0.005123170874339504,
      0.006153499461244181,
      0.0071715690046104475,
      0.008623729853126766,
      0.010098559903972777,
      0.011401541459832156,
      0.013080122561378797,
      0.014929083106158526,
      0.016846282037135073,
      0.01858699436047436,
      0.02058426836410549,
      0.022457149921382657,
      0.024277922872803035,
      0.026052675036129798,
      0.02776629909260339,
      0.029298753091282492,
      0.030704995202595637,
      0.03211577174837459,
      0.03356594661814798,
      0.03495593929406271,
      0.03612738035265021,
      0.03693102975841652,
      0.03730220108718719,
      0.036998617963794785,
      0.0362908378324488,
      0.03583533656346582,
      0.03601444640306082,
      0.03717409334376777,
      0.03784249222680193,
      0.03943641896620129,
      0.042086945615587436,
      0.04476368904097913,
      0.04629707108820538,
      0.04293656172557896,
      0.037238288903275726,
      0.03474850351205932,
      0.03731793564230678,
      0.03389384577754846
   ],
   "Weighted B(r)": [
      0.00021814214884398455,
      NaN,
      NaN,
      0.0005718767164557558,
      NaN,
      NaN,
      0.0012754943238759385,
      NaN,
      NaN,
      0.002028280050372108,
      0.0026292096575781005,
      0.003309451604855877,
      0.0040603020742456955,
      0.005123170874339504,
      0.006153499461244181,
      0.0071715690046104475,
      0.008623729853126766,
      0.010098559903972777,
      0.011401541459832156,
      0.013080122561378797,
      0.014929083106158526,
      0.016846282037135073,
      0.01858699436047436,
      0.02058426836410549,
      0.022457149921382657,
      0.024277922872803035,
      0.026052675036129798,
      0.02776629909260339,
      0.029298753091282492,
      0.030704995202595637,
      0.03211577174837459,
      0.03356594661814798,
      0.03495593929406271,
      0.03612738035265021,
      0.03693102975841652,
      0.03730220108718719,
      0.036998617963794785,
      0.0362908378324488,
      0.03583533656346582,
      0.03601444640306082,
      0.03717409334376777,
      0.03784249222680193,
      0.03943641896620129,
      0.042086945615587436,
      0.04476368904097913,
      0.04629707108820538,
      0.04293656172557896,
      0.037238288903275726,
      0.03474850351205932,
      0.03731793564230678,
      0.03389384577754846
   ],
   "Unweighted sigma^2": 0.019472779622089476,
   "Apparent r0": 13.27051949774159
}