{
   "log10 r": [
      0.0,
      0.05,
      0.1,
      0.15000000000000002,
      0.2,
      0.25,
      0.30000000000000004,
      0.35000000000000003,
      0.4,
      0.45,
      0.5,
      0.55,
      0.6000000000000001,
      0.65,
      0.7000000000000001,
      0.75,
      0.8,
      0.8500000000000001,
      0.9,
      0.9500000000000001,
      1.0,
      1.05,
      1.1,
      1.1500000000000001,
      1.2000000000000002,
      1.25,
      1.3,
      1.35,
      1.4000000000000001,
      1.4500000000000002,
      1.5,
      1.55,
      1.6,
      1.6500000000000001,
      1.7000000000000002,
      1.75,
      1.8,
      1.85,
      1.9000000000000001,
      1.9500000000000002,
      2.0,
      2.0500000000000003,
      2.1,
      2.15,
      2.2,
      2.25,
      2.3000000000000003,
      2.35,
      2.4000000000000004,
      2.45,
      2.5
   ],
   "Sum dv^2": [
      38.20041592538736,
      0.0,
      0.0,
      180.3633349035957,
      0.0,
      0.0,
      947.8861564815368,
      0.0,
      0.0,
      852.7918237568277,
      1399.633325138775,
      1676.2746953575972,
      3441.8388435228358,
      5241.745501990895,
      5353.044881003891,
      8181.329803713555,
      16080.074134401793,
      15091.855504436524,
      23671.166111463874,
      35121.51358748293,
      57346.12676688951,
      63785.41616866495,
      87501.78515593533,
      133310.86490621924,
      160278.34541064803,
      221708.43915716154,
      304323.7528565858,
      388934.5414142101,
      495653.4089365747,
      630883.8608755418,
      849275.1083173604,
      1020921.2836207021,
      1370036.9980617343,
      1685762.195946647,
      2115065.972117876,
      2570949.093535214,
      3050657.933928011,
      3635781.511425667,
      4200333.0417835815,
      4952695.167356012,
      5947633.562388355,
      6831458.903905039,
      7963707.227555993,
      9119926.673717763,
      10032985.548980009,
      10170366.90188797,
      8390513.379063152,
      5237200.291921117,
      2033521.7708982627,
      609460.2874243776,
      62049.942473362215
   ],
   "Sum weights": [
      65280.0,
      0.0,
      0.0,
      130050.0,
      0.0,
      0.0,
      324104.0,
      0.0,
      0.0,
      193800.0,
      258060.0,
      257048.0,
      449570.0,
      575312.0,
      511036.0,
      700020.0,
      1203734.0,
      1007972.0,
      1445380.0,
      1937042.0,
      2859272.0,
      2897116.0,
      3674690.0,
      5155474.0,
      5773520.0,
      7491838.0,
      9701238.0,
      11757186.0,
      14320938.0,
      17540114.0,
      22734900.0,
      26303374.0,
      34062188.0,
      40733820.0,
      50149068.0,
      60431004.0,
      72289830.0,
      87731826.0,
      102476376.0,
      120332462.0,
      140368314.0,
      158782298.0,
      178392398.0,
      192781200.0,
      200564162.0,
      196929652.0,
      173862636.0,
      123283452.0,
      50816154.0,
      14282052.0,
      1557090.0
   ],
   "Sum w * dv^2": [
      38.20041592538736,
      0.0,
      0.0,
      180.3633349035957,
      0.0,
      0.0,
      947.8861564815368,
      0.0,
      0.0,
      852.7918237568277,
      1399.633325138775,
      1676.2746953575972,
      3441.8388435228358,
      5241.745501990895,
      5353.044881003891,
      8181.329803713555,
      16080.074134401793,
      15091.855504436524,
      23671.166111463874,
      35121.51358748293,
      57346.12676688951,
      63785.41616866495,
      87501.78515593533,
      133310.86490621924,
      160278.34541064803,
      221708.43915716154,
      304323.7528565858,
      388934.5414142101,
      495653.4089365747,
      630883.8608755418,
      849275.1083173604,
      1020921.2836207021,
      1370036.9980617343,
      1685762.195946647,
      2115065.972117876,
      2570949.093535214,
      3050657.933928011,
      3635781.511425667,
      4200333.0417835815,
      4952695.167356012,
      5947633.562388355,
      6831458.903905039,
      7963707.227555993,
      9119926.673717763,
      10032985.548980009,
      10170366.90188797,
      8390513.379063152,
      5237200.291921117,
      2033521.7708982627,
      609460.2874243776,
      62049.942473362215
   ],
   "N pairs": [
      65280,
      0,
      0,
      130050,
      0,
      0,
      324104,
      0,
      0,
      193800,
      258060,
      257048,
      449570,
      575312,
      511036,
      700020,
      1203734,
      1007972,
      1445380,
      1937042,
      2859272,
      2897116,
      3674690,
      5155474,
      5773520,
      7491838,
      9701238,
      11757186,
      14320938,
      17540114,
      22734900,
      26303374,
      34062188,
      40733820,
      50149068,
      60431004,
      72289830,
      87731826,
      102476376,
      120332462,
      140368314,
      158782298,
      178392398,
      192781200,
      200564162,
      196929652,
      173862636,
      123283452,
      50816154,
      14282052,
      1557090
   ],
   "Unweighted B(r)": [
      0.0005851779400335074,
      NaN,
      NaN,
      0.0013868768543144614,
      NaN,
      NaN,
      0.00292463578506139,
      NaN,
      NaN,
      0.0044003706076203705,
      0.0054236740492086145,
      0.0065212516547788636,
      0.007655846349896202,
      0.009111135352627609,
      0.01047488803333599,
      0.011687280083016992,
      0.013358494596315959,
      0.014972494776081601,
      0.01637712304823913,
      0.01813151887645334,
      0.020056198489297104,
      0.022016866486763025,
      0.023812018199068582,
      0.02585811991413772,
      0.02776094053725423,
      0.02959333065626373,
      0.031369579104912775,
      0.03308058079664727,
      0.03461040114387582,
      0.03596805932250736,
      0.03735556823726343,
      0.038813320436408734,
      0.040221638083312035,
      0.04138482950891046,
      0.04217557885857173,
      0.042543544263060964,
      0.042200374989511125,
      0.041441990634341376,
      0.040988305848984954,
      0.04115842961275082,
      0.042371624997849265,
      0.04302405866367445,
      0.044641516773354845,
      0.04730713717788749,
      0.05002382005305618,
      0.05164467005653354,
      0.04825943959036231,
      0.042480967290899,
      0.04001723095569694,
      0.04267315981095557,
      0.039849939613870886
   ],
   "Weighted B(r)": [
      0.0005851779400335074,
      NaN,
      NaN,
      0.0013868768543144614,
      NaN,
      NaN,
      0.00292463578506139,
      NaN,
      NaN,
      0.0044003706076203705,
      0.0054236740492086145,
      0.0065212516547788636,
      0.007655846349896202,
      0.009111135352627609,
      0.01047488803333599,
      0.011687280083016992,
      0.013358494596315959,
      0.014972494776081601,
      0.01637712304823913,
      0.01813151887645334,
      0.020056198489297104,
      0.022016866486763025,
      0.023812018199068582,
      0.02585811991413772,
      0.02776094053725423,
      0.02959333065626373,
      0.031369579104912775,
      0.03308058079664727,
      0.03461040114387582,
      0.03596805932250736,
      0.03735556823726343,
      0.038813320436408734,
      0.040221638083312035,
      0.04138482950891046,
      0.04217557885857173,
      0.042543544263060964,
      0.042200374989511125,
      0.041441990634341376,
      0.040988305848984954,
      0.04115842961275082,
      0.042371624997849265,
      0.04302405866367445,
      0.044641516773354845,
      0.04730713717788749,
      0.05002382005305618,
      0.05164467005653354,
      0.04825943959036231,
      0.042480967290899,
      0.04001723095569694,
      0.04267315981095557,
      0.039849939613870886
   ],
   "Unweighted sigma^2": 0.02208931262024094,
   "Apparent r0": 11.275435470551532
}