{
   "log10 r": [
      0.0,
      0.05,
      0.1,
      0.15000000000000002,
      0.2,
      0.25,
      0.30000000000000004,
      0.35000000000000003,
      0.4,
      0.45,
      0.5,
      0.55,
      0.6000000000000001,
      0.65,
      0.7000000000000001,
      0.75,
      0.8,
      0.8500000000000001,
      0.9,
      0.9500000000000001,
      1.0,
      1.05,
      1.1,
      1.1500000000000001,
      1.2000000000000002,
      1.25,
      1.3,
      1.35,
      1.4000000000000001,
      1.4500000000000002,
      1.5,
      1.55,
      1.6,
      1.6500000000000001,
      1.7000000000000002,
      1.75,
      1.8,
      1.85,
      1.9000000000000001,
      1.9500000000000002,
      2.0,
      2.0500000000000003,
      2.1,
      2.15,
      2.2,
      2.25,
      2.3000000000000003,
      2.35,
      2.4000000000000004,
      2.45,
      2.5
   ],
   "Sum dv^2": [
      110.37935816246394,
      0.0,
      0.0,
      386.6122122850362,
      0.0,
      0.0,
      1578.9387531402008,
      0.0,
      0.0,
      1247.915784705221,
      1886.171415384517,
      2147.3719527656644,
      4258.96293338314,
      6268.805324690912,
      6192.557962663817,
      9430.345165709576,
      18344.978211888036,
      17146.959980114218,
      27036.636535308924,
      40437.33775256696,
      66863.45548880077,
      75567.12650415483,
      105662.39151521912,
      164984.22934752796,
      204975.32434882878,
      295005.3281689559,
      425779.51081357314,
      575978.7577271044,
      782082.4154071761,
      1066369.0577264389,
      1543012.5672750582,
      1991778.131448527,
      2878131.5734816003,
      3844275.0736085093,
      5268419.442349532,
      7007025.752709947,
      9168352.612597764,
      12166272.566234652,
      15480832.624374393,
      19789520.29359936,
      25173724.271316417,
      31143861.486084852,
      38547413.80982776,
      45414292.90687663,
      49961147.65717427,
      48825990.204643264,
      40418826.36201487,
      27611972.57529939,
      11980058.97594578,
      3173363.2402087934,
      376990.3032760926
   ],
   "Sum weights": [
      65280.0,
      0.0,
      0.0,
      130050.0,
      0.0,
      0.0,
      324104.0,
      0.0,
      0.0,
      193800.0,
      258060.0,
      257048.0,
      449570.0,
      575312.0,
      511036.0,
      700020.0,
      1203734.0,
      1007972.0,
      1445380.0,
      1937042.0,
      2859272.0,
      2897116.0,
      3674690.0,
      5155474.0,
      5773520.0,
      7491838.0,
      9701238.0,
      11757186.0,
      14320938.0,
      17540114.0,
      22734900.0,
      26303374.0,
      34062188.0,
      40733820.0,
      50149068.0,
      60431004.0,
      72289830.0,
      87731826.0,
      102476376.0,
      120332462.0,
      140368314.0,
      158782298.0,
      178392398.0,
      192781200.0,
      200564162.0,
      196929652.0,
      173862636.0,
      123283452.0,
      50816154.0,
      14282052.0,
      1557090.0
   ],
   "Sum w * dv^2": [
      110.37935816246394,
      0.0,
      0.0,
      386.6122122850362,
      0.0,
      0.0,
      1578.9387531402008,
      0.0,
      0.0,
      1247.915784705221,
      1886.171415384517,
      2147.3719527656644,
      4258.96293338314,
      6268.805324690912,
      6192.557962663817,
      9430.345165709576,
      18344.978211888036,
      17146.959980114218,
      27036.636535308924,
      40437.33775256696,
      66863.45548880077,
      75567.12650415483,
      105662.39151521912,
      164984.22934752796,
      204975.32434882878,
      295005.3281689559,
      425779.51081357314,
      575978.7577271044,
      782082.4154071761,
      1066369.0577264389,
      1543012.5672750582,
      1991778.131448527,
      2878131.5734816003,
      3844275.0736085093,
      5268419.442349532,
      7007025.752709947,
      9168352.612597764,
      12166272.566234652,
      15480832.624374393,
      19789520.29359936,
      25173724.271316417,
      31143861.486084852,
      38547413.80982776,
      45414292.90687663,
      49961147.65717427,
      48825990.204643264,
      40418826.36201487,
      27611972.57529939,
      11980058.97594578,
      3173363.2402087934,
      376990.3032760926
   ],
   "N pairs": [
      65280,
      0,
      0,
      130050,
      0,
      0,
      324104,
      0,
      0,
      193800,
      258060,
      257048,
      449570,
      575312,
      511036,
      700020,
      1203734,
      1007972,
      1445380,
      1937042,
      2859272,
      2897116,
      3674690,
      5155474,
      5773520,
      7491838,
      9701238,
      11757186,
      14320938,
      17540114,
      22734900,
      26303374,
      34062188,
      40733820,
      50149068,
      60431004,
      72289830,
      87731826,
      102476376,
      120332462,
      140368314,
      158782298,
      178392398,
      192781200,
      200564162,
      196929652,
      173862636,
      123283452,
      50816154,
      14282052,
      1557090
   ],
   "Unweighted B(r)": [
      0.0016908602659691167,
      NaN,
      NaN,
      0.0029727967111498363,
      NaN,
      NaN,
      0.0048717039997661265,
      NaN,
      NaN,
      0.006439193935527457,
      0.007309042142852504,
      0.00835397261509782,
      0.009473414447990613,
      0.010896357671473761,
      0.01211765504321382,
      0.013471536764248986,
      0.015240059856985044,
      0.01701134553352099,
      0.01870555600278745,
      0.02087581877551801,
      0.02338478308072851,
      0.026083569489159162,
      0.028754096676241837,
      0.03200175761676384,
      0.03550266117530186,
      0.039376896319562156,
      0.043889193401251796,
      0.048989508010429055,
      0.05461111663266583,
      0.060796016361492226,
      0.06786977586332284,
      0.07572329433663252,
      0.08449637978281373,
      0.09437551090490677,
      0.10505518153098142,
      0.1159508412719727,
      0.12682769640761035,
      0.13867570209053498,
      0.15106733111223988,
      0.1644570381481878,
      0.17934050466201665,
      0.19614189918126046,
      0.21608215508055315,
      0.23557428269393815,
      0.24910306586664405,
      0.24793620315057108,
      0.23247563301648588,
      0.22397144245522416,
      0.235752965010807,
      0.22219238805521738,
      0.24211208297278425
   ],
   "Weighted B(r)": [
      0.0016908602659691167,
      NaN,
      NaN,
      0.0029727967111498363,
      NaN,
      NaN,
      0.0048717039997661265,
      NaN,
      NaN,
      0.006439193935527457,
      0.007309042142852504,
      0.00835397261509782,
      0.009473414447990613,
      0.010896357671473761,
      0.01211765504321382,
      0.013471536764248986,
      0.015240059856985044,
      0.01701134553352099,
      0.01870555600278745,
      0.02087581877551801,
      0.02338478308072851,
      0.026083569489159162,
      0.028754096676241837,
      0.03200175761676384,
      0.03550266117530186,
      0.039376896319562156,
      0.043889193401251796,
      0.048989508010429055,
      0.05461111663266583,
      0.060796016361492226,
      0.06786977586332284,
      0.07572329433663252,
      0.08449637978281373,
      0.09437551090490677,
      0.10505518153098142,
      0.1159508412719727,
      0.12682769640761035,
      0.13867570209053498,
      0.15106733111223988,
      0.1644570381481878,
      0.17934050466201665,
      0.19614189918126046,
      0.21608215508055315,
      0.23557428269393815,
      0.24910306586664405,
      0.24793620315057108,
      0.23247563301648588,
      0.22397144245522416,
      0.235752965010807,
      0.22219238805521738,
      0.24211208297278425
   ],
   "Unweighted sigma^2": 0.09470819352822601,
   "Apparent r0": 44.83814361259
}