{
   "log10 r": [
      0.0,
      0.05,
      0.1,
      0.15000000000000002,
      0.2,
      0.25,
      0.30000000000000004,
      0.35000000000000003,
      0.4,
      0.45,
      0.5,
      0.55,
      0.6000000000000001,
      0.65,
      0.7000000000000001,
      0.75,
      0.8,
      0.8500000000000001,
      0.9,
      0.9500000000000001,
      1.0,
      1.05,
      1.1,
      1.1500000000000001,
      1.2000000000000002,
      1.25,
      1.3,
      1.35,
      1.4000000000000001,
      1.4500000000000002,
      1.5,
      1.55,
      1.6,
      1.6500000000000001,
      1.7000000000000002,
      1.75,
      1.8,
      1.85,
      1.9000000000000001,
      1.9500000000000002,
      2.0,
      2.0500000000000003,
      2.1,
      2.15,
      2.2,
      2.25,
      2.3000000000000003,
      2.35,
      2.4000000000000004,
      2.45,
      2.5
   ],
   "Sum dv^2": [
      877.5202644955828,
      0.0,
      0.0,
      3130.9211622338053,
      0.0,
      0.0,
      12672.749191811863,
      0.0,
      0.0,
      9907.869675870566,
      15001.68611973477,
      16953.47806847588,
      33319.62739047152,
      48479.38624437328,
      47469.978138093116,
      71254.21094374204,
      136267.14376701455,
      125116.67577128783,
      193482.2886048891,
      282183.4017974755,
      453174.44201831066,
      495616.99307638395,
      671418.6442781471,
      1006240.8056302672,
      1198611.055982778,
      1642838.6734133507,
      2244476.855608103,
      2862307.640779415,
      3667542.2329666014,
      4720703.3852528585,
      6423905.747053264,
      7750458.273676937,
      10421371.277367176,
      12901207.24127245,
      16526086.159384279,
      20896893.03379035,
      26004504.99093872,
      32473046.493207365,
      39048109.43671591,
      47904032.093518734,
      58959249.47936552,
      71058793.4651651,
      86432078.74697156,
      103593777.53113806,
      119881472.02863811,
      131732676.72258285,
      124704402.41399485,
      91583949.80012335,
      38107842.7954632,
      10064397.288628783,
      903399.1850027377
   ],
   "Sum weights": [
      65280.0,
      0.0,
      0.0,
      130050.0,
      0.0,
      0.0,
      324104.0,
      0.0,
      0.0,
      193800.0,
      258060.0,
      257048.0,
      449570.0,
      575312.0,
      511036.0,
      700020.0,
      1203734.0,
      1007972.0,
      1445380.0,
      1937042.0,
      2859272.0,
      2897116.0,
      3674690.0,
      5155474.0,
      5773520.0,
      7491838.0,
      9701238.0,
      11757186.0,
      14320938.0,
      17540114.0,
      22734900.0,
      26303374.0,
      34062188.0,
      40733820.0,
      50149068.0,
      60431004.0,
      72289830.0,
      87731826.0,
      102476376.0,
      120332462.0,
      140368314.0,
      158782298.0,
      178392398.0,
      192781200.0,
      200564162.0,
      196929652.0,
      173862636.0,
      123283452.0,
      50816154.0,
      14282052.0,
      1557090.0
   ],
   "Sum w * dv^2": [
      877.5202644955828,
      0.0,
      0.0,
      3130.9211622338053,
      0.0,
      0.0,
      12672.749191811863,
      0.0,
      0.0,
      9907.869675870566,
      15001.68611973477,
      16953.47806847588,
      33319.62739047152,
      48479.38624437328,
      47469.978138093116,
      71254.21094374204,
      136267.14376701455,
      125116.67577128783,
      193482.2886048891,
      282183.4017974755,
      453174.44201831066,
      495616.99307638395,
      671418.6442781471,
      1006240.8056302672,
      1198611.055982778,
      1642838.6734133507,
      2244476.855608103,
      2862307.640779415,
      3667542.2329666014,
      4720703.3852528585,
      6423905.747053264,
      7750458.273676937,
      10421371.277367176,
      12901207.24127245,
      16526086.159384279,
      20896893.03379035,
      26004504.99093872,
      32473046.493207365,
      39048109.43671591,
      47904032.093518734,
      58959249.47936552,
      71058793.4651651,
      86432078.74697156,
      103593777.53113806,
      119881472.02863811,
      131732676.72258285,
      124704402.41399485,
      91583949.80012335,
      38107842.7954632,
      10064397.288628783,
      903399.1850027377
   ],
   "N pairs": [
      65280,
      0,
      0,
      130050,
      0,
      0,
      324104,
      0,
      0,
      193800,
      258060,
      257048,
      449570,
      575312,
      511036,
      700020,
      1203734,
      1007972,
      1445380,
      1937042,
      2859272,
      2897116,
      3674690,
      5155474,
      5773520,
      7491838,
      9701238,
      11757186,
      14320938,
      17540114,
      22734900,
      26303374,
      34062188,
      40733820,
      50149068,
      60431004,
      72289830,
      87731826,
      102476376,
      120332462,
      140368314,
      158782298,
      178392398,
      192781200,
      200564162,
      196929652,
      173862636,
      123283452,
      50816154,
      14282052,
      1557090
   ],
   "Unweighted B(r)": [
      0.013442406012493609,
      NaN,
      NaN,
      0.024074749421251866,
      NaN,
      NaN,
      0.03910087253416145,
      NaN,
      NaN,
      0.051124198533903854,
      0.05813255103361532,
      0.06595452237899489,
      0.07411443688518256,
      0.08426625247582752,
      0.09288969492969794,
      0.10178882166758385,
      0.11320370095636956,
      0.1241271342569911,
      0.13386257496636808,
      0.14567748236614153,
      0.15849294576322598,
      0.1710725400972498,
      0.182714363464169,
      0.19517910586500237,
      0.2076049023789262,
      0.21928379570051443,
      0.23135983836373283,
      0.24345176139761804,
      0.2560965093883237,
      0.2691375543655451,
      0.2825570267321723,
      0.29465642976741074,
      0.30595131696669564,
      0.31671979797800576,
      0.329539248055104,
      0.3457975484536108,
      0.35972563486369685,
      0.3701398679791227,
      0.381044987741525,
      0.39809733215230597,
      0.42003246886163725,
      0.44752339750848735,
      0.48450539213544047,
      0.5373645227394479,
      0.5977213019175286,
      0.6689326639473412,
      0.7172582061507157,
      0.7428730159188222,
      0.7499159183802694,
      0.7046884641386814,
      0.5801843085516815
   ],
   "Weighted B(r)": [
      0.013442406012493609,
      NaN,
      NaN,
      0.024074749421251866,
      NaN,
      NaN,
      0.03910087253416145,
      NaN,
      NaN,
      0.051124198533903854,
      0.05813255103361532,
      0.06595452237899489,
      0.07411443688518256,
      0.08426625247582752,
      0.09288969492969794,
      0.10178882166758385,
      0.11320370095636956,
      0.1241271342569911,
      0.13386257496636808,
      0.14567748236614153,
      0.15849294576322598,
      0.1710725400972498,
      0.182714363464169,
      0.19517910586500237,
      0.2076049023789262,
      0.21928379570051443,
      0.23135983836373283,
      0.24345176139761804,
      0.2560965093883237,
      0.2691375543655451,
      0.2825570267321723,
      0.29465642976741074,
      0.30595131696669564,
      0.31671979797800576,
      0.329539248055104,
      0.3457975484536108,
      0.35972563486369685,
      0.3701398679791227,
      0.381044987741525,
      0.39809733215230597,
      0.42003246886163725,
      0.44752339750848735,
      0.48450539213544047,
      0.5373645227394479,
      0.5977213019175286,
      0.6689326639473412,
      0.7172582061507157,
      0.7428730159188222,
      0.7499159183802694,
      0.7046884641386814,
      0.5801843085516815
   ],
   "Unweighted sigma^2": 0.25144512025599003,
   "Apparent r0": 24.11402177030839
}