{
   "log10 r": [
      0.0,
      0.05,
      0.1,
      0.15000000000000002,
      0.2,
      0.25,
      0.30000000000000004,
      0.35000000000000003,
      0.4,
      0.45,
      0.5,
      0.55,
      0.6000000000000001,
      0.65,
      0.7000000000000001,
      0.75,
      0.8,
      0.8500000000000001,
      0.9,
      0.9500000000000001,
      1.0,
      1.05,
      1.1,
      1.1500000000000001,
      1.2000000000000002,
      1.25,
      1.3,
      1.35,
      1.4000000000000001,
      1.4500000000000002,
      1.5,
      1.55,
      1.6,
      1.6500000000000001,
      1.7000000000000002,
      1.75,
      1.8,
      1.85,
      1.9000000000000001,
      1.9500000000000002,
      2.0,
      2.0500000000000003,
      2.1,
      2.15,
      2.2,
      2.25,
      2.3000000000000003,
      2.35,
      2.4000000000000004,
      2.45,
      2.5
   ],
   "Sum dv^2": [
      14.039674714024816,
      0.0,
      0.0,
      68.71691932164117,
      0.0,
      0.0,
      356.0393933502841,
      0.0,
      0.0,
      315.226892270723,
      521.8366011248171,
      618.3187557583483,
      1259.3960145321118,
      1897.203146274711,
      1940.2283402292442,
      2931.260826680898,
      5717.555487508198,
      5321.765580492099,
      8303.255087424659,
      12221.401704745576,
      19826.135695671506,
      21851.129702948645,
      29808.114708599544,
      45137.9187239849,
      54136.50190498468,
      74602.61451534685,
      102280.81723076593,
      130246.09057070987,
      165758.03379252244,
      211489.46299212414,
      286410.69267519796,
      344566.75609796564,
      458393.6867660453,
      558563.9855106468,
      700317.2815930942,
      861893.7508853041,
      1060326.7104467908,
      1325540.2874460525,
      1582489.1855507044,
      1861417.3096179208,
      2150693.4196798624,
      2362098.7369908383,
      2567229.298392891,
      2710181.3606980955,
      2693795.6728792586,
      2882958.146032649,
      2805798.9012934864,
      2114629.388149339,
      929495.0815630611,
      228300.4549350318,
      25346.244286061403
   ],
   "Sum weights": [
      65280.0,
      0.0,
      0.0,
      130050.0,
      0.0,
      0.0,
      324104.0,
      0.0,
      0.0,
      193800.0,
      258060.0,
      257048.0,
      449570.0,
      575312.0,
      511036.0,
      700020.0,
      1203734.0,
      1007972.0,
      1445380.0,
      1937042.0,
      2859272.0,
      2897116.0,
      3674690.0,
      5155474.0,
      5773520.0,
      7491838.0,
      9701238.0,
      11757186.0,
      14320938.0,
      17540114.0,
      22734900.0,
      26303374.0,
      34062188.0,
      40733820.0,
      50149068.0,
      60431004.0,
      72289830.0,
      87731826.0,
      102476376.0,
      120332462.0,
      140368314.0,
      158782298.0,
      178392398.0,
      192781200.0,
      200564162.0,
      196929652.0,
      173862636.0,
      123283452.0,
      50816154.0,
      14282052.0,
      1557090.0
   ],
   "Sum w * dv^2": [
      14.039674714024816,
      0.0,
      0.0,
      68.71691932164117,
      0.0,
      0.0,
      356.0393933502841,
      0.0,
      0.0,
      315.226892270723,
      521.8366011248171,
      618.3187557583483,
      1259.3960145321118,
      1897.203146274711,
      1940.2283402292442,
      2931.260826680898,
      5717.555487508198,
      5321.765580492099,
      8303.255087424659,
      12221.401704745576,
      19826.135695671506,
      21851.129702948645,
      29808.114708599544,
      45137.9187239849,
      54136.50190498468,
      74602.61451534685,
      102280.81723076593,
      130246.09057070987,
      165758.03379252244,
      211489.46299212414,
      286410.69267519796,
      344566.75609796564,
      458393.6867660453,
      558563.9855106468,
      700317.2815930942,
      861893.7508853041,
      1060326.7104467908,
      1325540.2874460525,
      1582489.1855507044,
      1861417.3096179208,
      2150693.4196798624,
      2362098.7369908383,
      2567229.298392891,
      2710181.3606980955,
      2693795.6728792586,
      2882958.146032649,
      2805798.9012934864,
      2114629.388149339,
      929495.0815630611,
      228300.4549350318,
      25346.244286061403
   ],
   "N pairs": [
      65280,
      0,
      0,
      130050,
      0,
      0,
      324104,
      0,
      0,
      193800,
      258060,
      257048,
      449570,
      575312,
      511036,
      700020,
      1203734,
      1007972,
      1445380,
      1937042,
      2859272,
      2897116,
      3674690,
      5155474,
      5773520,
      7491838,
      9701238,
      11757186,
      14320938,
      17540114,
      22734900,
      26303374,
      34062188,
      40733820,
      50149068,
      60431004,
      72289830,
      87731826,
      102476376,
      120332462,
      140368314,
      158782298,
      178392398,
      192781200,
      200564162,
      196929652,
      173862636,
      123283452,
      50816154,
      14282052,
      1557090
   ],
   "Unweighted B(r)": [
      0.00021506854647709584,
      NaN,
      NaN,
      0.0005283884607584866,
      NaN,
      NaN,
      0.0010985344005328046,
      NaN,
      NaN,
      0.0016265577516549174,
      0.002022152217022464,
      0.0024054602866326455,
      0.00280133464095049,
      0.0032976943750081885,
      0.003796656870023333,
      0.004187395826806231,
      0.00474984962417627,
      0.005279676003393049,
      0.005744686578909809,
      0.006309311674576791,
      0.006933980291371897,
      0.007542373071340134,
      0.008111735876658858,
      0.008755338252890986,
      0.00937668907442681,
      0.009957852067189233,
      0.010543068547618967,
      0.011077998644463894,
      0.011574523525799947,
      0.012057473685297835,
      0.01259784264171815,
      0.013099717021016605,
      0.013457552602494158,
      0.013712536303019133,
      0.01396471179869373,
      0.014262443014934918,
      0.014667716198070887,
      0.01510900146368836,
      0.015442478035627493,
      0.015468953918834643,
      0.015321787078527297,
      0.014876335503034717,
      0.014390911984897984,
      0.014058328097854435,
      0.013431091806318112,
      0.014639533035038569,
      0.016138021174908947,
      0.017152580933159942,
      0.01829133077570296,
      0.015985129793326044,
      0.01627795714188737
   ],
   "Weighted B(r)": [
      0.00021506854647709584,
      NaN,
      NaN,
      0.0005283884607584866,
      NaN,
      NaN,
      0.0010985344005328046,
      NaN,
      NaN,
      0.0016265577516549174,
      0.002022152217022464,
      0.0024054602866326455,
      0.00280133464095049,
      0.0032976943750081885,
      0.003796656870023333,
      0.004187395826806231,
      0.00474984962417627,
      0.005279676003393049,
      0.005744686578909809,
      0.006309311674576791,
      0.006933980291371897,
      0.007542373071340134,
      0.008111735876658858,
      0.008755338252890986,
      0.00937668907442681,
      0.009957852067189233,
      0.010543068547618967,
      0.011077998644463894,
      0.011574523525799947,
      0.012057473685297835,
      0.01259784264171815,
      0.013099717021016605,
      0.013457552602494158,
      0.013712536303019133,
      0.01396471179869373,
      0.014262443014934918,
      0.014667716198070887,
      0.01510900146368836,
      0.015442478035627493,
      0.015468953918834643,
      0.015321787078527297,
      0.014876335503034717,
      0.014390911984897984,
      0.014058328097854435,
      0.013431091806318112,
      0.014639533035038569,
      0.016138021174908947,
      0.017152580933159942,
      0.01829133077570296,
      0.015985129793326044,
      0.01627795714188737
   ],
   "Unweighted sigma^2": 0.007340304361857015,
   "Apparent r0": 10.81491820183771
}