{
   "log10 r": [
      0.0,
      0.05,
      0.1,
      0.15000000000000002,
      0.2,
      0.25,
      0.30000000000000004,
      0.35000000000000003,
      0.4,
      0.45,
      0.5,
      0.55,
      0.6000000000000001,
      0.65,
      0.7000000000000001,
      0.75,
      0.8,
      0.8500000000000001,
      0.9,
      0.9500000000000001,
      1.0,
      1.05,
      1.1,
      1.1500000000000001,
      1.2000000000000002,
      1.25,
      1.3,
      1.35,
      1.4000000000000001,
      1.4500000000000002,
      1.5,
      1.55,
      1.6,
      1.6500000000000001,
      1.7000000000000002,
      1.75,
      1.8,
      1.85,
      1.9000000000000001,
      1.9500000000000002,
      2.0,
      2.0500000000000003,
      2.1,
      2.15,
      2.2,
      2.25,
      2.3000000000000003,
      2.35,
      2.4000000000000004,
      2.45,
      2.5
   ],
   "Sum dv^2": [
      1.8942211719481579,
      0.0,
      0.0,
      11.10712520932171,
      0.0,
      0.0,
      62.74701068797307,
      0.0,
      0.0,
      60.65721305910171,
      109.65846222755788,
      141.41871062613532,
      311.404689024935,
      528.2195309063998,
      588.9467649503981,
      986.0699353530796,
      2187.7201180271045,
      2304.8129722624913,
      3981.390139423423,
      6671.634625745707,
      12369.124791576152,
      15610.321782002295,
      23929.781078326938,
      41125.0239868327,
      55438.085735276356,
      85559.37982142408,
      130851.53635689305,
      185011.92935654445,
      258172.642323021,
      355686.91691219516,
      510462.8303693198,
      640733.5953188756,
      880078.1819693323,
      1089814.755992372,
      1356519.3972193582,
      1620429.7181401737,
      1909508.0672156042,
      2300783.2566955346,
      2706675.2415566314,
      3209858.302676318,
      3719357.941230544,
      4056305.466002622,
      4444775.840917244,
      5073750.235099682,
      5715257.9543693485,
      5767607.183914007,
      5621085.184345283,
      4454266.536052657,
      1888631.7248086245,
      553233.4220280157,
      54134.74367065495
   ],
   "Sum weights": [
      65280.0,
      0.0,
      0.0,
      130050.0,
      0.0,
      0.0,
      324104.0,
      0.0,
      0.0,
      193800.0,
      258060.0,
      257048.0,
      449570.0,
      575312.0,
      511036.0,
      700020.0,
      1203734.0,
      1007972.0,
      1445380.0,
      1937042.0,
      2859272.0,
      2897116.0,
      3674690.0,
      5155474.0,
      5773520.0,
      7491838.0,
      9701238.0,
      11757186.0,
      14320938.0,
      17540114.0,
      22734900.0,
      26303374.0,
      34062188.0,
      40733820.0,
      50149068.0,
      60431004.0,
      72289830.0,
      87731826.0,
      102476376.0,
      120332462.0,
      140368314.0,
      158782298.0,
      178392398.0,
      192781200.0,
      200564162.0,
      196929652.0,
      173862636.0,
      123283452.0,
      50816154.0,
      14282052.0,
      1557090.0
   ],
   "Sum w * dv^2": [
      1.8942211719481579,
      0.0,
      0.0,
      11.10712520932171,
      0.0,
      0.0,
      62.74701068797307,
      0.0,
      0.0,
      60.65721305910171,
      109.65846222755788,
      141.41871062613532,
      311.404689024935,
      528.2195309063998,
      588.9467649503981,
      986.0699353530796,
      2187.7201180271045,
      2304.8129722624913,
      3981.390139423423,
      6671.634625745707,
      12369.124791576152,
      15610.321782002295,
      23929.781078326938,
      41125.0239868327,
      55438.085735276356,
      85559.37982142408,
      130851.53635689305,
      185011.92935654445,
      258172.642323021,
      355686.91691219516,
      510462.8303693198,
      640733.5953188756,
      880078.1819693323,
      1089814.755992372,
      1356519.3972193582,
      1620429.7181401737,
      1909508.0672156042,
      2300783.2566955346,
      2706675.2415566314,
      3209858.302676318,
      3719357.941230544,
      4056305.466002622,
      4444775.840917244,
      5073750.235099682,
      5715257.9543693485,
      5767607.183914007,
      5621085.184345283,
      4454266.536052657,
      1888631.7248086245,
      553233.4220280157,
      54134.74367065495
   ],
   "N pairs": [
      65280,
      0,
      0,
      130050,
      0,
      0,
      324104,
      0,
      0,
      193800,
      258060,
      257048,
      449570,
      575312,
      511036,
      700020,
      1203734,
      1007972,
      1445380,
      1937042,
      2859272,
      2897116,
      3674690,
      5155474,
      5773520,
      7491838,
      9701238,
      11757186,
      14320938,
      17540114,
      22734900,
      26303374,
      34062188,
      40733820,
      50149068,
      60431004,
      72289830,
      87731826,
      102476376,
      120332462,
      140368314,
      158782298,
      178392398,
      192781200,
      200564162,
      196929652,
      173862636,
      123283452,
      50816154,
      14282052,
      1557090
   ],
   "Unweighted B(r)": [
      2.90168684428333e-05,
      NaN,
      NaN,
      8.54065760040116e-05,
      NaN,
      NaN,
      0.0001936014695528999,
      NaN,
      NaN,
      0.000312988715475241,
      0.0004249339774763926,
      0.0005501646020437246,
      0.0006926723069264742,
      0.0009181444692730202,
      0.0011524565098161345,
      0.0014086310896161247,
      0.0018174448159037665,
      0.0022865843220471315,
      0.0027545629103927155,
      0.003444238496504313,
      0.004325969964234306,
      0.0053882280799257935,
      0.0065120543714781215,
      0.007976962736468595,
      0.009602129331027926,
      0.011420345691060603,
      0.013488127634523867,
      0.015736072335382333,
      0.018027634944234868,
      0.02027848376083503,
      0.022452829366714604,
      0.024359369080136854,
      0.025837394296847057,
      0.026754543423434682,
      0.027049742922826765,
      0.026814542385232815,
      0.02641461554433873,
      0.02622518373999801,
      0.026412675264361724,
      0.02667491588991438,
      0.026497133400281092,
      0.0255463330427591,
      0.024915724496944337,
      0.026318698270887834,
      0.02849590822895542,
      0.029287652343558738,
      0.032330610611156746,
      0.036130287267204825,
      0.03716597137218658,
      0.03873626997213116,
      0.034766611866144506
   ],
   "Weighted B(r)": [
      2.90168684428333e-05,
      NaN,
      NaN,
      8.54065760040116e-05,
      NaN,
      NaN,
      0.0001936014695528999,
      NaN,
      NaN,
      0.000312988715475241,
      0.0004249339774763926,
      0.0005501646020437246,
      0.0006926723069264742,
      0.0009181444692730202,
      0.0011524565098161345,
      0.0014086310896161247,
      0.0018174448159037665,
      0.0022865843220471315,
      0.0027545629103927155,
      0.003444238496504313,
      0.004325969964234306,
      0.0053882280799257935,
      0.0065120543714781215,
      0.007976962736468595,
      0.009602129331027926,
      0.011420345691060603,
      0.013488127634523867,
      0.015736072335382333,
      0.018027634944234868,
      0.02027848376083503,
      0.022452829366714604,
      0.024359369080136854,
      0.025837394296847057,
      0.026754543423434682,
      0.027049742922826765,
      0.026814542385232815,
      0.02641461554433873,
      0.02622518373999801,
      0.026412675264361724,
      0.02667491588991438,
      0.026497133400281092,
      0.0255463330427591,
      0.024915724496944337,
      0.026318698270887834,
      0.02849590822895542,
      0.029287652343558738,
      0.032330610611156746,
      0.036130287267204825,
      0.03716597137218658,
      0.03873626997213116,
      0.034766611866144506
   ],
   "Unweighted sigma^2": 0.013728613846696148,
   "Apparent r0": 20.21307657759116
}