{
   "log10 r": [
      0.0,
      0.05,
      0.1,
      0.15000000000000002,
      0.2,
      0.25,
      0.30000000000000004,
      0.35000000000000003,
      0.4,
      0.45,
      0.5,
      0.55,
      0.6000000000000001,
      0.65,
      0.7000000000000001,
      0.75,
      0.8,
      0.8500000000000001,
      0.9,
      0.9500000000000001,
      1.0,
      1.05,
      1.1,
      1.1500000000000001,
      1.2000000000000002,
      1.25,
      1.3,
      1.35,
      1.4000000000000001,
      1.4500000000000002,
      1.5,
      1.55,
      1.6,
      1.6500000000000001,
      1.7000000000000002,
      1.75,
      1.8,
      1.85,
      1.9000000000000001,
      1.9500000000000002,
      2.0,
      2.0500000000000003,
      2.1,
      2.15,
      2.2,
      2.25,
      2.3000000000000003,
      2.35,
      2.4000000000000004,
      2.45,
      2.5
   ],
   "Sum dv^2": [
      964.9431438400107,
      0.0,
      0.0,
      3347.142467330133,
      0.0,
      0.0,
      13082.215285520913,
      0.0,
      0.0,
      9952.608549418821,
      14858.30145562846,
      16521.7736361379,
      31949.307176258528,
      45640.099113173506,
      43949.76895989703,
      65010.96284915566,
      121913.88159225335,
      109876.90453363085,
      167197.9222979688,
      239234.6005021474,
      377130.4076426462,
      404907.8036820075,
      539980.9947393785,
      794563.460874801,
      930016.894001193,
      1250444.0727477258,
      1680180.056819227,
      2098639.7154628695,
      2635214.768357461,
      3316246.2993726465,
      4395981.824057488,
      5166684.582234394,
      6793278.436250178,
      8158479.407388864,
      10030391.89136384,
      12128135.188322423,
      14518982.34981049,
      17486636.201427795,
      20134831.009155955,
      23514178.529501554,
      27252087.11801287,
      30508760.311529256,
      35026788.69280092,
      39440178.84766852,
      42913526.01485838,
      43509669.47576431,
      37577499.759961866,
      26794629.46674579,
      12283594.974862892,
      4606824.880246628,
      538049.032671154
   ],
   "Sum weights": [
      65280.0,
      0.0,
      0.0,
      130050.0,
      0.0,
      0.0,
      324104.0,
      0.0,
      0.0,
      193800.0,
      258060.0,
      257048.0,
      449570.0,
      575312.0,
      511036.0,
      700020.0,
      1203734.0,
      1007972.0,
      1445380.0,
      1937042.0,
      2859272.0,
      2897116.0,
      3674690.0,
      5155474.0,
      5773520.0,
      7491838.0,
      9701238.0,
      11757186.0,
      14320938.0,
      17540114.0,
      22734900.0,
      26303374.0,
      34062188.0,
      40733820.0,
      50149068.0,
      60431004.0,
      72289830.0,
      87731826.0,
      102476376.0,
      120332462.0,
      140368314.0,
      158782298.0,
      178392398.0,
      192781200.0,
      200564162.0,
      196929652.0,
      173862636.0,
      123283452.0,
      50816154.0,
      14282052.0,
      1557090.0
   ],
   "Sum w * dv^2": [
      964.9431438400107,
      0.0,
      0.0,
      3347.142467330133,
      0.0,
      0.0,
      13082.215285520913,
      0.0,
      0.0,
      9952.608549418821,
      14858.30145562846,
      16521.7736361379,
      31949.307176258528,
      45640.099113173506,
      43949.76895989703,
      65010.96284915566,
      121913.88159225335,
      109876.90453363085,
      167197.9222979688,
      239234.6005021474,
      377130.4076426462,
      404907.8036820075,
      539980.9947393785,
      794563.460874801,
      930016.894001193,
      1250444.0727477258,
      1680180.056819227,
      2098639.7154628695,
      2635214.768357461,
      3316246.2993726465,
      4395981.824057488,
      5166684.582234394,
      6793278.436250178,
      8158479.407388864,
      10030391.89136384,
      12128135.188322423,
      14518982.34981049,
      17486636.201427795,
      20134831.009155955,
      23514178.529501554,
      27252087.11801287,
      30508760.311529256,
      35026788.69280092,
      39440178.84766852,
      42913526.01485838,
      43509669.47576431,
      37577499.759961866,
      26794629.46674579,
      12283594.974862892,
      4606824.880246628,
      538049.032671154
   ],
   "N pairs": [
      65280,
      0,
      0,
      130050,
      0,
      0,
      324104,
      0,
      0,
      193800,
      258060,
      257048,
      449570,
      575312,
      511036,
      700020,
      1203734,
      1007972,
      1445380,
      1937042,
      2859272,
      2897116,
      3674690,
      5155474,
      5773520,
      7491838,
      9701238,
      11757186,
      14320938,
      17540114,
      22734900,
      26303374,
      34062188,
      40733820,
      50149068,
      60431004,
      72289830,
      87731826,
      102476376,
      120332462,
      140368314,
      158782298,
      178392398,
      192781200,
      200564162,
      196929652,
      173862636,
      123283452,
      50816154,
      14282052,
      1557090
   ],
   "Unweighted B(r)": [
      0.01478160453186291,
      NaN,
      NaN,
      0.02573735076762886,
      NaN,
      NaN,
      0.040364251245035274,
      NaN,
      NaN,
      0.05135504927460692,
      0.057576925736760674,
      0.06427505227092956,
      0.07106636825468454,
      0.07933103970223723,
      0.08600131685418842,
      0.09287015063734702,
      0.10127975249702455,
      0.10900789360580537,
      0.1156774843279752,
      0.12350511785606476,
      0.13189735276764372,
      0.13976237184911044,
      0.14694599945556727,
      0.15412035069419439,
      0.1610831683273277,
      0.16690751625271738,
      0.17319233450609367,
      0.178498470251544,
      0.18401132442284582,
      0.18906640511986675,
      0.1933583092099586,
      0.19642668587818407,
      0.19943752398554604,
      0.20028760885644567,
      0.20001153144787936,
      0.20069392175450904,
      0.2008440516433707,
      0.19931918664758894,
      0.19648266063932585,
      0.19541010080473176,
      0.19414700042641297,
      0.1921420756331997,
      0.1963468683951483,
      0.20458519216432164,
      0.2139640780632503,
      0.22094016332169375,
      0.21613326833467467,
      0.21734165479683185,
      0.2417261836632283,
      0.32256043320992167,
      0.34554780563175796
   ],
   "Weighted B(r)": [
      0.01478160453186291,
      NaN,
      NaN,
      0.02573735076762886,
      NaN,
      NaN,
      0.040364251245035274,
      NaN,
      NaN,
      0.05135504927460692,
      0.057576925736760674,
      0.06427505227092956,
      0.07106636825468454,
      0.07933103970223723,
      0.08600131685418842,
      0.09287015063734702,
      0.10127975249702455,
      0.10900789360580537,
      0.1156774843279752,
      0.12350511785606476,
      0.13189735276764372,
      0.13976237184911044,
      0.14694599945556727,
      0.15412035069419439,
      0.1610831683273277,
      0.16690751625271738,
      0.17319233450609367,
      0.178498470251544,
      0.18401132442284582,
      0.18906640511986675,
      0.1933583092099586,
      0.19642668587818407,
      0.19943752398554604,
      0.20028760885644567,
      0.20001153144787936,
      0.20069392175450904,
      0.2008440516433707,
      0.19931918664758894,
      0.19648266063932585,
      0.19541010080473176,
      0.19414700042641297,
      0.1921420756331997,
      0.1963468683951483,
      0.20458519216432164,
      0.2139640780632503,
      0.22094016332169375,
      0.21613326833467467,
      0.21734165479683185,
      0.2417261836632283,
      0.32256043320992167,
      0.34554780563175796
   ],
   "Unweighted sigma^2": 0.10229228728538152,
   "Apparent r0": 6.41044307516557
}