{
   "log10 r": [
      0.0,
      0.05,
      0.1,
      0.15000000000000002,
      0.2,
      0.25,
      0.30000000000000004,
      0.35000000000000003,
      0.4,
      0.45,
      0.5,
      0.55,
      0.6000000000000001,
      0.65,
      0.7000000000000001,
      0.75,
      0.8,
      0.8500000000000001,
      0.9,
      0.9500000000000001,
      1.0,
      1.05,
      1.1,
      1.1500000000000001,
      1.2000000000000002,
      1.25,
      1.3,
      1.35,
      1.4000000000000001,
      1.4500000000000002,
      1.5,
      1.55,
      1.6,
      1.6500000000000001,
      1.7000000000000002,
      1.75,
      1.8,
      1.85,
      1.9000000000000001,
      1.9500000000000002,
      2.0,
      2.0500000000000003,
      2.1,
      2.15,
      2.2,
      2.25,
      2.3000000000000003,
      2.35,
      2.4000000000000004,
      2.45,
      2.5
   ],
   "Sum dv^2": [
      0.30132205392212486,
      0.0,
      0.0,
      1.4671834927427148,
      0.0,
      0.0,
      8.50258122564152,
      0.0,
      0.0,
      8.503369508059642,
      14.537737611741768,
      18.841309324971434,
      42.31746761068966,
      72.12465929480078,
      79.00614658267435,
      134.96483548489573,
      300.23817094280287,
      316.91581782873874,
      554.7604057757392,
      941.1968758299347,
      1777.5900877004462,
      2288.482683867392,
      3599.796680992727,
      6375.025756405225,
      8933.747898952279,
      14438.17215128765,
      23354.90320021298,
      35355.29351313702,
      53253.61695893056,
      80133.525041926,
      127474.81490419565,
      179272.12185331964,
      279805.24321945093,
      399913.21519473055,
      580776.1245914607,
      813464.4868414759,
      1111389.4684419967,
      1513114.483542481,
      1943894.211094227,
      2458385.2079380383,
      3037179.322445777,
      3581530.5723234722,
      4169475.6112471027,
      4648736.905323935,
      4947166.825051781,
      4792561.211587554,
      3896113.4366484834,
      2481760.7925250493,
      1094582.5997027704,
      328592.5376938041,
      28712.849221051216
   ],
   "Sum weights": [
      65280.0,
      0.0,
      0.0,
      130050.0,
      0.0,
      0.0,
      324104.0,
      0.0,
      0.0,
      193800.0,
      258060.0,
      257048.0,
      449570.0,
      575312.0,
      511036.0,
      700020.0,
      1203734.0,
      1007972.0,
      1445380.0,
      1937042.0,
      2859272.0,
      2897116.0,
      3674690.0,
      5155474.0,
      5773520.0,
      7491838.0,
      9701238.0,
      11757186.0,
      14320938.0,
      17540114.0,
      22734900.0,
      26303374.0,
      34062188.0,
      40733820.0,
      50149068.0,
      60431004.0,
      72289830.0,
      87731826.0,
      102476376.0,
      120332462.0,
      140368314.0,
      158782298.0,
      178392398.0,
      192781200.0,
      200564162.0,
      196929652.0,
      173862636.0,
      123283452.0,
      50816154.0,
      14282052.0,
      1557090.0
   ],
   "Sum w * dv^2": [
      0.30132205392212486,
      0.0,
      0.0,
      1.4671834927427148,
      0.0,
      0.0,
      8.50258122564152,
      0.0,
      0.0,
      8.503369508059642,
      14.537737611741768,
      18.841309324971434,
      42.31746761068966,
      72.12465929480078,
      79.00614658267435,
      134.96483548489573,
      300.23817094280287,
      316.91581782873874,
      554.7604057757392,
      941.1968758299347,
      1777.5900877004462,
      2288.482683867392,
      3599.796680992727,
      6375.025756405225,
      8933.747898952279,
      14438.17215128765,
      23354.90320021298,
      35355.29351313702,
      53253.61695893056,
      80133.525041926,
      127474.81490419565,
      179272.12185331964,
      279805.24321945093,
      399913.21519473055,
      580776.1245914607,
      813464.4868414759,
      1111389.4684419967,
      1513114.483542481,
      1943894.211094227,
      2458385.2079380383,
      3037179.322445777,
      3581530.5723234722,
      4169475.6112471027,
      4648736.905323935,
      4947166.825051781,
      4792561.211587554,
      3896113.4366484834,
      2481760.7925250493,
      1094582.5997027704,
      328592.5376938041,
      28712.849221051216
   ],
   "N pairs": [
      65280,
      0,
      0,
      130050,
      0,
      0,
      324104,
      0,
      0,
      193800,
      258060,
      257048,
      449570,
      575312,
      511036,
      700020,
      1203734,
      1007972,
      1445380,
      1937042,
      2859272,
      2897116,
      3674690,
      5155474,
      5773520,
      7491838,
      9701238,
      11757186,
      14320938,
      17540114,
      22734900,
      26303374,
      34062188,
      40733820,
      50149068,
      60431004,
      72289830,
      87731826,
      102476376,
      120332462,
      140368314,
      158782298,
      178392398,
      192781200,
      200564162,
      196929652,
      173862636,
      123283452,
      50816154,
      14282052,
      1557090
   ],
   "Unweighted B(r)": [
      4.615840286797256e-06,
      NaN,
      NaN,
      1.1281687756576046e-05,
      NaN,
      NaN,
      2.6234113820383335e-05,
      NaN,
      NaN,
      4.387703564530259e-05,
      5.633471910308366e-05,
      7.329879759800284e-05,
      9.412876217427689e-05,
      0.00012536616530647854,
      0.0001545999627867202,
      0.00019280139922415893,
      0.00024942235655286206,
      0.0003144093465182949,
      0.00038381630144027117,
      0.00048589389173282494,
      0.0006216932448890648,
      0.0007899175193079573,
      0.000979619146374994,
      0.0012365547292848777,
      0.0015473658875265485,
      0.0019271869134500307,
      0.00240741472379226,
      0.003007122070973192,
      0.003718584422258553,
      0.004568586329708347,
      0.005607010143180557,
      0.006815556128020673,
      0.008214541098165828,
      0.009817719408460355,
      0.011580995375456642,
      0.01346104537401821,
      0.015374077770579855,
      0.017247041951942058,
      0.018969193554368345,
      0.020429941904936993,
      0.021637214524395987,
      0.022556233392739235,
      0.023372496014359888,
      0.024114057311210507,
      0.024666255305630228,
      0.024336412332600647,
      0.022409147395237257,
      0.020130526459666696,
      0.021540052002022237,
      0.02300737580942879,
      0.018440070401229997
   ],
   "Weighted B(r)": [
      4.615840286797256e-06,
      NaN,
      NaN,
      1.1281687756576046e-05,
      NaN,
      NaN,
      2.6234113820383335e-05,
      NaN,
      NaN,
      4.387703564530259e-05,
      5.633471910308366e-05,
      7.329879759800284e-05,
      9.412876217427689e-05,
      0.00012536616530647854,
      0.0001545999627867202,
      0.00019280139922415893,
      0.00024942235655286206,
      0.0003144093465182949,
      0.00038381630144027117,
      0.00048589389173282494,
      0.0006216932448890648,
      0.0007899175193079573,
      0.000979619146374994,
      0.0012365547292848777,
      0.0015473658875265485,
      0.0019271869134500307,
      0.00240741472379226,
      0.003007122070973192,
      0.003718584422258553,
      0.004568586329708347,
      0.005607010143180557,
      0.006815556128020673,
      0.008214541098165828,
      0.009817719408460355,
      0.011580995375456642,
      0.01346104537401821,
      0.015374077770579855,
      0.017247041951942058,
      0.018969193554368345,
      0.020429941904936993,
      0.021637214524395987,
      0.022556233392739235,
      0.023372496014359888,
      0.024114057311210507,
      0.024666255305630228,
      0.024336412332600647,
      0.022409147395237257,
      0.020130526459666696,
      0.021540052002022237,
      0.02300737580942879,
      0.018440070401229997
   ],
   "Unweighted sigma^2": 0.009964780980740011,
   "Apparent r0": 45.12293305155182
}