{
   "log10 r": [
      0.0,
      0.05,
      0.1,
      0.15000000000000002,
      0.2,
      0.25,
      0.30000000000000004,
      0.35000000000000003,
      0.4,
      0.45,
      0.5,
      0.55,
      0.6000000000000001,
      0.65,
      0.7000000000000001,
      0.75,
      0.8,
      0.8500000000000001,
      0.9,
      0.9500000000000001,
      1.0,
      1.05,
      1.1,
      1.1500000000000001,
      1.2000000000000002,
      1.25,
      1.3,
      1.35,
      1.4000000000000001,
      1.4500000000000002,
      1.5,
      1.55,
      1.6,
      1.6500000000000001,
      1.7000000000000002,
      1.75,
      1.8,
      1.85,
      1.9000000000000001,
      1.9500000000000002,
      2.0,
      2.0500000000000003,
      2.1,
      2.15,
      2.2,
      2.25,
      2.3000000000000003,
      2.35,
      2.4000000000000004,
      2.45,
      2.5
   ],
   "Sum dv^2": [
      15.75938940996262,
      0.0,
      0.0,
      84.5853452885357,
      0.0,
      0.0,
      471.7055552884703,
      0.0,
      0.0,
      450.48370513295833,
      784.2510510431822,
      989.7260668489139,
      2133.913952855154,
      3483.10341370794,
      3738.8217699805346,
      6030.726768972324,
      12628.205962537322,
      12539.891561057768,
      20502.457220792297,
      31938.76135364555,
      54541.721934085115,
      63221.38383002693,
      89616.33539638494,
      141148.60411777758,
      175360.0800792401,
      250209.12276823804,
      354855.19389395823,
      466707.855940761,
      610197.9485826961,
      790633.3129707327,
      1069872.8958359945,
      1277033.923878837,
      1692656.0016109075,
      2050092.096391813,
      2533206.0063962797,
      3047597.131909431,
      3653310.717333104,
      4504454.002936327,
      5354848.152471552,
      6350683.152603905,
      7489474.178629987,
      8539755.409144437,
      9350560.793212682,
      9556448.725011593,
      10241972.449219247,
      10753631.385918286,
      8857056.208470562,
      6802891.181382029,
      3477114.1212865342,
      913298.0375466972,
      51027.483194619235
   ],
   "Sum weights": [
      65280.0,
      0.0,
      0.0,
      130050.0,
      0.0,
      0.0,
      324104.0,
      0.0,
      0.0,
      193800.0,
      258060.0,
      257048.0,
      449570.0,
      575312.0,
      511036.0,
      700020.0,
      1203734.0,
      1007972.0,
      1445380.0,
      1937042.0,
      2859272.0,
      2897116.0,
      3674690.0,
      5155474.0,
      5773520.0,
      7491838.0,
      9701238.0,
      11757186.0,
      14320938.0,
      17540114.0,
      22734900.0,
      26303374.0,
      34062188.0,
      40733820.0,
      50149068.0,
      60431004.0,
      72289830.0,
      87731826.0,
      102476376.0,
      120332462.0,
      140368314.0,
      158782298.0,
      178392398.0,
      192781200.0,
      200564162.0,
      196929652.0,
      173862636.0,
      123283452.0,
      50816154.0,
      14282052.0,
      1557090.0
   ],
   "Sum w * dv^2": [
      15.75938940996262,
      0.0,
      0.0,
      84.5853452885357,
      0.0,
      0.0,
      471.7055552884703,
      0.0,
      0.0,
      450.48370513295833,
      784.2510510431822,
      989.7260668489139,
      2133.913952855154,
      3483.10341370794,
      3738.8217699805346,
      6030.726768972324,
      12628.205962537322,
      12539.891561057768,
      20502.457220792297,
      31938.76135364555,
      54541.721934085115,
      63221.38383002693,
      89616.33539638494,
      141148.60411777758,
      175360.0800792401,
      250209.12276823804,
      354855.19389395823,
      466707.855940761,
      610197.9485826961,
      790633.3129707327,
      1069872.8958359945,
      1277033.923878837,
      1692656.0016109075,
      2050092.096391813,
      2533206.0063962797,
      3047597.131909431,
      3653310.717333104,
      4504454.002936327,
      5354848.152471552,
      6350683.152603905,
      7489474.178629987,
      8539755.409144437,
      9350560.793212682,
      9556448.725011593,
      10241972.449219247,
      10753631.385918286,
      8857056.208470562,
      6802891.181382029,
      3477114.1212865342,
      913298.0375466972,
      51027.483194619235
   ],
   "N pairs": [
      65280,
      0,
      0,
      130050,
      0,
      0,
      324104,
      0,
      0,
      193800,
      258060,
      257048,
      449570,
      575312,
      511036,
      700020,
      1203734,
      1007972,
      1445380,
      1937042,
      2859272,
      2897116,
      3674690,
      5155474,
      5773520,
      7491838,
      9701238,
      11757186,
      14320938,
      17540114,
      22734900,
      26303374,
      34062188,
      40733820,
      50149068,
      60431004,
      72289830,
      87731826,
      102476376,
      120332462,
      140368314,
      158782298,
      178392398,
      192781200,
      200564162,
      196929652,
      173862636,
      123283452,
      50816154,
      14282052,
      1557090
   ],
   "Unweighted B(r)": [
      0.0002414122152261431,
      NaN,
      NaN,
      0.0006504063459326083,
      NaN,
      NaN,
      0.0014554141735013152,
      NaN,
      NaN,
      0.0023244773226674836,
      0.0030390260057474314,
      0.003850355057611473,
      0.004746566614443033,
      0.006054286046020142,
      0.007316161229307788,
      0.008615077810594446,
      0.010490860906593418,
      0.012440714187554583,
      0.014184821445427705,
      0.016488419638627117,
      0.019075387698017227,
      0.021822178963502643,
      0.024387454559809108,
      0.02737839510349147,
      0.0303731657774183,
      0.03339756182237764,
      0.03657834122757923,
      0.039695540747655175,
      0.04260879759291578,
      0.04507572259625751,
      0.04705861454574221,
      0.048550194506561666,
      0.04969310842893908,
      0.05032899188909395,
      0.05051352113654993,
      0.05043101934744342,
      0.05053699417100724,
      0.05134344294778872,
      0.05225446450674204,
      0.052776142422847665,
      0.05335587473559016,
      0.05378279264571695,
      0.05241569090411959,
      0.04957147649776842,
      0.05106581528368586,
      0.05460646112307295,
      0.05094283862388099,
      0.05518089468635279,
      0.06842536964301812,
      0.0639472561468546,
      0.03277105574797811
   ],
   "Weighted B(r)": [
      0.0002414122152261431,
      NaN,
      NaN,
      0.0006504063459326083,
      NaN,
      NaN,
      0.0014554141735013152,
      NaN,
      NaN,
      0.0023244773226674836,
      0.0030390260057474314,
      0.003850355057611473,
      0.004746566614443033,
      0.006054286046020142,
      0.007316161229307788,
      0.008615077810594446,
      0.010490860906593418,
      0.012440714187554583,
      0.014184821445427705,
      0.016488419638627117,
      0.019075387698017227,
      0.021822178963502643,
      0.024387454559809108,
      0.02737839510349147,
      0.0303731657774183,
      0.03339756182237764,
      0.03657834122757923,
      0.039695540747655175,
      0.04260879759291578,
      0.04507572259625751,
      0.04705861454574221,
      0.048550194506561666,
      0.04969310842893908,
      0.05032899188909395,
      0.05051352113654993,
      0.05043101934744342,
      0.05053699417100724,
      0.05134344294778872,
      0.05225446450674204,
      0.052776142422847665,
      0.05335587473559016,
      0.05378279264571695,
      0.05241569090411959,
      0.04957147649776842,
      0.05106581528368586,
      0.05460646112307295,
      0.05094283862388099,
      0.05518089468635279,
      0.06842536964301812,
      0.0639472561468546,
      0.03277105574797811
   ],
   "Unweighted sigma^2": 0.025862631485349077,
   "Apparent r0": 13.346892294034346
}