{
   "log10 r": [
      0.0,
      0.05,
      0.1,
      0.15000000000000002,
      0.2,
      0.25,
      0.30000000000000004,
      0.35000000000000003,
      0.4,
      0.45,
      0.5,
      0.55,
      0.6000000000000001,
      0.65,
      0.7000000000000001,
      0.75,
      0.8,
      0.8500000000000001,
      0.9,
      0.9500000000000001,
      1.0,
      1.05,
      1.1,
      1.1500000000000001,
      1.2000000000000002,
      1.25,
      1.3,
      1.35,
      1.4000000000000001,
      1.4500000000000002,
      1.5,
      1.55,
      1.6,
      1.6500000000000001,
      1.7000000000000002,
      1.75,
      1.8,
      1.85,
      1.9000000000000001,
      1.9500000000000002,
      2.0,
      2.0500000000000003,
      2.1,
      2.15,
      2.2,
      2.25,
      2.3000000000000003,
      2.35,
      2.4000000000000004,
      2.45,
      2.5
   ],
   "Sum dv^2": [
      70.50347522474307,
      0.0,
      0.0,
      246.22761538379655,
      0.0,
      0.0,
      925.9661086269688,
      0.0,
      0.0,
      682.0254862190338,
      1032.9794970556964,
      1134.6928225384736,
      2169.9752025064513,
      3070.2251871036988,
      2977.8306266462164,
      4355.304172816177,
      8160.555708127726,
      7371.660850572552,
      11218.748856166507,
      16126.910978552762,
      25533.7350415215,
      27614.955843997748,
      36902.33313925408,
      54550.79782503592,
      63964.05711965701,
      86582.62205815146,
      117201.54543987871,
      147848.53516434517,
      187025.44199007697,
      236444.1776713011,
      315558.4349038487,
      373381.7940023051,
      491926.4635783806,
      599281.0802435332,
      753648.120615721,
      922173.439309521,
      1103336.2670799552,
      1331897.6544913824,
      1538977.7119803252,
      1779771.674741593,
      2105031.21575397,
      2443251.980592006,
      2812447.710673008,
      3130599.3201266364,
      3314253.700716961,
      3187737.561932343,
      2835636.7801141394,
      2030702.8403283001,
      884809.3580568864,
      288072.7962893999,
      18333.941085375245
   ],
   "Sum weights": [
      65280.0,
      0.0,
      0.0,
      130050.0,
      0.0,
      0.0,
      324104.0,
      0.0,
      0.0,
      193800.0,
      258060.0,
      257048.0,
      449570.0,
      575312.0,
      511036.0,
      700020.0,
      1203734.0,
      1007972.0,
      1445380.0,
      1937042.0,
      2859272.0,
      2897116.0,
      3674690.0,
      5155474.0,
      5773520.0,
      7491838.0,
      9701238.0,
      11757186.0,
      14320938.0,
      17540114.0,
      22734900.0,
      26303374.0,
      34062188.0,
      40733820.0,
      50149068.0,
      60431004.0,
      72289830.0,
      87731826.0,
      102476376.0,
      120332462.0,
      140368314.0,
      158782298.0,
      178392398.0,
      192781200.0,
      200564162.0,
      196929652.0,
      173862636.0,
      123283452.0,
      50816154.0,
      14282052.0,
      1557090.0
   ],
   "Sum w * dv^2": [
      70.50347522474307,
      0.0,
      0.0,
      246.22761538379655,
      0.0,
      0.0,
      925.9661086269688,
      0.0,
      0.0,
      682.0254862190338,
      1032.9794970556964,
      1134.6928225384736,
      2169.9752025064513,
      3070.2251871036988,
      2977.8306266462164,
      4355.304172816177,
      8160.555708127726,
      7371.660850572552,
      11218.748856166507,
      16126.910978552762,
      25533.7350415215,
      27614.955843997748,
      36902.33313925408,
      54550.79782503592,
      63964.05711965701,
      86582.62205815146,
      117201.54543987871,
      147848.53516434517,
      187025.44199007697,
      236444.1776713011,
      315558.4349038487,
      373381.7940023051,
      491926.4635783806,
      599281.0802435332,
      753648.120615721,
      922173.439309521,
      1103336.2670799552,
      1331897.6544913824,
      1538977.7119803252,
      1779771.674741593,
      2105031.21575397,
      2443251.980592006,
      2812447.710673008,
      3130599.3201266364,
      3314253.700716961,
      3187737.561932343,
      2835636.7801141394,
      2030702.8403283001,
      884809.3580568864,
      288072.7962893999,
      18333.941085375245
   ],
   "N pairs": [
      65280,
      0,
      0,
      130050,
      0,
      0,
      324104,
      0,
      0,
      193800,
      258060,
      257048,
      449570,
      575312,
      511036,
      700020,
      1203734,
      1007972,
      1445380,
      1937042,
      2859272,
      2897116,
      3674690,
      5155474,
      5773520,
      7491838,
      9701238,
      11757186,
      14320938,
      17540114,
      22734900,
      26303374,
      34062188,
      40733820,
      50149068,
      60431004,
      72289830,
      87731826,
      102476376,
      120332462,
      140368314,
      158782298,
      178392398,
      192781200,
      200564162,
      196929652,
      173862636,
      123283452,
      50816154,
      14282052,
      1557090
   ],
   "Unweighted B(r)": [
      0.0010800164709672652,
      NaN,
      NaN,
      0.0018933303758846332,
      NaN,
      NaN,
      0.0028570030256552486,
      NaN,
      NaN,
      0.003519223355103374,
      0.004002865601238845,
      0.004414322704469491,
      0.004826779372525861,
      0.005336626364657262,
      0.005827046678993684,
      0.006221685341584779,
      0.006779367956814151,
      0.007313358754581032,
      0.007761798873767803,
      0.008325535005721488,
      0.008930152514878437,
      0.00953187785507993,
      0.010042298299789663,
      0.010581141098769177,
      0.011078866466151846,
      0.011556926625769466,
      0.012081091654475306,
      0.012575163407667888,
      0.013059580454162776,
      0.013480196176108154,
      0.01387991303695414,
      0.014195205299605483,
      0.014442010113336835,
      0.014712125703985859,
      0.015028158062991738,
      0.015259939075470614,
      0.015262676189444008,
      0.015181465099009594,
      0.015017877993463831,
      0.014790453425124743,
      0.014996484290279145,
      0.015387433053727475,
      0.015765513229285745,
      0.016239131824714426,
      0.0165246555898504,
      0.01618718933161139,
      0.016309638720271902,
      0.0164718200811598,
      0.017411970178949125,
      0.020170266589800954,
      0.011774490289819629
   ],
   "Weighted B(r)": [
      0.0010800164709672652,
      NaN,
      NaN,
      0.0018933303758846332,
      NaN,
      NaN,
      0.0028570030256552486,
      NaN,
      NaN,
      0.003519223355103374,
      0.004002865601238845,
      0.004414322704469491,
      0.004826779372525861,
      0.005336626364657262,
      0.005827046678993684,
      0.006221685341584779,
      0.006779367956814151,
      0.007313358754581032,
      0.007761798873767803,
      0.008325535005721488,
      0.008930152514878437,
      0.00953187785507993,
      0.010042298299789663,
      0.010581141098769177,
      0.011078866466151846,
      0.011556926625769466,
      0.012081091654475306,
      0.012575163407667888,
      0.013059580454162776,
      0.013480196176108154,
      0.01387991303695414,
      0.014195205299605483,
      0.014442010113336835,
      0.014712125703985859,
      0.015028158062991738,
      0.015259939075470614,
      0.015262676189444008,
      0.015181465099009594,
      0.015017877993463831,
      0.014790453425124743,
      0.014996484290279145,
      0.015387433053727475,
      0.015765513229285745,
      0.016239131824714426,
      0.0165246555898504,
      0.01618718933161139,
      0.016309638720271902,
      0.0164718200811598,
      0.017411970178949125,
      0.020170266589800954,
      0.011774490289819629
   ],
   "Unweighted sigma^2": 0.0077845100141394116,
   "Apparent r0": 7.98232942969076
}