{
   "log10 r": [
      0.0,
      0.05,
      0.1,
      0.15000000000000002,
      0.2,
      0.25,
      0.30000000000000004,
      0.35000000000000003,
      0.4,
      0.45,
      0.5,
      0.55,
      0.6000000000000001,
      0.65,
      0.7000000000000001,
      0.75,
      0.8,
      0.8500000000000001,
      0.9,
      0.9500000000000001,
      1.0,
      1.05,
      1.1,
      1.1500000000000001,
      1.2000000000000002,
      1.25,
      1.3,
      1.35,
      1.4000000000000001,
      1.4500000000000002,
      1.5,
      1.55,
      1.6,
      1.6500000000000001,
      1.7000000000000002,
      1.75,
      1.8,
      1.85,
      1.9000000000000001,
      1.9500000000000002,
      2.0,
      2.0500000000000003,
      2.1,
      2.15,
      2.2,
      2.25,
      2.3000000000000003,
      2.35,
      2.4000000000000004,
      2.45,
      2.5
   ],
   "Sum dv^2": [
      0.2907786525976266,
      0.0,
      0.0,
      2.0822569592198583,
      0.0,
      0.0,
      11.538080569829887,
      0.0,
      0.0,
      10.87353379008949,
      20.68336271582095,
      26.794333881447933,
      58.09567656911799,
      99.3157249646685,
      112.55447005817723,
      187.46552811984495,
      421.1122052974585,
      450.9643881458541,
      781.1332704962816,
      1327.6791277190284,
      2496.390684182987,
      3224.37114082229,
      5043.0300809143155,
      8947.062271208417,
      12451.71444766594,
      20014.751662402607,
      32075.921986204747,
      48034.77471638712,
      71372.98204899926,
      105548.45001573439,
      164032.01309185746,
      224237.20236643255,
      337601.23316648987,
      461316.21488049737,
      635048.3215898859,
      833894.2032414412,
      1058542.4354370572,
      1328610.094789614,
      1577589.9142586086,
      1875359.039277192,
      2245678.62754021,
      2697566.1887485473,
      3322815.3797477377,
      3937632.604830536,
      4194611.308615879,
      3685243.052140934,
      2688426.0349754724,
      1914574.7117079664,
      986598.5131906694,
      337660.0493708582,
      46987.56141430209
   ],
   "Sum weights": [
      65280.0,
      0.0,
      0.0,
      130050.0,
      0.0,
      0.0,
      324104.0,
      0.0,
      0.0,
      193800.0,
      258060.0,
      257048.0,
      449570.0,
      575312.0,
      511036.0,
      700020.0,
      1203734.0,
      1007972.0,
      1445380.0,
      1937042.0,
      2859272.0,
      2897116.0,
      3674690.0,
      5155474.0,
      5773520.0,
      7491838.0,
      9701238.0,
      11757186.0,
      14320938.0,
      17540114.0,
      22734900.0,
      26303374.0,
      34062188.0,
      40733820.0,
      50149068.0,
      60431004.0,
      72289830.0,
      87731826.0,
      102476376.0,
      120332462.0,
      140368314.0,
      158782298.0,
      178392398.0,
      192781200.0,
      200564162.0,
      196929652.0,
      173862636.0,
      123283452.0,
      50816154.0,
      14282052.0,
      1557090.0
   ],
   "Sum w * dv^2": [
      0.2907786525976266,
      0.0,
      0.0,
      2.0822569592198583,
      0.0,
      0.0,
      11.538080569829887,
      0.0,
      0.0,
      10.87353379008949,
      20.68336271582095,
      26.794333881447933,
      58.09567656911799,
      99.3157249646685,
      112.55447005817723,
      187.46552811984495,
      421.1122052974585,
      450.9643881458541,
      781.1332704962816,
      1327.6791277190284,
      2496.390684182987,
      3224.37114082229,
      5043.0300809143155,
      8947.062271208417,
      12451.71444766594,
      20014.751662402607,
      32075.921986204747,
      48034.77471638712,
      71372.98204899926,
      105548.45001573439,
      164032.01309185746,
      224237.20236643255,
      337601.23316648987,
      461316.21488049737,
      635048.3215898859,
      833894.2032414412,
      1058542.4354370572,
      1328610.094789614,
      1577589.9142586086,
      1875359.039277192,
      2245678.62754021,
      2697566.1887485473,
      3322815.3797477377,
      3937632.604830536,
      4194611.308615879,
      3685243.052140934,
      2688426.0349754724,
      1914574.7117079664,
      986598.5131906694,
      337660.0493708582,
      46987.56141430209
   ],
   "N pairs": [
      65280,
      0,
      0,
      130050,
      0,
      0,
      324104,
      0,
      0,
      193800,
      258060,
      257048,
      449570,
      575312,
      511036,
      700020,
      1203734,
      1007972,
      1445380,
      1937042,
      2859272,
      2897116,
      3674690,
      5155474,
      5773520,
      7491838,
      9701238,
      11757186,
      14320938,
      17540114,
      22734900,
      26303374,
      34062188,
      40733820,
      50149068,
      60431004,
      72289830,
      87731826,
      102476376,
      120332462,
      140368314,
      158782298,
      178392398,
      192781200,
      200564162,
      196929652,
      173862636,
      123283452,
      50816154,
      14282052,
      1557090
   ],
   "Unweighted B(r)": [
      4.454329849841094e-06,
      NaN,
      NaN,
      1.6011203069741317e-05,
      NaN,
      NaN,
      3.559993264455202e-05,
      NaN,
      NaN,
      5.610698550097777e-05,
      8.014943313888612e-05,
      0.00010423863979275441,
      0.0001292249851393954,
      0.00017262932976309985,
      0.00022024763433139199,
      0.0002678002458784677,
      0.00034983825770266394,
      0.00044739773341506917,
      0.0005404345365898806,
      0.0006854157667820463,
      0.0008730861156906329,
      0.0011129589359978303,
      0.0013723688476890066,
      0.0017354490142338836,
      0.0021566937410221042,
      0.0026715409039013665,
      0.003306374092276135,
      0.00408556730465837,
      0.004983820336977875,
      0.006017546409090293,
      0.007214987226328572,
      0.008525035699467018,
      0.009911319647654163,
      0.011325140015851628,
      0.012663212835578237,
      0.013799112178269306,
      0.014643033957017982,
      0.015143992270143949,
      0.015394669248048044,
      0.015584814007023242,
      0.01599847261498211,
      0.016989086458167695,
      0.018626440459350392,
      0.02042539731483431,
      0.02091406194799587,
      0.018713500047930487,
      0.015462931523570552,
      0.015529859690398403,
      0.019415056739450792,
      0.023642264386858288,
      0.030176522496645722
   ],
   "Weighted B(r)": [
      4.454329849841094e-06,
      NaN,
      NaN,
      1.6011203069741317e-05,
      NaN,
      NaN,
      3.559993264455202e-05,
      NaN,
      NaN,
      5.610698550097777e-05,
      8.014943313888612e-05,
      0.00010423863979275441,
      0.0001292249851393954,
      0.00017262932976309985,
      0.00022024763433139199,
      0.0002678002458784677,
      0.00034983825770266394,
      0.00044739773341506917,
      0.0005404345365898806,
      0.0006854157667820463,
      0.0008730861156906329,
      0.0011129589359978303,
      0.0013723688476890066,
      0.0017354490142338836,
      0.0021566937410221042,
      0.0026715409039013665,
      0.003306374092276135,
      0.00408556730465837,
      0.004983820336977875,
      0.006017546409090293,
      0.007214987226328572,
      0.008525035699467018,
      0.009911319647654163,
      0.011325140015851628,
      0.012663212835578237,
      0.013799112178269306,
      0.014643033957017982,
      0.015143992270143949,
      0.015394669248048044,
      0.015584814007023242,
      0.01599847261498211,
      0.016989086458167695,
      0.018626440459350392,
      0.02042539731483431,
      0.02091406194799587,
      0.018713500047930487,
      0.015462931523570552,
      0.015529859690398403,
      0.019415056739450792,
      0.023642264386858288,
      0.030176522496645722
   ],
   "Unweighted sigma^2": 0.008147860465465612,
   "Apparent r0": 34.370422666114216
}