{
   "log10 r": [
      0.0,
      0.05,
      0.1,
      0.15000000000000002,
      0.2,
      0.25,
      0.30000000000000004,
      0.35000000000000003,
      0.4,
      0.45,
      0.5,
      0.55,
      0.6000000000000001,
      0.65,
      0.7000000000000001,
      0.75,
      0.8,
      0.8500000000000001,
      0.9,
      0.9500000000000001,
      1.0,
      1.05,
      1.1,
      1.1500000000000001,
      1.2000000000000002,
      1.25,
      1.3,
      1.35,
      1.4000000000000001,
      1.4500000000000002,
      1.5,
      1.55,
      1.6,
      1.6500000000000001,
      1.7000000000000002,
      1.75,
      1.8,
      1.85,
      1.9000000000000001,
      1.9500000000000002,
      2.0,
      2.0500000000000003,
      2.1,
      2.15,
      2.2,
      2.25,
      2.3000000000000003,
      2.35,
      2.4000000000000004,
      2.45,
      2.5
   ],
   "Sum dv^2": [
      0.5385631715793118,
      0.0,
      0.0,
      4.066661491136024,
      0.0,
      0.0,
      22.42047432221466,
      0.0,
      0.0,
      20.975461850574124,
      40.41345994754472,
      52.334158685116535,
      113.06169973359239,
      193.3130832575024,
      220.02420469828513,
      365.4393027733625,
      821.9419324338498,
      881.6306454566895,
      1526.1335134408694,
      2595.4951729883915,
      4881.5817984151445,
      6310.990496915309,
      9874.019218624748,
      17538.142343288542,
      24424.47414184936,
      39297.31342096268,
      63038.97144764785,
      94512.39078085487,
      140577.56954625843,
      208137.00660073682,
      323903.1091475044,
      443536.77878987323,
      669600.6695876616,
      919755.779649529,
      1277918.6799015389,
      1704709.7916885277,
      2214582.0972420336,
      2861386.1988816177,
      3481242.7204507706,
      4146878.0127834207,
      4782679.300685662,
      5217794.273694485,
      5572252.6164997015,
      5712328.300713686,
      5850538.39940046,
      6022752.661706911,
      5471581.247008769,
      3990151.2203114135,
      1914363.6649987446,
      444873.14912314666,
      12183.518832817885
   ],
   "Sum weights": [
      65280.0,
      0.0,
      0.0,
      130050.0,
      0.0,
      0.0,
      324104.0,
      0.0,
      0.0,
      193800.0,
      258060.0,
      257048.0,
      449570.0,
      575312.0,
      511036.0,
      700020.0,
      1203734.0,
      1007972.0,
      1445380.0,
      1937042.0,
      2859272.0,
      2897116.0,
      3674690.0,
      5155474.0,
      5773520.0,
      7491838.0,
      9701238.0,
      11757186.0,
      14320938.0,
      17540114.0,
      22734900.0,
      26303374.0,
      34062188.0,
      40733820.0,
      50149068.0,
      60431004.0,
      72289830.0,
      87731826.0,
      102476376.0,
      120332462.0,
      140368314.0,
      158782298.0,
      178392398.0,
      192781200.0,
      200564162.0,
      196929652.0,
      173862636.0,
      123283452.0,
      50816154.0,
      14282052.0,
      1557090.0
   ],
   "Sum w * dv^2": [
      0.5385631715793118,
      0.0,
      0.0,
      4.066661491136024,
      0.0,
      0.0,
      22.42047432221466,
      0.0,
      0.0,
      20.975461850574124,
      40.41345994754472,
      52.334158685116535,
      113.06169973359239,
      193.3130832575024,
      220.02420469828513,
      365.4393027733625,
      821.9419324338498,
      881.6306454566895,
      1526.1335134408694,
      2595.4951729883915,
      4881.5817984151445,
      6310.990496915309,
      9874.019218624748,
      17538.142343288542,
      24424.47414184936,
      39297.31342096268,
      63038.97144764785,
      94512.39078085487,
      140577.56954625843,
      208137.00660073682,
      323903.1091475044,
      443536.77878987323,
      669600.6695876616,
      919755.779649529,
      1277918.6799015389,
      1704709.7916885277,
      2214582.0972420336,
      2861386.1988816177,
      3481242.7204507706,
      4146878.0127834207,
      4782679.300685662,
      5217794.273694485,
      5572252.6164997015,
      5712328.300713686,
      5850538.39940046,
      6022752.661706911,
      5471581.247008769,
      3990151.2203114135,
      1914363.6649987446,
      444873.14912314666,
      12183.518832817885
   ],
   "N pairs": [
      65280,
      0,
      0,
      130050,
      0,
      0,
      324104,
      0,
      0,
      193800,
      258060,
      257048,
      449570,
      575312,
      511036,
      700020,
      1203734,
      1007972,
      1445380,
      1937042,
      2859272,
      2897116,
      3674690,
      5155474,
      5773520,
      7491838,
      9701238,
      11757186,
      14320938,
      17540114,
      22734900,
      26303374,
      34062188,
      40733820,
      50149068,
      60431004,
      72289830,
      87731826,
      102476376,
      120332462,
      140368314,
      158782298,
      178392398,
      192781200,
      200564162,
      196929652,
      173862636,
      123283452,
      50816154,
      14282052,
      1557090
   ],
   "Unweighted B(r)": [
      8.250048584241909e-06,
      NaN,
      NaN,
      3.1269984553141287e-05,
      NaN,
      NaN,
      6.917678992611835e-05,
      NaN,
      NaN,
      0.00010823251728882416,
      0.00015660489788244875,
      0.00020359683282934136,
      0.0002514885328949716,
      0.0003360143422308285,
      0.0004305454110831431,
      0.0005220412313553363,
      0.0006828268807177083,
      0.0008746578728939787,
      0.0010558700919072281,
      0.0013399271533546466,
      0.0017072813633733147,
      0.0021783699710040292,
      0.0026870346120692486,
      0.0034018486647956216,
      0.004230430333981585,
      0.005245350129162254,
      0.006498033699167864,
      0.00803869146757182,
      0.00981622639147369,
      0.011866342864176186,
      0.014246955524216266,
      0.016862353049835858,
      0.019658181370722914,
      0.022579659350621402,
      0.025482401385835105,
      0.028209191952007412,
      0.030634766982327023,
      0.03261514468970038,
      0.03397117322387328,
      0.03446183967201985,
      0.034072356961455434,
      0.03286130972669564,
      0.031235930897120973,
      0.029631148165452266,
      0.029170407818922602,
      0.03058326971352649,
      0.03147071373638192,
      0.03236566753753305,
      0.037672344605196695,
      0.031149105823389152,
      0.007824543753294855
   ],
   "Weighted B(r)": [
      8.250048584241909e-06,
      NaN,
      NaN,
      3.1269984553141287e-05,
      NaN,
      NaN,
      6.917678992611835e-05,
      NaN,
      NaN,
      0.00010823251728882416,
      0.00015660489788244875,
      0.00020359683282934136,
      0.0002514885328949716,
      0.0003360143422308285,
      0.0004305454110831431,
      0.0005220412313553363,
      0.0006828268807177083,
      0.0008746578728939787,
      0.0010558700919072281,
      0.0013399271533546466,
      0.0017072813633733147,
      0.0021783699710040292,
      0.0026870346120692486,
      0.0034018486647956216,
      0.004230430333981585,
      0.005245350129162254,
      0.006498033699167864,
      0.00803869146757182,
      0.00981622639147369,
      0.011866342864176186,
      0.014246955524216266,
      0.016862353049835858,
      0.019658181370722914,
      0.022579659350621402,
      0.025482401385835105,
      0.028209191952007412,
      0.030634766982327023,
      0.03261514468970038,
      0.03397117322387328,
      0.03446183967201985,
      0.034072356961455434,
      0.03286130972669564,
      0.031235930897120973,
      0.029631148165452266,
      0.029170407818922602,
      0.03058326971352649,
      0.03147071373638192,
      0.03236566753753305,
      0.037672344605196695,
      0.031149105823389152,
      0.007824543753294855
   ],
   "Unweighted sigma^2": 0.014873648060647374,
   "Apparent r0": 32.547351999748514
}