{
   "log10 r": [
      0.0,
      0.05,
      0.1,
      0.15000000000000002,
      0.2,
      0.25,
      0.30000000000000004,
      0.35000000000000003,
      0.4,
      0.45,
      0.5,
      0.55,
      0.6000000000000001,
      0.65,
      0.7000000000000001,
      0.75,
      0.8,
      0.8500000000000001,
      0.9,
      0.9500000000000001,
      1.0,
      1.05,
      1.1,
      1.1500000000000001,
      1.2000000000000002,
      1.25,
      1.3,
      1.35,
      1.4000000000000001,
      1.4500000000000002,
      1.5,
      1.55,
      1.6,
      1.6500000000000001,
      1.7000000000000002,
      1.75,
      1.8,
      1.85,
      1.9000000000000001,
      1.9500000000000002,
      2.0,
      2.0500000000000003,
      2.1,
      2.15,
      2.2,
      2.25,
      2.3000000000000003,
      2.35,
      2.4000000000000004,
      2.45,
      2.5
   ],
   "Sum dv^2": [
      1.876178373610215,
      0.0,
      0.0,
      11.151679129954493,
      0.0,
      0.0,
      62.925405972703146,
      0.0,
      0.0,
      60.75747033067431,
      110.16252545972041,
      142.04286542906544,
      312.67856183419036,
      530.4755571930314,
      591.9946272494179,
      991.0496688805762,
      2199.2884446690673,
      2316.2113004796856,
      4003.539519002961,
      6709.118507337273,
      12447.953978281379,
      15701.347876479425,
      24085.17963160817,
      41348.816871811934,
      55777.34113670045,
      86003.48717589064,
      131577.82202601936,
      185692.8335835784,
      258855.67961913528,
      355521.1799227948,
      508692.985781383,
      636808.5904435075,
      875320.0229326861,
      1090035.7977989349,
      1371929.0948458333,
      1671895.1343494782,
      2016749.7505844329,
      2483847.1885716487,
      2961822.5053458693,
      3549895.8897449607,
      4206316.618093205,
      4757165.603418023,
      5159765.438419144,
      5267503.957294085,
      5670605.787054113,
      5956044.366334072,
      4942376.886850751,
      3920276.7169888844,
      2161279.527690673,
      548397.8770969367,
      17819.97198982822
   ],
   "Sum weights": [
      65280.0,
      0.0,
      0.0,
      130050.0,
      0.0,
      0.0,
      324104.0,
      0.0,
      0.0,
      193800.0,
      258060.0,
      257048.0,
      449570.0,
      575312.0,
      511036.0,
      700020.0,
      1203734.0,
      1007972.0,
      1445380.0,
      1937042.0,
      2859272.0,
      2897116.0,
      3674690.0,
      5155474.0,
      5773520.0,
      7491838.0,
      9701238.0,
      11757186.0,
      14320938.0,
      17540114.0,
      22734900.0,
      26303374.0,
      34062188.0,
      40733820.0,
      50149068.0,
      60431004.0,
      72289830.0,
      87731826.0,
      102476376.0,
      120332462.0,
      140368314.0,
      158782298.0,
      178392398.0,
      192781200.0,
      200564162.0,
      196929652.0,
      173862636.0,
      123283452.0,
      50816154.0,
      14282052.0,
      1557090.0
   ],
   "Sum w * dv^2": [
      1.876178373610215,
      0.0,
      0.0,
      11.151679129954493,
      0.0,
      0.0,
      62.925405972703146,
      0.0,
      0.0,
      60.75747033067431,
      110.16252545972041,
      142.04286542906544,
      312.67856183419036,
      530.4755571930314,
      591.9946272494179,
      991.0496688805762,
      2199.2884446690673,
      2316.2113004796856,
      4003.539519002961,
      6709.118507337273,
      12447.953978281379,
      15701.347876479425,
      24085.17963160817,
      41348.816871811934,
      55777.34113670045,
      86003.48717589064,
      131577.82202601936,
      185692.8335835784,
      258855.67961913528,
      355521.1799227948,
      508692.985781383,
      636808.5904435075,
      875320.0229326861,
      1090035.7977989349,
      1371929.0948458333,
      1671895.1343494782,
      2016749.7505844329,
      2483847.1885716487,
      2961822.5053458693,
      3549895.8897449607,
      4206316.618093205,
      4757165.603418023,
      5159765.438419144,
      5267503.957294085,
      5670605.787054113,
      5956044.366334072,
      4942376.886850751,
      3920276.7169888844,
      2161279.527690673,
      548397.8770969367,
      17819.97198982822
   ],
   "N pairs": [
      65280,
      0,
      0,
      130050,
      0,
      0,
      324104,
      0,
      0,
      193800,
      258060,
      257048,
      449570,
      575312,
      511036,
      700020,
      1203734,
      1007972,
      1445380,
      1937042,
      2859272,
      2897116,
      3674690,
      5155474,
      5773520,
      7491838,
      9701238,
      11757186,
      14320938,
      17540114,
      22734900,
      26303374,
      34062188,
      40733820,
      50149068,
      60431004,
      72289830,
      87731826,
      102476376,
      120332462,
      140368314,
      158782298,
      178392398,
      192781200,
      200564162,
      196929652,
      173862636,
      123283452,
      50816154,
      14282052,
      1557090
   ],
   "Unweighted B(r)": [
      2.8740477536921186e-05,
      NaN,
      NaN,
      8.57491667047635e-05,
      NaN,
      NaN,
      0.0001941518956035814,
      NaN,
      NaN,
      0.00031350603885796856,
      0.00042688725668340856,
      0.0005525927664446541,
      0.0006955058429926159,
      0.0009220658654660972,
      0.001158420595123275,
      0.001415744791406783,
      0.0018270551838438288,
      0.002297892501458062,
      0.0027698871708498533,
      0.003463589590384345,
      0.004353539634662732,
      0.005419647634571562,
      0.0065543432593247785,
      0.008020371525840677,
      0.009660889914073295,
      0.01147962451615887,
      0.013562992890806242,
      0.01579398621265143,
      0.018075329955281928,
      0.020269034735053308,
      0.0223749823303108,
      0.024210148494391157,
      0.02569770394469921,
      0.026759969916863552,
      0.027357020769475382,
      0.027666181656513238,
      0.027898111678841032,
      0.028311814558284115,
      0.028902490710111268,
      0.02950073347410577,
      0.029966282975324506,
      0.029960302019422992,
      0.028923684508233044,
      0.027323742965050975,
      0.028273275397297116,
      0.030244527961355825,
      0.028426906439234886,
      0.031798888280552724,
      0.042531347958577756,
      0.03839769502988343,
      0.01144440718894105
   ],
   "Weighted B(r)": [
      2.8740477536921186e-05,
      NaN,
      NaN,
      8.57491667047635e-05,
      NaN,
      NaN,
      0.0001941518956035814,
      NaN,
      NaN,
      0.00031350603885796856,
      0.00042688725668340856,
      0.0005525927664446541,
      0.0006955058429926159,
      0.0009220658654660972,
      0.001158420595123275,
      0.001415744791406783,
      0.0018270551838438288,
      0.002297892501458062,
      0.0027698871708498533,
      0.003463589590384345,
      0.004353539634662732,
      0.005419647634571562,
      0.0065543432593247785,
      0.008020371525840677,
      0.009660889914073295,
      0.01147962451615887,
      0.013562992890806242,
      0.01579398621265143,
      0.018075329955281928,
      0.020269034735053308,
      0.0223749823303108,
      0.024210148494391157,
      0.02569770394469921,
      0.026759969916863552,
      0.027357020769475382,
      0.027666181656513238,
      0.027898111678841032,
      0.028311814558284115,
      0.028902490710111268,
      0.02950073347410577,
      0.029966282975324506,
      0.029960302019422992,
      0.028923684508233044,
      0.027323742965050975,
      0.028273275397297116,
      0.030244527961355825,
      0.028426906439234886,
      0.031798888280552724,
      0.042531347958577756,
      0.03839769502988343,
      0.01144440718894105
   ],
   "Unweighted sigma^2": 0.014246335777247935,
   "Apparent r0": 20.6983262121729
}