{
   "log10 r": [
      0.0,
      0.05,
      0.1,
      0.15000000000000002,
      0.2,
      0.25,
      0.30000000000000004,
      0.35000000000000003,
      0.4,
      0.45,
      0.5,
      0.55,
      0.6000000000000001,
      0.65,
      0.7000000000000001,
      0.75,
      0.8,
      0.8500000000000001,
      0.9,
      0.9500000000000001,
      1.0,
      1.05,
      1.1,
      1.1500000000000001,
      1.2000000000000002,
      1.25,
      1.3,
      1.35,
      1.4000000000000001,
      1.4500000000000002,
      1.5,
      1.55,
      1.6,
      1.6500000000000001,
      1.7000000000000002,
      1.75,
      1.8,
      1.85,
      1.9000000000000001,
      1.9500000000000002,
      2.0,
      2.0500000000000003,
      2.1,
      2.15,
      2.2,
      2.25,
      2.3000000000000003,
      2.35,
      2.4000000000000004,
      2.45,
      2.5
   ],
   "Sum dv^2": [
      129.70333599002714,
      0.0,
      0.0,
      457.64570998439433,
      0.0,
      0.0,
      1869.2916067186723,
      0.0,
      0.0,
      1472.7847620150355,
      2231.41841176175,
      2533.0906954522347,
      5004.031574070517,
      7329.0972620413995,
      7190.3375860921005,
      10887.910751205294,
      20972.534128552274,
      19390.411444187313,
      30289.373577603907,
      44717.84118531201,
      73000.02363792487,
      81288.8308264845,
      112388.69014052456,
      172936.665551408,
      212145.9895562678,
      300691.9038523677,
      426663.8361531574,
      567200.2265245575,
      755878.6074160474,
      1010230.5586757038,
      1429371.7706654735,
      1800981.9130672626,
      2537545.998419531,
      3313195.233468201,
      4475822.747712697,
      5991807.039689421,
      8042057.035272188,
      11029316.750139238,
      14570240.397744544,
      19454905.07072453,
      25831368.818991654,
      32984739.359474953,
      41393584.21409112,
      48629501.75248097,
      54449044.614043556,
      56358947.79152637,
      48804803.25559507,
      30902272.070085835,
      9741478.868412072,
      2008960.9977715702,
      173129.67773751757
   ],
   "Sum weights": [
      65280.0,
      0.0,
      0.0,
      130050.0,
      0.0,
      0.0,
      324104.0,
      0.0,
      0.0,
      193800.0,
      258060.0,
      257048.0,
      449570.0,
      575312.0,
      511036.0,
      700020.0,
      1203734.0,
      1007972.0,
      1445380.0,
      1937042.0,
      2859272.0,
      2897116.0,
      3674690.0,
      5155474.0,
      5773520.0,
      7491838.0,
      9701238.0,
      11757186.0,
      14320938.0,
      17540114.0,
      22734900.0,
      26303374.0,
      34062188.0,
      40733820.0,
      50149068.0,
      60431004.0,
      72289830.0,
      87731826.0,
      102476376.0,
      120332462.0,
      140368314.0,
      158782298.0,
      178392398.0,
      192781200.0,
      200564162.0,
      196929652.0,
      173862636.0,
      123283452.0,
      50816154.0,
      14282052.0,
      1557090.0
   ],
   "Sum w * dv^2": [
      129.70333599002714,
      0.0,
      0.0,
      457.64570998439433,
      0.0,
      0.0,
      1869.2916067186723,
      0.0,
      0.0,
      1472.7847620150355,
      2231.41841176175,
      2533.0906954522347,
      5004.031574070517,
      7329.0972620413995,
      7190.3375860921005,
      10887.910751205294,
      20972.534128552274,
      19390.411444187313,
      30289.373577603907,
      44717.84118531201,
      73000.02363792487,
      81288.8308264845,
      112388.69014052456,
      172936.665551408,
      212145.9895562678,
      300691.9038523677,
      426663.8361531574,
      567200.2265245575,
      755878.6074160474,
      1010230.5586757038,
      1429371.7706654735,
      1800981.9130672626,
      2537545.998419531,
      3313195.233468201,
      4475822.747712697,
      5991807.039689421,
      8042057.035272188,
      11029316.750139238,
      14570240.397744544,
      19454905.07072453,
      25831368.818991654,
      32984739.359474953,
      41393584.21409112,
      48629501.75248097,
      54449044.614043556,
      56358947.79152637,
      48804803.25559507,
      30902272.070085835,
      9741478.868412072,
      2008960.9977715702,
      173129.67773751757
   ],
   "N pairs": [
      65280,
      0,
      0,
      130050,
      0,
      0,
      324104,
      0,
      0,
      193800,
      258060,
      257048,
      449570,
      575312,
      511036,
      700020,
      1203734,
      1007972,
      1445380,
      1937042,
      2859272,
      2897116,
      3674690,
      5155474,
      5773520,
      7491838,
      9701238,
      11757186,
      14320938,
      17540114,
      22734900,
      26303374,
      34062188,
      40733820,
      50149068,
      60431004,
      72289830,
      87731826,
      102476376,
      120332462,
      140368314,
      158782298,
      178392398,
      192781200,
      200564162,
      196929652,
      173862636,
      123283452,
      50816154,
      14282052,
      1557090
   ],
   "Unweighted B(r)": [
      0.001986877083180563,
      NaN,
      NaN,
      0.0035189981544359425,
      NaN,
      NaN,
      0.005767567221381631,
      NaN,
      NaN,
      0.007599508575928976,
      0.008646897666285942,
      0.009854543491691181,
      0.01113070617272175,
      0.012739343629267944,
      0.014070119494697244,
      0.015553713824184015,
      0.017422897524330353,
      0.019237053652469825,
      0.02095599328730431,
      0.023085633241464055,
      0.025530982585051324,
      0.028058535048815614,
      0.030584536420902052,
      0.03354428041949353,
      0.03674465309832958,
      0.040135932444397185,
      0.04398034932790613,
      0.04824285560546184,
      0.05278136162701405,
      0.05759543858584407,
      0.06287125831499032,
      0.06846961583967374,
      0.07449744562561662,
      0.08133770006024972,
      0.08925036747866774,
      0.0991512078748422,
      0.11124741938488703,
      0.12571625660839703,
      0.14218145651193348,
      0.16167628208857332,
      0.18402563999587296,
      0.2077356215078519,
      0.23203670491660258,
      0.25225230340137406,
      0.2714794311759623,
      0.2861882261972736,
      0.280708980252635,
      0.2506603406115351,
      0.19170043581834376,
      0.14066333029536443,
      0.1111879709827419
   ],
   "Weighted B(r)": [
      0.001986877083180563,
      NaN,
      NaN,
      0.0035189981544359425,
      NaN,
      NaN,
      0.005767567221381631,
      NaN,
      NaN,
      0.007599508575928976,
      0.008646897666285942,
      0.009854543491691181,
      0.01113070617272175,
      0.012739343629267944,
      0.014070119494697244,
      0.015553713824184015,
      0.017422897524330353,
      0.019237053652469825,
      0.02095599328730431,
      0.023085633241464055,
      0.025530982585051324,
      0.028058535048815614,
      0.030584536420902052,
      0.03354428041949353,
      0.03674465309832958,
      0.040135932444397185,
      0.04398034932790613,
      0.04824285560546184,
      0.05278136162701405,
      0.05759543858584407,
      0.06287125831499032,
      0.06846961583967374,
      0.07449744562561662,
      0.08133770006024972,
      0.08925036747866774,
      0.0991512078748422,
      0.11124741938488703,
      0.12571625660839703,
      0.14218145651193348,
      0.16167628208857332,
      0.18402563999587296,
      0.2077356215078519,
      0.23203670491660258,
      0.25225230340137406,
      0.2714794311759623,
      0.2861882261972736,
      0.280708980252635,
      0.2506603406115351,
      0.19170043581834376,
      0.14066333029536443,
      0.1111879709827419
   ],
   "Unweighted sigma^2": 0.09990675526429627,
   "Apparent r0": 56.66271839657285
}