{
   "log10 r": [
      0.0,
      0.05,
      0.1,
      0.15000000000000002,
      0.2,
      0.25,
      0.30000000000000004,
      0.35000000000000003,
      0.4,
      0.45,
      0.5,
      0.55,
      0.6000000000000001,
      0.65,
      0.7000000000000001,
      0.75,
      0.8,
      0.8500000000000001,
      0.9,
      0.9500000000000001,
      1.0,
      1.05,
      1.1,
      1.1500000000000001,
      1.2000000000000002,
      1.25,
      1.3,
      1.35,
      1.4000000000000001,
      1.4500000000000002,
      1.5,
      1.55,
      1.6,
      1.6500000000000001,
      1.7000000000000002,
      1.75,
      1.8,
      1.85,
      1.9000000000000001,
      1.9500000000000002,
      2.0,
      2.0500000000000003,
      2.1,
      2.15,
      2.2,
      2.25,
      2.3000000000000003,
      2.35,
      2.4000000000000004,
      2.45,
      2.5
   ],
   "Sum dv^2": [
      1.4076946824401546,
      0.0,
      0.0,
      8.187720587955333,
      0.0,
      0.0,
      45.94953495928891,
      0.0,
      0.0,
      44.12366714549839,
      79.17964728278885,
      101.38303604109132,
      221.12544830735817,
      370.0069733821255,
      407.36437448910885,
      671.2036449998233,
      1454.466057062129,
      1493.6945414768672,
      2512.809804219441,
      4057.574260346109,
      7187.50825182596,
      8611.117958810342,
      12523.031779392753,
      20183.640832356803,
      25495.305255446794,
      36748.68366904474,
      52497.45633892749,
      69311.23307878905,
      91107.60865918484,
      118931.47096683456,
      162932.31919970064,
      197244.84535086332,
      265348.31821324944,
      328610.33949574234,
      417390.1687467695,
      513891.1045571281,
      616753.7201073014,
      741442.5297746247,
      850655.858372776,
      981221.2690991365,
      1168946.7054013242,
      1387446.5858166302,
      1627711.691770041,
      1848277.4715415658,
      1989185.2582635386,
      1917307.6019910323,
      1717255.0801663361,
      1243873.9555217074,
      564674.7081848239,
      195921.88624681378,
      10195.078080816855
   ],
   "Sum weights": [
      65280.0,
      0.0,
      0.0,
      130050.0,
      0.0,
      0.0,
      324104.0,
      0.0,
      0.0,
      193800.0,
      258060.0,
      257048.0,
      449570.0,
      575312.0,
      511036.0,
      700020.0,
      1203734.0,
      1007972.0,
      1445380.0,
      1937042.0,
      2859272.0,
      2897116.0,
      3674690.0,
      5155474.0,
      5773520.0,
      7491838.0,
      9701238.0,
      11757186.0,
      14320938.0,
      17540114.0,
      22734900.0,
      26303374.0,
      34062188.0,
      40733820.0,
      50149068.0,
      60431004.0,
      72289830.0,
      87731826.0,
      102476376.0,
      120332462.0,
      140368314.0,
      158782298.0,
      178392398.0,
      192781200.0,
      200564162.0,
      196929652.0,
      173862636.0,
      123283452.0,
      50816154.0,
      14282052.0,
      1557090.0
   ],
   "Sum w * dv^2": [
      1.4076946824401546,
      0.0,
      0.0,
      8.187720587955333,
      0.0,
      0.0,
      45.94953495928891,
      0.0,
      0.0,
      44.12366714549839,
      79.17964728278885,
      101.38303604109132,
      221.12544830735817,
      370.0069733821255,
      407.36437448910885,
      671.2036449998233,
      1454.466057062129,
      1493.6945414768672,
      2512.809804219441,
      4057.574260346109,
      7187.50825182596,
      8611.117958810342,
      12523.031779392753,
      20183.640832356803,
      25495.305255446794,
      36748.68366904474,
      52497.45633892749,
      69311.23307878905,
      91107.60865918484,
      118931.47096683456,
      162932.31919970064,
      197244.84535086332,
      265348.31821324944,
      328610.33949574234,
      417390.1687467695,
      513891.1045571281,
      616753.7201073014,
      741442.5297746247,
      850655.858372776,
      981221.2690991365,
      1168946.7054013242,
      1387446.5858166302,
      1627711.691770041,
      1848277.4715415658,
      1989185.2582635386,
      1917307.6019910323,
      1717255.0801663361,
      1243873.9555217074,
      564674.7081848239,
      195921.88624681378,
      10195.078080816855
   ],
   "N pairs": [
      65280,
      0,
      0,
      130050,
      0,
      0,
      324104,
      0,
      0,
      193800,
      258060,
      257048,
      449570,
      575312,
      511036,
      700020,
      1203734,
      1007972,
      1445380,
      1937042,
      2859272,
      2897116,
      3674690,
      5155474,
      5773520,
      7491838,
      9701238,
      11757186,
      14320938,
      17540114,
      22734900,
      26303374,
      34062188,
      40733820,
      50149068,
      60431004,
      72289830,
      87731826,
      102476376,
      120332462,
      140368314,
      158782298,
      178392398,
      192781200,
      200564162,
      196929652,
      173862636,
      123283452,
      50816154,
      14282052,
      1557090
   ],
   "Unweighted B(r)": [
      2.1563950405026878e-05,
      NaN,
      NaN,
      6.295825134913751e-05,
      NaN,
      NaN,
      0.00014177404462545638,
      NaN,
      NaN,
      0.0002276763010603632,
      0.00030682650268460375,
      0.00039441285690256807,
      0.0004918598845727209,
      0.0006431414143666837,
      0.0007971343985337801,
      0.0009588349547153271,
      0.0012082952355438404,
      0.0014818809862544467,
      0.0017385115362184623,
      0.0020947270427518396,
      0.002513754638182712,
      0.0029723069282729248,
      0.0034079151654677685,
      0.003914992264989951,
      0.004415903167469203,
      0.00490516261417355,
      0.00541141824774606,
      0.0058952229792731915,
      0.006361846455810705,
      0.006780541504281817,
      0.007166616928145742,
      0.007498841986996167,
      0.0077901137241462425,
      0.008067260558811875,
      0.008322989546820082,
      0.008503765791432624,
      0.008531680322215468,
      0.008451237864063432,
      0.008300994742171367,
      0.008154252416934148,
      0.00832771066411273,
      0.008738043240919905,
      0.009124333267665593,
      0.009587436282902928,
      0.009917949639794265,
      0.00973600259036172,
      0.00987707951331381,
      0.010089545152594425,
      0.011112110298328044,
      0.013718048796266376,
      0.006547520105335501
   ],
   "Weighted B(r)": [
      2.1563950405026878e-05,
      NaN,
      NaN,
      6.295825134913751e-05,
      NaN,
      NaN,
      0.00014177404462545638,
      NaN,
      NaN,
      0.0002276763010603632,
      0.00030682650268460375,
      0.00039441285690256807,
      0.0004918598845727209,
      0.0006431414143666837,
      0.0007971343985337801,
      0.0009588349547153271,
      0.0012082952355438404,
      0.0014818809862544467,
      0.0017385115362184623,
      0.0020947270427518396,
      0.002513754638182712,
      0.0029723069282729248,
      0.0034079151654677685,
      0.003914992264989951,
      0.004415903167469203,
      0.00490516261417355,
      0.00541141824774606,
      0.0058952229792731915,
      0.006361846455810705,
      0.006780541504281817,
      0.007166616928145742,
      0.007498841986996167,
      0.0077901137241462425,
      0.008067260558811875,
      0.008322989546820082,
      0.008503765791432624,
      0.008531680322215468,
      0.008451237864063432,
      0.008300994742171367,
      0.008154252416934148,
      0.00832771066411273,
      0.008738043240919905,
      0.009124333267665593,
      0.009587436282902928,
      0.009917949639794265,
      0.00973600259036172,
      0.00987707951331381,
      0.010089545152594425,
      0.011112110298328044,
      0.013718048796266376,
      0.006547520105335501
   ],
   "Unweighted sigma^2": 0.004487883645610151,
   "Apparent r0": 16.133444211515062
}