{
   "log10 r": [
      0.0,
      0.05,
      0.1,
      0.15000000000000002,
      0.2,
      0.25,
      0.30000000000000004,
      0.35000000000000003,
      0.4,
      0.45,
      0.5,
      0.55,
      0.6000000000000001,
      0.65,
      0.7000000000000001,
      0.75,
      0.8,
      0.8500000000000001,
      0.9,
      0.9500000000000001,
      1.0,
      1.05,
      1.1,
      1.1500000000000001,
      1.2000000000000002,
      1.25,
      1.3,
      1.35,
      1.4000000000000001,
      1.4500000000000002,
      1.5,
      1.55,
      1.6,
      1.6500000000000001,
      1.7000000000000002,
      1.75,
      1.8,
      1.85,
      1.9000000000000001,
      1.9500000000000002,
      2.0,
      2.0500000000000003,
      2.1,
      2.15,
      2.2,
      2.25,
      2.3000000000000003,
      2.35,
      2.4000000000000004,
      2.45,
      2.5
   ],
   "Sum dv^2": [
      0.39531969462150535,
      0.0,
      0.0,
      2.6493861815320603,
      0.0,
      0.0,
      14.740832070051594,
      0.0,
      0.0,
      13.961868216827835,
      26.146165935520095,
      33.66451938333631,
      73.31562038277079,
      124.28866879420316,
      140.17688608896836,
      232.53755833790586,
      516.7621220711615,
      545.473090072762,
      938.9082372613565,
      1570.6215216035207,
      2903.487197410285,
      3651.776376665448,
      5572.814445329289,
      9522.036324577453,
      12749.652340844297,
      19486.38893716214,
      29497.15683593558,
      41088.66851353391,
      56500.91085168912,
      76468.51601673807,
      107844.25857926448,
      133408.10629640913,
      181920.4366620901,
      225655.76371241588,
      283554.50283687375,
      344790.80343811517,
      413070.73074118403,
      503305.6474233908,
      595529.241613039,
      713867.6005099607,
      850324.8444312405,
      973520.1343125307,
      1078358.2747966086,
      1123995.529715002,
      1150616.09008438,
      1112240.6320616694,
      923128.7627541749,
      766306.4075523234,
      428370.6648847053,
      104929.28927128935,
      3618.2782658683627
   ],
   "Sum weights": [
      65280.0,
      0.0,
      0.0,
      130050.0,
      0.0,
      0.0,
      324104.0,
      0.0,
      0.0,
      193800.0,
      258060.0,
      257048.0,
      449570.0,
      575312.0,
      511036.0,
      700020.0,
      1203734.0,
      1007972.0,
      1445380.0,
      1937042.0,
      2859272.0,
      2897116.0,
      3674690.0,
      5155474.0,
      5773520.0,
      7491838.0,
      9701238.0,
      11757186.0,
      14320938.0,
      17540114.0,
      22734900.0,
      26303374.0,
      34062188.0,
      40733820.0,
      50149068.0,
      60431004.0,
      72289830.0,
      87731826.0,
      102476376.0,
      120332462.0,
      140368314.0,
      158782298.0,
      178392398.0,
      192781200.0,
      200564162.0,
      196929652.0,
      173862636.0,
      123283452.0,
      50816154.0,
      14282052.0,
      1557090.0
   ],
   "Sum w * dv^2": [
      0.39531969462150535,
      0.0,
      0.0,
      2.6493861815320603,
      0.0,
      0.0,
      14.740832070051594,
      0.0,
      0.0,
      13.961868216827835,
      26.146165935520095,
      33.66451938333631,
      73.31562038277079,
      124.28866879420316,
      140.17688608896836,
      232.53755833790586,
      516.7621220711615,
      545.473090072762,
      938.9082372613565,
      1570.6215216035207,
      2903.487197410285,
      3651.776376665448,
      5572.814445329289,
      9522.036324577453,
      12749.652340844297,
      19486.38893716214,
      29497.15683593558,
      41088.66851353391,
      56500.91085168912,
      76468.51601673807,
      107844.25857926448,
      133408.10629640913,
      181920.4366620901,
      225655.76371241588,
      283554.50283687375,
      344790.80343811517,
      413070.73074118403,
      503305.6474233908,
      595529.241613039,
      713867.6005099607,
      850324.8444312405,
      973520.1343125307,
      1078358.2747966086,
      1123995.529715002,
      1150616.09008438,
      1112240.6320616694,
      923128.7627541749,
      766306.4075523234,
      428370.6648847053,
      104929.28927128935,
      3618.2782658683627
   ],
   "N pairs": [
      65280,
      0,
      0,
      130050,
      0,
      0,
      324104,
      0,
      0,
      193800,
      258060,
      257048,
      449570,
      575312,
      511036,
      700020,
      1203734,
      1007972,
      1445380,
      1937042,
      2859272,
      2897116,
      3674690,
      5155474,
      5773520,
      7491838,
      9701238,
      11757186,
      14320938,
      17540114,
      22734900,
      26303374,
      34062188,
      40733820,
      50149068,
      60431004,
      72289830,
      87731826,
      102476376,
      120332462,
      140368314,
      158782298,
      178392398,
      192781200,
      200564162,
      196929652,
      173862636,
      123283452,
      50816154,
      14282052,
      1557090
   ],
   "Unweighted B(r)": [
      6.055755125942178e-06,
      NaN,
      NaN,
      2.0372058297055443e-05,
      NaN,
      NaN,
      4.5481796182865975e-05,
      NaN,
      NaN,
      7.204266365752237e-05,
      0.00010131816606804656,
      0.00013096588724026761,
      0.00016307943230814065,
      0.00021603698305302715,
      0.0002742994350475668,
      0.00033218702085355544,
      0.00042929926551145143,
      0.0005411589707578802,
      0.0006495926588588167,
      0.0008108350369292564,
      0.001015463795473213,
      0.0012604867656888603,
      0.0015165400197919522,
      0.0018469759181362283,
      0.0022082979431688634,
      0.002601015790405791,
      0.0030405559409980025,
      0.0034947706460996624,
      0.003945335902696396,
      0.004359636204002897,
      0.004743555440281879,
      0.005071900901245944,
      0.00534083238170402,
      0.005539764346000838,
      0.005654232753375871,
      0.005705528298654697,
      0.0057140918818205,
      0.005736865062211185,
      0.0058113807772928955,
      0.005932460689701177,
      0.006057811910679788,
      0.006131162897721323,
      0.006044866748170561,
      0.005830420859061994,
      0.0057368977518744355,
      0.0056479083813222265,
      0.0053095293157419685,
      0.006215809138377496,
      0.008429812789151758,
      0.007346933708915872,
      0.002323743820760754
   ],
   "Weighted B(r)": [
      6.055755125942178e-06,
      NaN,
      NaN,
      2.0372058297055443e-05,
      NaN,
      NaN,
      4.5481796182865975e-05,
      NaN,
      NaN,
      7.204266365752237e-05,
      0.00010131816606804656,
      0.00013096588724026761,
      0.00016307943230814065,
      0.00021603698305302715,
      0.0002742994350475668,
      0.00033218702085355544,
      0.00042929926551145143,
      0.0005411589707578802,
      0.0006495926588588167,
      0.0008108350369292564,
      0.001015463795473213,
      0.0012604867656888603,
      0.0015165400197919522,
      0.0018469759181362283,
      0.0022082979431688634,
      0.002601015790405791,
      0.0030405559409980025,
      0.0034947706460996624,
      0.003945335902696396,
      0.004359636204002897,
      0.004743555440281879,
      0.005071900901245944,
      0.00534083238170402,
      0.005539764346000838,
      0.005654232753375871,
      0.005705528298654697,
      0.0057140918818205,
      0.005736865062211185,
      0.0058113807772928955,
      0.005932460689701177,
      0.006057811910679788,
      0.006131162897721323,
      0.006044866748170561,
      0.005830420859061994,
      0.0057368977518744355,
      0.0056479083813222265,
      0.0053095293157419685,
      0.006215809138377496,
      0.008429812789151758,
      0.007346933708915872,
      0.002323743820760754
   ],
   "Unweighted sigma^2": 0.002870321059618627,
   "Apparent r0": 19.112243515829746
}