{
   "log10 r": [
      0.0,
      0.05,
      0.1,
      0.15000000000000002,
      0.2,
      0.25,
      0.30000000000000004,
      0.35000000000000003,
      0.4,
      0.45,
      0.5,
      0.55,
      0.6000000000000001,
      0.65,
      0.7000000000000001,
      0.75,
      0.8,
      0.8500000000000001,
      0.9,
      0.9500000000000001,
      1.0,
      1.05,
      1.1,
      1.1500000000000001,
      1.2000000000000002,
      1.25,
      1.3,
      1.35,
      1.4000000000000001,
      1.4500000000000002,
      1.5,
      1.55,
      1.6,
      1.6500000000000001,
      1.7000000000000002,
      1.75,
      1.8,
      1.85,
      1.9000000000000001,
      1.9500000000000002,
      2.0,
      2.0500000000000003,
      2.1,
      2.15,
      2.2,
      2.25,
      2.3000000000000003,
      2.35,
      2.4000000000000004,
      2.45,
      2.5
   ],
   "Sum dv^2": [
      0.2506435852937085,
      0.0,
      0.0,
      0.8102265251923161,
      0.0,
      0.0,
      5.02324049210141,
      0.0,
      0.0,
      5.427031541479031,
      8.00633470666404,
      10.344359581574071,
      24.566655342323777,
      41.541257425875955,
      43.32251261611354,
      76.75487530695735,
      167.80013175823385,
      172.32429963994971,
      306.62159400346945,
      516.3750980199761,
      978.412222290944,
      1242.309820265201,
      1958.3705095035136,
      3415.86149576679,
      4783.3578204768555,
      7663.339635891,
      12336.139635552023,
      18485.157401970813,
      27575.988144763975,
      41012.212327632646,
      64482.68866971483,
      89463.63576318124,
      137649.85363453097,
      193624.49470036512,
      275961.7433273891,
      378872.6206751752,
      506118.74872408895,
      672226.3279894119,
      839337.2021097924,
      1028964.7946013868,
      1228493.935151624,
      1404149.1851248185,
      1586037.1921990945,
      1727271.2489342247,
      1800767.80835198,
      1730014.3012622998,
      1433406.8690812527,
      952301.6336360666,
      387149.19852902467,
      174370.41468027682,
      25430.224610199966
   ],
   "Sum weights": [
      65280.0,
      0.0,
      0.0,
      130050.0,
      0.0,
      0.0,
      324104.0,
      0.0,
      0.0,
      193800.0,
      258060.0,
      257048.0,
      449570.0,
      575312.0,
      511036.0,
      700020.0,
      1203734.0,
      1007972.0,
      1445380.0,
      1937042.0,
      2859272.0,
      2897116.0,
      3674690.0,
      5155474.0,
      5773520.0,
      7491838.0,
      9701238.0,
      11757186.0,
      14320938.0,
      17540114.0,
      22734900.0,
      26303374.0,
      34062188.0,
      40733820.0,
      50149068.0,
      60431004.0,
      72289830.0,
      87731826.0,
      102476376.0,
      120332462.0,
      140368314.0,
      158782298.0,
      178392398.0,
      192781200.0,
      200564162.0,
      196929652.0,
      173862636.0,
      123283452.0,
      50816154.0,
      14282052.0,
      1557090.0
   ],
   "Sum w * dv^2": [
      0.2506435852937085,
      0.0,
      0.0,
      0.8102265251923161,
      0.0,
      0.0,
      5.02324049210141,
      0.0,
      0.0,
      5.427031541479031,
      8.00633470666404,
      10.344359581574071,
      24.566655342323777,
      41.541257425875955,
      43.32251261611354,
      76.75487530695735,
      167.80013175823385,
      172.32429963994971,
      306.62159400346945,
      516.3750980199761,
      978.412222290944,
      1242.309820265201,
      1958.3705095035136,
      3415.86149576679,
      4783.3578204768555,
      7663.339635891,
      12336.139635552023,
      18485.157401970813,
      27575.988144763975,
      41012.212327632646,
      64482.68866971483,
      89463.63576318124,
      137649.85363453097,
      193624.49470036512,
      275961.7433273891,
      378872.6206751752,
      506118.74872408895,
      672226.3279894119,
      839337.2021097924,
      1028964.7946013868,
      1228493.935151624,
      1404149.1851248185,
      1586037.1921990945,
      1727271.2489342247,
      1800767.80835198,
      1730014.3012622998,
      1433406.8690812527,
      952301.6336360666,
      387149.19852902467,
      174370.41468027682,
      25430.224610199966
   ],
   "N pairs": [
      65280,
      0,
      0,
      130050,
      0,
      0,
      324104,
      0,
      0,
      193800,
      258060,
      257048,
      449570,
      575312,
      511036,
      700020,
      1203734,
      1007972,
      1445380,
      1937042,
      2859272,
      2897116,
      3674690,
      5155474,
      5773520,
      7491838,
      9701238,
      11757186,
      14320938,
      17540114,
      22734900,
      26303374,
      34062188,
      40733820,
      50149068,
      60431004,
      72289830,
      87731826,
      102476376,
      120332462,
      140368314,
      158782298,
      178392398,
      192781200,
      200564162,
      196929652,
      173862636,
      123283452,
      50816154,
      14282052,
      1557090
   ],
   "Unweighted B(r)": [
      3.839515706092348e-06,
      NaN,
      NaN,
      6.23011553396629e-06,
      NaN,
      NaN,
      1.5498853738619116e-05,
      NaN,
      NaN,
      2.8003258727961977e-05,
      3.1025089927396884e-05,
      4.024291020188475e-05,
      5.4644783553893224e-05,
      7.220648522171614e-05,
      8.47738958040403e-05,
      0.00010964668910453607,
      0.00013939967780110377,
      0.00017096139539585396,
      0.0002121390873012422,
      0.00026657919550529936,
      0.0003421892783516028,
      0.00042880913993958167,
      0.000532934889610692,
      0.0006625698230205002,
      0.0008284993938666282,
      0.0010228917971652617,
      0.0012716046792741321,
      0.0015722433413889016,
      0.0019255713658395822,
      0.002338195312050574,
      0.0028362864437369343,
      0.0034012228151103826,
      0.004041133635764413,
      0.004753408708055496,
      0.005502828952422189,
      0.00626950729918661,
      0.007001244140760726,
      0.007662285838999998,
      0.00819054337079399,
      0.008551015889639047,
      0.008751931971994933,
      0.008843235063425133,
      0.008890721857996968,
      0.008959749440994374,
      0.008978512364297565,
      0.008784935552835384,
      0.008244479101773498,
      0.0077244887143172025,
      0.00761862455251975,
      0.01220905894196974,
      0.01633189129093371
   ],
   "Weighted B(r)": [
      3.839515706092348e-06,
      NaN,
      NaN,
      6.23011553396629e-06,
      NaN,
      NaN,
      1.5498853738619116e-05,
      NaN,
      NaN,
      2.8003258727961977e-05,
      3.1025089927396884e-05,
      4.024291020188475e-05,
      5.4644783553893224e-05,
      7.220648522171614e-05,
      8.47738958040403e-05,
      0.00010964668910453607,
      0.00013939967780110377,
      0.00017096139539585396,
      0.0002121390873012422,
      0.00026657919550529936,
      0.0003421892783516028,
      0.00042880913993958167,
      0.000532934889610692,
      0.0006625698230205002,
      0.0008284993938666282,
      0.0010228917971652617,
      0.0012716046792741321,
      0.0015722433413889016,
      0.0019255713658395822,
      0.002338195312050574,
      0.0028362864437369343,
      0.0034012228151103826,
      0.004041133635764413,
      0.004753408708055496,
      0.005502828952422189,
      0.00626950729918661,
      0.007001244140760726,
      0.007662285838999998,
      0.00819054337079399,
      0.008551015889639047,
      0.008751931971994933,
      0.008843235063425133,
      0.008890721857996968,
      0.008959749440994374,
      0.008978512364297565,
      0.008784935552835384,
      0.008244479101773498,
      0.0077244887143172025,
      0.00761862455251975,
      0.01220905894196974,
      0.01633189129093371
   ],
   "Unweighted sigma^2": 0.00390850307928231,
   "Apparent r0": 38.91339228393753
}