{
   "log10 r": [
      0.0,
      0.05,
      0.1,
      0.15000000000000002,
      0.2,
      0.25,
      0.30000000000000004,
      0.35000000000000003,
      0.4,
      0.45,
      0.5,
      0.55,
      0.6000000000000001,
      0.65,
      0.7000000000000001,
      0.75,
      0.8,
      0.8500000000000001,
      0.9,
      0.9500000000000001,
      1.0,
      1.05,
      1.1,
      1.1500000000000001,
      1.2000000000000002,
      1.25,
      1.3,
      1.35,
      1.4000000000000001,
      1.4500000000000002,
      1.5,
      1.55,
      1.6,
      1.6500000000000001,
      1.7000000000000002,
      1.75,
      1.8,
      1.85,
      1.9000000000000001,
      1.9500000000000002,
      2.0,
      2.0500000000000003,
      2.1,
      2.15,
      2.2,
      2.25,
      2.3000000000000003,
      2.35,
      2.4000000000000004,
      2.45,
      2.5
   ],
   "Sum dv^2": [
      0.05609745804782908,
      0.0,
      0.0,
      0.46736421541589973,
      0.0,
      0.0,
      2.547117753032949,
      0.0,
      0.0,
      2.347185813912549,
      4.619573164332492,
      5.963428661460542,
      12.78604131725558,
      21.792909943925146,
      24.962938325906308,
      41.13295733519822,
      92.3500514001915,
      98.8566623798871,
      170.4082254970456,
      288.49846791687025,
      539.7577312641265,
      693.0961134442093,
      1076.9482707064237,
      1896.1882344940577,
      2617.029042024026,
      4160.802165216925,
      6595.931088338354,
      9728.71880972996,
      14245.970945205941,
      20686.870872998043,
      31509.67397793548,
      42166.95506984563,
      62110.570216871754,
      82941.16477317792,
      111471.09297151749,
      143199.55284579282,
      178454.68156215778,
      221563.11391322516,
      262841.67102394655,
      316143.6476928087,
      387238.9762447947,
      474733.14350465516,
      590888.7973748231,
      709367.0491095384,
      804356.5028260675,
      828167.4665112648,
      758845.8699277721,
      575233.0124394456,
      290936.17263074976,
      104241.74740955753,
      7902.333537085636
   ],
   "Sum weights": [
      65280.0,
      0.0,
      0.0,
      130050.0,
      0.0,
      0.0,
      324104.0,
      0.0,
      0.0,
      193800.0,
      258060.0,
      257048.0,
      449570.0,
      575312.0,
      511036.0,
      700020.0,
      1203734.0,
      1007972.0,
      1445380.0,
      1937042.0,
      2859272.0,
      2897116.0,
      3674690.0,
      5155474.0,
      5773520.0,
      7491838.0,
      9701238.0,
      11757186.0,
      14320938.0,
      17540114.0,
      22734900.0,
      26303374.0,
      34062188.0,
      40733820.0,
      50149068.0,
      60431004.0,
      72289830.0,
      87731826.0,
      102476376.0,
      120332462.0,
      140368314.0,
      158782298.0,
      178392398.0,
      192781200.0,
      200564162.0,
      196929652.0,
      173862636.0,
      123283452.0,
      50816154.0,
      14282052.0,
      1557090.0
   ],
   "Sum w * dv^2": [
      0.05609745804782908,
      0.0,
      0.0,
      0.46736421541589973,
      0.0,
      0.0,
      2.547117753032949,
      0.0,
      0.0,
      2.347185813912549,
      4.619573164332492,
      5.963428661460542,
      12.78604131725558,
      21.792909943925146,
      24.962938325906308,
      41.13295733519822,
      92.3500514001915,
      98.8566623798871,
      170.4082254970456,
      288.49846791687025,
      539.7577312641265,
      693.0961134442093,
      1076.9482707064237,
      1896.1882344940577,
      2617.029042024026,
      4160.802165216925,
      6595.931088338354,
      9728.71880972996,
      14245.970945205941,
      20686.870872998043,
      31509.67397793548,
      42166.95506984563,
      62110.570216871754,
      82941.16477317792,
      111471.09297151749,
      143199.55284579282,
      178454.68156215778,
      221563.11391322516,
      262841.67102394655,
      316143.6476928087,
      387238.9762447947,
      474733.14350465516,
      590888.7973748231,
      709367.0491095384,
      804356.5028260675,
      828167.4665112648,
      758845.8699277721,
      575233.0124394456,
      290936.17263074976,
      104241.74740955753,
      7902.333537085636
   ],
   "N pairs": [
      65280,
      0,
      0,
      130050,
      0,
      0,
      324104,
      0,
      0,
      193800,
      258060,
      257048,
      449570,
      575312,
      511036,
      700020,
      1203734,
      1007972,
      1445380,
      1937042,
      2859272,
      2897116,
      3674690,
      5155474,
      5773520,
      7491838,
      9701238,
      11757186,
      14320938,
      17540114,
      22734900,
      26303374,
      34062188,
      40733820,
      50149068,
      60431004,
      72289830,
      87731826,
      102476376,
      120332462,
      140368314,
      158782298,
      178392398,
      192781200,
      200564162,
      196929652,
      173862636,
      123283452,
      50816154,
      14282052,
      1557090
   ],
   "Unweighted B(r)": [
      8.593360607816954e-07,
      NaN,
      NaN,
      3.593727146604381e-06,
      NaN,
      NaN,
      7.858951919855815e-06,
      NaN,
      NaN,
      1.2111381908733484e-05,
      1.7901159282075844e-05,
      2.3199669561562596e-05,
      2.8440601724437972e-05,
      3.788015884237622e-05,
      4.884770999676404e-05,
      5.8759688773461075e-05,
      7.671965018865588e-05,
      9.807480999461006e-05,
      0.00011789856335153773,
      0.0001489376419906591,
      0.00018877453116182248,
      0.00023923657645886782,
      0.00029307187020032266,
      0.00036780094992120175,
      0.0004532813676966609,
      0.0005553780214170307,
      0.0006799061200579096,
      0.0008274700093823437,
      0.000994765213368422,
      0.0011794034447551506,
      0.0013859605266764085,
      0.0016031006162876911,
      0.0018234462864473579,
      0.002036174480399283,
      0.0022227949076046136,
      0.00236963716250342,
      0.002468600099933252,
      0.002525458821673507,
      0.002564900138778781,
      0.0026272515532243385,
      0.002758734968098247,
      0.0029898367102903067,
      0.0033122980799597927,
      0.003679648477701863,
      0.004010469740980283,
      0.004205397501597498,
      0.004364628809192632,
      0.004665938559535513,
      0.005725269421821056,
      0.007298793437354628,
      0.005075065370072145
   ],
   "Weighted B(r)": [
      8.593360607816954e-07,
      NaN,
      NaN,
      3.593727146604381e-06,
      NaN,
      NaN,
      7.858951919855815e-06,
      NaN,
      NaN,
      1.2111381908733484e-05,
      1.7901159282075844e-05,
      2.3199669561562596e-05,
      2.8440601724437972e-05,
      3.788015884237622e-05,
      4.884770999676404e-05,
      5.8759688773461075e-05,
      7.671965018865588e-05,
      9.807480999461006e-05,
      0.00011789856335153773,
      0.0001489376419906591,
      0.00018877453116182248,
      0.00023923657645886782,
      0.00029307187020032266,
      0.00036780094992120175,
      0.0004532813676966609,
      0.0005553780214170307,
      0.0006799061200579096,
      0.0008274700093823437,
      0.000994765213368422,
      0.0011794034447551506,
      0.0013859605266764085,
      0.0016031006162876911,
      0.0018234462864473579,
      0.002036174480399283,
      0.0022227949076046136,
      0.00236963716250342,
      0.002468600099933252,
      0.002525458821673507,
      0.002564900138778781,
      0.0026272515532243385,
      0.002758734968098247,
      0.0029898367102903067,
      0.0033122980799597927,
      0.003679648477701863,
      0.004010469740980283,
      0.004205397501597498,
      0.004364628809192632,
      0.004665938559535513,
      0.005725269421821056,
      0.007298793437354628,
      0.005075065370072145
   ],
   "Unweighted sigma^2": 0.0016472110444605476,
   "Apparent r0": 36.348025901985245
}