{
   "log10 r": [
      0.0,
      0.05,
      0.1,
      0.15000000000000002,
      0.2,
      0.25,
      0.30000000000000004,
      0.35000000000000003,
      0.4,
      0.45,
      0.5,
      0.55,
      0.6000000000000001,
      0.65,
      0.7000000000000001,
      0.75,
      0.8,
      0.8500000000000001,
      0.9,
      0.9500000000000001,
      1.0,
      1.05,
      1.1,
      1.1500000000000001,
      1.2000000000000002,
      1.25,
      1.3,
      1.35,
      1.4000000000000001,
      1.4500000000000002,
      1.5,
      1.55,
      1.6,
      1.6500000000000001,
      1.7000000000000002,
      1.75,
      1.8,
      1.85,
      1.9000000000000001,
      1.9500000000000002,
      2.0,
      2.0500000000000003,
      2.1,
      2.15,
      2.2,
      2.25,
      2.3000000000000003,
      2.35,
      2.4000000000000004,
      2.45,
      2.5
   ],
   "Sum dv^2": [
      1.8627541632541684,
      0.0,
      0.0,
      12.449093729491466,
      0.0,
      0.0,
      69.37378805754989,
      0.0,
      0.0,
      65.87409765049067,
      123.17664142734694,
      159.15738896175836,
      346.5168582146424,
      589.8419066561884,
      664.0788695311973,
      1105.667513259417,
      2466.4354740028225,
      2619.0722503801894,
      4516.135818299109,
      7602.240554657187,
      14131.326126195361,
      17979.5460201293,
      27691.14570595956,
      48103.0030283066,
      65386.56769250891,
      102270.56007490025,
      158663.23728705512,
      229060.72257193222,
      327051.91345107567,
      463758.5081776784,
      688706.7516015506,
      899208.6835528611,
      1293812.5945005396,
      1696472.616073769,
      2262207.9433717835,
      2918012.3881425066,
      3699218.6133688497,
      4701865.239589903,
      5657091.858074144,
      6671033.213913415,
      7609412.957416383,
      8270124.446993803,
      8927972.277880639,
      9258262.371251108,
      9397846.26130501,
      9953288.594360447,
      9115758.257915614,
      6651294.214730022,
      3122686.921410954,
      688059.9549940042,
      16756.801985849892
   ],
   "Sum weights": [
      65280.0,
      0.0,
      0.0,
      130050.0,
      0.0,
      0.0,
      324104.0,
      0.0,
      0.0,
      193800.0,
      258060.0,
      257048.0,
      449570.0,
      575312.0,
      511036.0,
      700020.0,
      1203734.0,
      1007972.0,
      1445380.0,
      1937042.0,
      2859272.0,
      2897116.0,
      3674690.0,
      5155474.0,
      5773520.0,
      7491838.0,
      9701238.0,
      11757186.0,
      14320938.0,
      17540114.0,
      22734900.0,
      26303374.0,
      34062188.0,
      40733820.0,
      50149068.0,
      60431004.0,
      72289830.0,
      87731826.0,
      102476376.0,
      120332462.0,
      140368314.0,
      158782298.0,
      178392398.0,
      192781200.0,
      200564162.0,
      196929652.0,
      173862636.0,
      123283452.0,
      50816154.0,
      14282052.0,
      1557090.0
   ],
   "Sum w * dv^2": [
      1.8627541632541684,
      0.0,
      0.0,
      12.449093729491466,
      0.0,
      0.0,
      69.37378805754989,
      0.0,
      0.0,
      65.87409765049067,
      123.17664142734694,
      159.15738896175836,
      346.5168582146424,
      589.8419066561884,
      664.0788695311973,
      1105.667513259417,
      2466.4354740028225,
      2619.0722503801894,
      4516.135818299109,
      7602.240554657187,
      14131.326126195361,
      17979.5460201293,
      27691.14570595956,
      48103.0030283066,
      65386.56769250891,
      102270.56007490025,
      158663.23728705512,
      229060.72257193222,
      327051.91345107567,
      463758.5081776784,
      688706.7516015506,
      899208.6835528611,
      1293812.5945005396,
      1696472.616073769,
      2262207.9433717835,
      2918012.3881425066,
      3699218.6133688497,
      4701865.239589903,
      5657091.858074144,
      6671033.213913415,
      7609412.957416383,
      8270124.446993803,
      8927972.277880639,
      9258262.371251108,
      9397846.26130501,
      9953288.594360447,
      9115758.257915614,
      6651294.214730022,
      3122686.921410954,
      688059.9549940042,
      16756.801985849892
   ],
   "N pairs": [
      65280,
      0,
      0,
      130050,
      0,
      0,
      324104,
      0,
      0,
      193800,
      258060,
      257048,
      449570,
      575312,
      511036,
      700020,
      1203734,
      1007972,
      1445380,
      1937042,
      2859272,
      2897116,
      3674690,
      5155474,
      5773520,
      7491838,
      9701238,
      11757186,
      14320938,
      17540114,
      22734900,
      26303374,
      34062188,
      40733820,
      50149068,
      60431004,
      72289830,
      87731826,
      102476376,
      120332462,
      140368314,
      158782298,
      178392398,
      192781200,
      200564162,
      196929652,
      173862636,
      123283452,
      50816154,
      14282052,
      1557090
   ],
   "Unweighted B(r)": [
      2.8534837059653316e-05,
      NaN,
      NaN,
      9.572544197994206e-05,
      NaN,
      NaN,
      0.00021404792306651535,
      NaN,
      NaN,
      0.00033990762461553494,
      0.00047731783859314474,
      0.0006191738078559582,
      0.0007707739800579274,
      0.0010252556989184796,
      0.0012994757111655486,
      0.0015794798909451403,
      0.0020489871300493484,
      0.0025983581392937396,
      0.003124531831282506,
      0.003924664800586248,
      0.004942281156250739,
      0.006206015230363333,
      0.00753564129381242,
      0.009330471461655436,
      0.011325251786173583,
      0.013650930529317404,
      0.016354947408470457,
      0.019482614510983515,
      0.022837324863153215,
      0.026439879933373205,
      0.030292930762904197,
      0.03418605854719859,
      0.03798383693086714,
      0.04164776630509412,
      0.04510967069959872,
      0.04828667728476771,
      0.05117204748398011,
      0.053593609684926685,
      0.055203863357483916,
      0.055438350575037806,
      0.05421033237897538,
      0.05208467537731317,
      0.050046820256772595,
      0.048024715953895444,
      0.04685705645311155,
      0.05054235608135055,
      0.052430806685316876,
      0.05395123276342085,
      0.06145067415788598,
      0.048176547389269006,
      0.010761614284241688
   ],
   "Weighted B(r)": [
      2.8534837059653316e-05,
      NaN,
      NaN,
      9.572544197994206e-05,
      NaN,
      NaN,
      0.00021404792306651535,
      NaN,
      NaN,
      0.00033990762461553494,
      0.00047731783859314474,
      0.0006191738078559582,
      0.0007707739800579274,
      0.0010252556989184796,
      0.0012994757111655486,
      0.0015794798909451403,
      0.0020489871300493484,
      0.0025983581392937396,
      0.003124531831282506,
      0.003924664800586248,
      0.004942281156250739,
      0.006206015230363333,
      0.00753564129381242,
      0.009330471461655436,
      0.011325251786173583,
      0.013650930529317404,
      0.016354947408470457,
      0.019482614510983515,
      0.022837324863153215,
      0.026439879933373205,
      0.030292930762904197,
      0.03418605854719859,
      0.03798383693086714,
      0.04164776630509412,
      0.04510967069959872,
      0.04828667728476771,
      0.05117204748398011,
      0.053593609684926685,
      0.055203863357483916,
      0.055438350575037806,
      0.05421033237897538,
      0.05208467537731317,
      0.050046820256772595,
      0.048024715953895444,
      0.04685705645311155,
      0.05054235608135055,
      0.052430806685316876,
      0.05395123276342085,
      0.06145067415788598,
      0.048176547389269006,
      0.010761614284241688
   ],
   "Unweighted sigma^2": 0.024531319599733297,
   "Apparent r0": 26.56007325498655
}