{
   "log10 r": [
      0.0,
      0.05,
      0.1,
      0.15000000000000002,
      0.2,
      0.25,
      0.30000000000000004,
      0.35000000000000003,
      0.4,
      0.45,
      0.5,
      0.55,
      0.6000000000000001,
      0.65,
      0.7000000000000001,
      0.75,
      0.8,
      0.8500000000000001,
      0.9,
      0.9500000000000001,
      1.0,
      1.05,
      1.1,
      1.1500000000000001,
      1.2000000000000002,
      1.25,
      1.3,
      1.35,
      1.4000000000000001,
      1.4500000000000002,
      1.5,
      1.55,
      1.6,
      1.6500000000000001,
      1.7000000000000002,
      1.75,
      1.8,
      1.85,
      1.9000000000000001,
      1.9500000000000002,
      2.0,
      2.0500000000000003,
      2.1,
      2.15,
      2.2,
      2.25,
      2.3000000000000003,
      2.35,
      2.4000000000000004,
      2.45,
      2.5
   ],
   "Sum dv^2": [
      0.008730605289724436,
      0.0,
      0.0,
      0.09859805567370886,
      0.0,
      0.0,
      0.525844227576855,
      0.0,
      0.0,
      0.46973771206053455,
      0.9774564971847143,
      1.2667651041729633,
      2.6661122906228933,
      4.572283370968824,
      5.313518529759283,
      8.68098148780117,
      19.659691713020862,
      21.315964679008143,
      36.62247726911437,
      62.4366556559641,
      117.21313158338954,
      152.38021130884334,
      238.26151135437513,
      426.113851075613,
      594.566689782747,
      962.4049065706857,
      1553.4177711731977,
      2352.422249486357,
      3542.2892124311757,
      5328.133786424783,
      8460.168367998915,
      11879.590670444952,
      18497.102127107653,
      26359.103290852792,
      38166.44806652158,
      53196.448575496746,
      72155.93008086288,
      96996.08336392655,
      122029.72931858117,
      148995.36197562728,
      173332.99086584736,
      186241.29631603233,
      189941.98344233813,
      182677.93787115574,
      178422.87675228572,
      186391.57856499724,
      193214.76667323784,
      164774.1476965428,
      76181.92518021516,
      19028.70232301698,
      1491.2681826245478
   ],
   "Sum weights": [
      65280.0,
      0.0,
      0.0,
      130050.0,
      0.0,
      0.0,
      324104.0,
      0.0,
      0.0,
      193800.0,
      258060.0,
      257048.0,
      449570.0,
      575312.0,
      511036.0,
      700020.0,
      1203734.0,
      1007972.0,
      1445380.0,
      1937042.0,
      2859272.0,
      2897116.0,
      3674690.0,
      5155474.0,
      5773520.0,
      7491838.0,
      9701238.0,
      11757186.0,
      14320938.0,
      17540114.0,
      22734900.0,
      26303374.0,
      34062188.0,
      40733820.0,
      50149068.0,
      60431004.0,
      72289830.0,
      87731826.0,
      102476376.0,
      120332462.0,
      140368314.0,
      158782298.0,
      178392398.0,
      192781200.0,
      200564162.0,
      196929652.0,
      173862636.0,
      123283452.0,
      50816154.0,
      14282052.0,
      1557090.0
   ],
   "Sum w * dv^2": [
      0.008730605289724436,
      0.0,
      0.0,
      0.09859805567370886,
      0.0,
      0.0,
      0.525844227576855,
      0.0,
      0.0,
      0.46973771206053455,
      0.9774564971847143,
      1.2667651041729633,
      2.6661122906228933,
      4.572283370968824,
      5.313518529759283,
      8.68098148780117,
      19.659691713020862,
      21.315964679008143,
      36.62247726911437,
      62.4366556559641,
      117.21313158338954,
      152.38021130884334,
      238.26151135437513,
      426.113851075613,
      594.566689782747,
      962.4049065706857,
      1553.4177711731977,
      2352.422249486357,
      3542.2892124311757,
      5328.133786424783,
      8460.168367998915,
      11879.590670444952,
      18497.102127107653,
      26359.103290852792,
      38166.44806652158,
      53196.448575496746,
      72155.93008086288,
      96996.08336392655,
      122029.72931858117,
      148995.36197562728,
      173332.99086584736,
      186241.29631603233,
      189941.98344233813,
      182677.93787115574,
      178422.87675228572,
      186391.57856499724,
      193214.76667323784,
      164774.1476965428,
      76181.92518021516,
      19028.70232301698,
      1491.2681826245478
   ],
   "N pairs": [
      65280,
      0,
      0,
      130050,
      0,
      0,
      324104,
      0,
      0,
      193800,
      258060,
      257048,
      449570,
      575312,
      511036,
      700020,
      1203734,
      1007972,
      1445380,
      1937042,
      2859272,
      2897116,
      3674690,
      5155474,
      5773520,
      7491838,
      9701238,
      11757186,
      14320938,
      17540114,
      22734900,
      26303374,
      34062188,
      40733820,
      50149068,
      60431004,
      72289830,
      87731826,
      102476376,
      120332462,
      140368314,
      158782298,
      178392398,
      192781200,
      200564162,
      196929652,
      173862636,
      123283452,
      50816154,
      14282052,
      1557090
   ],
   "Unweighted B(r)": [
      1.3374088985484736e-07,
      NaN,
      NaN,
      7.581549840346702e-07,
      NaN,
      NaN,
      1.6224552229434225e-06,
      NaN,
      NaN,
      2.423827203614729e-06,
      3.7877102115194693e-06,
      4.928126669621873e-06,
      5.930360768340622e-06,
      7.947484792545304e-06,
      1.0397542501427067e-05,
      1.2401047809778535e-05,
      1.6332255891269053e-05,
      2.114737778331952e-05,
      2.5337611748546657e-05,
      3.223299012409855e-05,
      4.0994047290145725e-05,
      5.259720746730312e-05,
      6.483853368702534e-05,
      8.26527010078245e-05,
      0.00010298166279544316,
      0.0001284604534388872,
      0.00016012572531188263,
      0.00020008378275944235,
      0.0002473503629742113,
      0.000303768481004444,
      0.0003721225238729405,
      0.0004516375226404397,
      0.0005430391649270344,
      0.0006471060973621622,
      0.000761059967585471,
      0.0008802840438576322,
      0.000998147735039118,
      0.00110559745290069,
      0.0011908083997679735,
      0.0012381975694607434,
      0.0012348441462782503,
      0.0011729348841898757,
      0.0010647425875307654,
      0.0009475920778123372,
      0.0008896049771458458,
      0.0009464881325489634,
      0.0011113070129296662,
      0.0013365471604132467,
      0.0014991674730089797,
      0.0013323507240428042,
      0.0009577276731753128
   ],
   "Weighted B(r)": [
      1.3374088985484736e-07,
      NaN,
      NaN,
      7.581549840346702e-07,
      NaN,
      NaN,
      1.6224552229434225e-06,
      NaN,
      NaN,
      2.423827203614729e-06,
      3.7877102115194693e-06,
      4.928126669621873e-06,
      5.930360768340622e-06,
      7.947484792545304e-06,
      1.0397542501427067e-05,
      1.2401047809778535e-05,
      1.6332255891269053e-05,
      2.114737778331952e-05,
      2.5337611748546657e-05,
      3.223299012409855e-05,
      4.0994047290145725e-05,
      5.259720746730312e-05,
      6.483853368702534e-05,
      8.26527010078245e-05,
      0.00010298166279544316,
      0.0001284604534388872,
      0.00016012572531188263,
      0.00020008378275944235,
      0.0002473503629742113,
      0.000303768481004444,
      0.0003721225238729405,
      0.0004516375226404397,
      0.0005430391649270344,
      0.0006471060973621622,
      0.000761059967585471,
      0.0008802840438576322,
      0.000998147735039118,
      0.00110559745290069,
      0.0011908083997679735,
      0.0012381975694607434,
      0.0012348441462782503,
      0.0011729348841898757,
      0.0010647425875307654,
      0.0009475920778123372,
      0.0008896049771458458,
      0.0009464881325489634,
      0.0011113070129296662,
      0.0013365471604132467,
      0.0014991674730089797,
      0.0013323507240428042,
      0.0009577276731753128
   ],
   "Unweighted sigma^2": 0.0005055328981957751,
   "Apparent r0": 38.034175551972446
}