{
   "log10 r": [
      0.0,
      0.05,
      0.1,
      0.15000000000000002,
      0.2,
      0.25,
      0.30000000000000004,
      0.35000000000000003,
      0.4,
      0.45,
      0.5,
      0.55,
      0.6000000000000001,
      0.65,
      0.7000000000000001,
      0.75,
      0.8,
      0.8500000000000001,
      0.9,
      0.9500000000000001,
      1.0,
      1.05,
      1.1,
      1.1500000000000001,
      1.2000000000000002,
      1.25,
      1.3,
      1.35,
      1.4000000000000001,
      1.4500000000000002,
      1.5,
      1.55,
      1.6,
      1.6500000000000001,
      1.7000000000000002,
      1.75,
      1.8,
      1.85,
      1.9000000000000001,
      1.9500000000000002,
      2.0,
      2.0500000000000003,
      2.1,
      2.15,
      2.2,
      2.25,
      2.3000000000000003,
      2.35,
      2.4000000000000004,
      2.45,
      2.5
   ],
   "Sum dv^2": [
      627.2705933051932,
      0.0,
      0.0,
      2215.3363818827565,
      0.0,
      0.0,
      8912.26565404271,
      0.0,
      0.0,
      6898.107968176698,
      10434.466812277944,
      11701.451311180046,
      22828.85905466199,
      32929.543953375665,
      32145.171678647228,
      47851.49766521442,
      90949.09590719432,
      83230.34680930754,
      128120.96752426734,
      186462.8786045362,
      298383.9416241828,
      326871.39948671905,
      442209.87822653784,
      665814.0977594625,
      793187.3176468477,
      1092844.193288475,
      1501528.55894071,
      1930040.8230466908,
      2477371.3516908535,
      3185675.0107409195,
      4296524.0021297615,
      5154790.941813708,
      6975990.936416251,
      8767683.855815217,
      11418879.183080923,
      14591661.853976022,
      18584334.795711134,
      24417778.531027976,
      31097676.510031648,
      39901815.71621308,
      50802201.672056556,
      62108407.97659627,
      74045233.41108885,
      83800678.52640593,
      94086237.07812615,
      100781551.37254652,
      93046457.38902554,
      63243734.081798315,
      22980094.19844183,
      5637568.069541329,
      498987.1113840384
   ],
   "Sum weights": [
      65280.0,
      0.0,
      0.0,
      130050.0,
      0.0,
      0.0,
      324104.0,
      0.0,
      0.0,
      193800.0,
      258060.0,
      257048.0,
      449570.0,
      575312.0,
      511036.0,
      700020.0,
      1203734.0,
      1007972.0,
      1445380.0,
      1937042.0,
      2859272.0,
      2897116.0,
      3674690.0,
      5155474.0,
      5773520.0,
      7491838.0,
      9701238.0,
      11757186.0,
      14320938.0,
      17540114.0,
      22734900.0,
      26303374.0,
      34062188.0,
      40733820.0,
      50149068.0,
      60431004.0,
      72289830.0,
      87731826.0,
      102476376.0,
      120332462.0,
      140368314.0,
      158782298.0,
      178392398.0,
      192781200.0,
      200564162.0,
      196929652.0,
      173862636.0,
      123283452.0,
      50816154.0,
      14282052.0,
      1557090.0
   ],
   "Sum w * dv^2": [
      627.2705933051932,
      0.0,
      0.0,
      2215.3363818827565,
      0.0,
      0.0,
      8912.26565404271,
      0.0,
      0.0,
      6898.107968176698,
      10434.466812277944,
      11701.451311180046,
      22828.85905466199,
      32929.543953375665,
      32145.171678647228,
      47851.49766521442,
      90949.09590719432,
      83230.34680930754,
      128120.96752426734,
      186462.8786045362,
      298383.9416241828,
      326871.39948671905,
      442209.87822653784,
      665814.0977594625,
      793187.3176468477,
      1092844.193288475,
      1501528.55894071,
      1930040.8230466908,
      2477371.3516908535,
      3185675.0107409195,
      4296524.0021297615,
      5154790.941813708,
      6975990.936416251,
      8767683.855815217,
      11418879.183080923,
      14591661.853976022,
      18584334.795711134,
      24417778.531027976,
      31097676.510031648,
      39901815.71621308,
      50802201.672056556,
      62108407.97659627,
      74045233.41108885,
      83800678.52640593,
      94086237.07812615,
      100781551.37254652,
      93046457.38902554,
      63243734.081798315,
      22980094.19844183,
      5637568.069541329,
      498987.1113840384
   ],
   "N pairs": [
      65280,
      0,
      0,
      130050,
      0,
      0,
      324104,
      0,
      0,
      193800,
      258060,
      257048,
      449570,
      575312,
      511036,
      700020,
      1203734,
      1007972,
      1445380,
      1937042,
      2859272,
      2897116,
      3674690,
      5155474,
      5773520,
      7491838,
      9701238,
      11757186,
      14320938,
      17540114,
      22734900,
      26303374,
      34062188,
      40733820,
      50149068,
      60431004,
      72289830,
      87731826,
      102476376,
      120332462,
      140368314,
      158782298,
      178392398,
      192781200,
      200564162,
      196929652,
      173862636,
      123283452,
      50816154,
      14282052,
      1557090
   ],
   "Unweighted B(r)": [
      0.00960892452979769,
      NaN,
      NaN,
      0.01703449736165134,
      NaN,
      NaN,
      0.027498166187528417,
      NaN,
      NaN,
      0.03559395236417285,
      0.04043426649724073,
      0.04552243670901951,
      0.05077932036092708,
      0.05723771441126843,
      0.06290197105222964,
      0.06835732931232597,
      0.07555580876439008,
      0.08257208217024634,
      0.08864171880354463,
      0.09626166010057408,
      0.10435661302044115,
      0.11282647967382703,
      0.12033936964112288,
      0.12914701883075397,
      0.13738366155254467,
      0.14587130598505668,
      0.15477700464009955,
      0.16415839836562005,
      0.17298946142290775,
      0.1816222523263486,
      0.18898363318641215,
      0.19597451421303244,
      0.20480160982072704,
      0.21524334952663945,
      0.22769873177066666,
      0.24145986146409254,
      0.25708090329872313,
      0.2783229261753651,
      0.3034619072597927,
      0.3315964375117088,
      0.3619207228780746,
      0.3911544848443765,
      0.41506944377242383,
      0.4346932093295712,
      0.469107921075781,
      0.511764228235911,
      0.53517224591617,
      0.5129945102591572,
      0.452220256543654,
      0.3947309580963106,
      0.3204613165482011
   ],
   "Weighted B(r)": [
      0.00960892452979769,
      NaN,
      NaN,
      0.01703449736165134,
      NaN,
      NaN,
      0.027498166187528417,
      NaN,
      NaN,
      0.03559395236417285,
      0.04043426649724073,
      0.04552243670901951,
      0.05077932036092708,
      0.05723771441126843,
      0.06290197105222964,
      0.06835732931232597,
      0.07555580876439008,
      0.08257208217024634,
      0.08864171880354463,
      0.09626166010057408,
      0.10435661302044115,
      0.11282647967382703,
      0.12033936964112288,
      0.12914701883075397,
      0.13738366155254467,
      0.14587130598505668,
      0.15477700464009955,
      0.16415839836562005,
      0.17298946142290775,
      0.1816222523263486,
      0.18898363318641215,
      0.19597451421303244,
      0.20480160982072704,
      0.21524334952663945,
      0.22769873177066666,
      0.24145986146409254,
      0.25708090329872313,
      0.2783229261753651,
      0.3034619072597927,
      0.3315964375117088,
      0.3619207228780746,
      0.3911544848443765,
      0.41506944377242383,
      0.4346932093295712,
      0.469107921075781,
      0.511764228235911,
      0.53517224591617,
      0.5129945102591572,
      0.452220256543654,
      0.3947309580963106,
      0.3204613165482011
   ],
   "Unweighted sigma^2": 0.1937598593396655,
   "Apparent r0": 34.258977418799645
}