{
   "log10 r": [
      0.0,
      0.05,
      0.1,
      0.15000000000000002,
      0.2,
      0.25,
      0.30000000000000004,
      0.35000000000000003,
      0.4,
      0.45,
      0.5,
      0.55,
      0.6000000000000001,
      0.65,
      0.7000000000000001,
      0.75,
      0.8,
      0.8500000000000001,
      0.9,
      0.9500000000000001,
      1.0,
      1.05,
      1.1,
      1.1500000000000001,
      1.2000000000000002,
      1.25,
      1.3,
      1.35,
      1.4000000000000001,
      1.4500000000000002,
      1.5,
      1.55,
      1.6,
      1.6500000000000001,
      1.7000000000000002,
      1.75,
      1.8,
      1.85,
      1.9000000000000001,
      1.9500000000000002,
      2.0,
      2.0500000000000003,
      2.1,
      2.15,
      2.2,
      2.25,
      2.3000000000000003,
      2.35,
      2.4000000000000004,
      2.45,
      2.5
   ],
   "Sum dv^2": [
      1.4631862070387402,
      0.0,
      0.0,
      8.165286831093525,
      0.0,
      0.0,
      46.07358738257224,
      0.0,
      0.0,
      44.560272349030235,
      79.0356111571766,
      101.15833313016591,
      221.82694621554623,
      371.02430077238574,
      407.51999232549207,
      673.7958308903833,
      1459.556502705828,
      1496.1201175727226,
      2526.34273913199,
      4084.323721897867,
      7261.4822720026905,
      8705.929975148547,
      12709.38836200843,
      20509.86059867363,
      26026.40851134999,
      37593.47802371751,
      53923.40054385974,
      71213.40751751942,
      93659.78479547933,
      121798.81642821684,
      165909.18904841976,
      198787.42315645816,
      262285.58656447974,
      313332.7333069158,
      377759.5671602408,
      441187.7628258312,
      516740.4194161123,
      632290.8082575442,
      762771.2658177692,
      938898.113093169,
      1134957.6997470486,
      1243973.5948031095,
      1361900.328838316,
      1545257.4483640452,
      1737257.453420493,
      1783819.5725205883,
      1775236.5170721898,
      1419363.9571479408,
      619611.0477793816,
      192313.99286803184,
      13479.694936303897
   ],
   "Sum weights": [
      65280.0,
      0.0,
      0.0,
      130050.0,
      0.0,
      0.0,
      324104.0,
      0.0,
      0.0,
      193800.0,
      258060.0,
      257048.0,
      449570.0,
      575312.0,
      511036.0,
      700020.0,
      1203734.0,
      1007972.0,
      1445380.0,
      1937042.0,
      2859272.0,
      2897116.0,
      3674690.0,
      5155474.0,
      5773520.0,
      7491838.0,
      9701238.0,
      11757186.0,
      14320938.0,
      17540114.0,
      22734900.0,
      26303374.0,
      34062188.0,
      40733820.0,
      50149068.0,
      60431004.0,
      72289830.0,
      87731826.0,
      102476376.0,
      120332462.0,
      140368314.0,
      158782298.0,
      178392398.0,
      192781200.0,
      200564162.0,
      196929652.0,
      173862636.0,
      123283452.0,
      50816154.0,
      14282052.0,
      1557090.0
   ],
   "Sum w * dv^2": [
      1.4631862070387402,
      0.0,
      0.0,
      8.165286831093525,
      0.0,
      0.0,
      46.07358738257224,
      0.0,
      0.0,
      44.560272349030235,
      79.0356111571766,
      101.15833313016591,
      221.82694621554623,
      371.02430077238574,
      407.51999232549207,
      673.7958308903833,
      1459.556502705828,
      1496.1201175727226,
      2526.34273913199,
      4084.323721897867,
      7261.4822720026905,
      8705.929975148547,
      12709.38836200843,
      20509.86059867363,
      26026.40851134999,
      37593.47802371751,
      53923.40054385974,
      71213.40751751942,
      93659.78479547933,
      121798.81642821684,
      165909.18904841976,
      198787.42315645816,
      262285.58656447974,
      313332.7333069158,
      377759.5671602408,
      441187.7628258312,
      516740.4194161123,
      632290.8082575442,
      762771.2658177692,
      938898.113093169,
      1134957.6997470486,
      1243973.5948031095,
      1361900.328838316,
      1545257.4483640452,
      1737257.453420493,
      1783819.5725205883,
      1775236.5170721898,
      1419363.9571479408,
      619611.0477793816,
      192313.99286803184,
      13479.694936303897
   ],
   "N pairs": [
      65280,
      0,
      0,
      130050,
      0,
      0,
      324104,
      0,
      0,
      193800,
      258060,
      257048,
      449570,
      575312,
      511036,
      700020,
      1203734,
      1007972,
      1445380,
      1937042,
      2859272,
      2897116,
      3674690,
      5155474,
      5773520,
      7491838,
      9701238,
      11757186,
      14320938,
      17540114,
      22734900,
      26303374,
      34062188,
      40733820,
      50149068,
      60431004,
      72289830,
      87731826,
      102476376,
      120332462,
      140368314,
      158782298,
      178392398,
      192781200,
      200564162,
      196929652,
      173862636,
      123283452,
      50816154,
      14282052,
      1557090
   ],
   "Unweighted B(r)": [
      2.2414004397039525e-05,
      NaN,
      NaN,
      6.278575033520588e-05,
      NaN,
      NaN,
      0.00014215679961546987,
      NaN,
      NaN,
      0.00022992916588766892,
      0.0003062683529302356,
      0.00039353868977843015,
      0.0004934202598383927,
      0.0006449097198952668,
      0.0007974389129640419,
      0.0009625379716156442,
      0.001212524114717893,
      0.0014842873785905985,
      0.0017478744268856566,
      0.002108536480828948,
      0.0025396262657077363,
      0.003005033272795617,
      0.003458628717526766,
      0.003978268651664935,
      0.004507892674027281,
      0.005017924576548172,
      0.00555840404532491,
      0.006057011219990856,
      0.006540059372890193,
      0.006944015097519711,
      0.007297555258585688,
      0.007557487611910858,
      0.007700197842971207,
      0.007692201058160413,
      0.007532733552700137,
      0.007300685635238348,
      0.0071481758833312,
      0.007207085924069837,
      0.0074433864232061565,
      0.007802533892252359,
      0.008085569081830309,
      0.00783446020414133,
      0.0076342957665624074,
      0.008015602394652824,
      0.008661853823219389,
      0.009058156323358497,
      0.010210569435241911,
      0.011513012769531638,
      0.012193190531093353,
      0.013465431498781256,
      0.008656978682223825
   ],
   "Weighted B(r)": [
      2.2414004397039525e-05,
      NaN,
      NaN,
      6.278575033520588e-05,
      NaN,
      NaN,
      0.00014215679961546987,
      NaN,
      NaN,
      0.00022992916588766892,
      0.0003062683529302356,
      0.00039353868977843015,
      0.0004934202598383927,
      0.0006449097198952668,
      0.0007974389129640419,
      0.0009625379716156442,
      0.001212524114717893,
      0.0014842873785905985,
      0.0017478744268856566,
      0.002108536480828948,
      0.0025396262657077363,
      0.003005033272795617,
      0.003458628717526766,
      0.003978268651664935,
      0.004507892674027281,
      0.005017924576548172,
      0.00555840404532491,
      0.006057011219990856,
      0.006540059372890193,
      0.006944015097519711,
      0.007297555258585688,
      0.007557487611910858,
      0.007700197842971207,
      0.007692201058160413,
      0.007532733552700137,
      0.007300685635238348,
      0.0071481758833312,
      0.007207085924069837,
      0.0074433864232061565,
      0.007802533892252359,
      0.008085569081830309,
      0.00783446020414133,
      0.0076342957665624074,
      0.008015602394652824,
      0.008661853823219389,
      0.009058156323358497,
      0.010210569435241911,
      0.011513012769531638,
      0.012193190531093353,
      0.013465431498781256,
      0.008656978682223825
   ],
   "Unweighted sigma^2": 0.004183609108041809,
   "Apparent r0": 14.793615289813173
}