{
   "log10 r": [
      0.0,
      0.05,
      0.1,
      0.15000000000000002,
      0.2,
      0.25,
      0.30000000000000004,
      0.35000000000000003,
      0.4,
      0.45,
      0.5,
      0.55,
      0.6000000000000001,
      0.65,
      0.7000000000000001,
      0.75,
      0.8,
      0.8500000000000001,
      0.9,
      0.9500000000000001,
      1.0,
      1.05,
      1.1,
      1.1500000000000001,
      1.2000000000000002,
      1.25,
      1.3,
      1.35,
      1.4000000000000001,
      1.4500000000000002,
      1.5,
      1.55,
      1.6,
      1.6500000000000001,
      1.7000000000000002,
      1.75,
      1.8,
      1.85,
      1.9000000000000001,
      1.9500000000000002,
      2.0,
      2.0500000000000003,
      2.1,
      2.15,
      2.2,
      2.25,
      2.3000000000000003,
      2.35,
      2.4000000000000004,
      2.45,
      2.5
   ],
   "Sum dv^2": [
      0.03660731684546171,
      0.0,
      0.0,
      0.26772883633628425,
      0.0,
      0.0,
      1.4787406845895366,
      0.0,
      0.0,
      1.3873907572437099,
      2.654550199083773,
      3.4275841982560946,
      7.433219904996153,
      12.671651706138109,
      14.420713723310572,
      23.959078048778487,
      53.79175204161856,
      57.491020992976104,
      99.77091627890456,
      169.57226518238446,
      319.72544312276153,
      412.8262650793835,
      647.8411846805016,
      1151.5998306098306,
      1613.761490482321,
      2608.2681908868526,
      4229.185451877774,
      6405.032034322658,
      9689.389683491323,
      14621.007197222427,
      23367.446321176256,
      33088.372142364016,
      52136.529199097975,
      75377.47766481321,
      110921.1101029149,
      157803.64962301284,
      219367.38340902622,
      304297.0443454458,
      398986.91903433274,
      518017.8698384382,
      663685.764885113,
      827309.9961590015,
      1035410.7719171436,
      1253766.4796449086,
      1450528.8208955547,
      1567249.0905935618,
      1527757.321797787,
      1204621.7658990705,
      601848.993427549,
      236752.80632942822,
      28946.851136385612
   ],
   "Sum weights": [
      65280.0,
      0.0,
      0.0,
      130050.0,
      0.0,
      0.0,
      324104.0,
      0.0,
      0.0,
      193800.0,
      258060.0,
      257048.0,
      449570.0,
      575312.0,
      511036.0,
      700020.0,
      1203734.0,
      1007972.0,
      1445380.0,
      1937042.0,
      2859272.0,
      2897116.0,
      3674690.0,
      5155474.0,
      5773520.0,
      7491838.0,
      9701238.0,
      11757186.0,
      14320938.0,
      17540114.0,
      22734900.0,
      26303374.0,
      34062188.0,
      40733820.0,
      50149068.0,
      60431004.0,
      72289830.0,
      87731826.0,
      102476376.0,
      120332462.0,
      140368314.0,
      158782298.0,
      178392398.0,
      192781200.0,
      200564162.0,
      196929652.0,
      173862636.0,
      123283452.0,
      50816154.0,
      14282052.0,
      1557090.0
   ],
   "Sum w * dv^2": [
      0.03660731684546171,
      0.0,
      0.0,
      0.26772883633628425,
      0.0,
      0.0,
      1.4787406845895366,
      0.0,
      0.0,
      1.3873907572437099,
      2.654550199083773,
      3.4275841982560946,
      7.433219904996153,
      12.671651706138109,
      14.420713723310572,
      23.959078048778487,
      53.79175204161856,
      57.491020992976104,
      99.77091627890456,
      169.57226518238446,
      319.72544312276153,
      412.8262650793835,
      647.8411846805016,
      1151.5998306098306,
      1613.761490482321,
      2608.2681908868526,
      4229.185451877774,
      6405.032034322658,
      9689.389683491323,
      14621.007197222427,
      23367.446321176256,
      33088.372142364016,
      52136.529199097975,
      75377.47766481321,
      110921.1101029149,
      157803.64962301284,
      219367.38340902622,
      304297.0443454458,
      398986.91903433274,
      518017.8698384382,
      663685.764885113,
      827309.9961590015,
      1035410.7719171436,
      1253766.4796449086,
      1450528.8208955547,
      1567249.0905935618,
      1527757.321797787,
      1204621.7658990705,
      601848.993427549,
      236752.80632942822,
      28946.851136385612
   ],
   "N pairs": [
      65280,
      0,
      0,
      130050,
      0,
      0,
      324104,
      0,
      0,
      193800,
      258060,
      257048,
      449570,
      575312,
      511036,
      700020,
      1203734,
      1007972,
      1445380,
      1937042,
      2859272,
      2897116,
      3674690,
      5155474,
      5773520,
      7491838,
      9701238,
      11757186,
      14320938,
      17540114,
      22734900,
      26303374,
      34062188,
      40733820,
      50149068,
      60431004,
      72289830,
      87731826,
      102476376,
      120332462,
      140368314,
      158782298,
      178392398,
      192781200,
      200564162,
      196929652,
      173862636,
      123283452,
      50816154,
      14282052,
      1557090
   ],
   "Unweighted B(r)": [
      5.607738487356266e-07,
      NaN,
      NaN,
      2.0586607945888833e-06,
      NaN,
      NaN,
      4.562549936407871e-06,
      NaN,
      NaN,
      7.158879036345252e-06,
      1.0286562036285255e-05,
      1.3334413021132608e-05,
      1.6534065673857582e-05,
      2.202570380269855e-05,
      2.8218586798798073e-05,
      3.4226276461784645e-05,
      4.468740771766732e-05,
      5.7036327391014934e-05,
      6.902746425085761e-05,
      8.754186289320751e-05,
      0.00011182057639943367,
      0.00014249559392146656,
      0.00017629818697101023,
      0.00022337419034793515,
      0.0002795108513493191,
      0.0003481479699490102,
      0.0004359428613005653,
      0.0005447759382493955,
      0.0006765890393137183,
      0.000833575380252513,
      0.0010278227008333556,
      0.0012579516278924526,
      0.0015306277212461506,
      0.0018504887993518215,
      0.002211827946691151,
      0.002611302794555802,
      0.0030345538702888945,
      0.0034684909481474354,
      0.00389345266302482,
      0.004304888815774734,
      0.0047281736595134495,
      0.0052103414963738685,
      0.00580411936565337,
      0.006503572338199516,
      0.007232243320197727,
      0.007958421063952125,
      0.00878715149468795,
      0.00977115538506393,
      0.011843654941449308,
      0.016576946108964468,
      0.018590351961919743
   ],
   "Weighted B(r)": [
      5.607738487356266e-07,
      NaN,
      NaN,
      2.0586607945888833e-06,
      NaN,
      NaN,
      4.562549936407871e-06,
      NaN,
      NaN,
      7.158879036345252e-06,
      1.0286562036285255e-05,
      1.3334413021132608e-05,
      1.6534065673857582e-05,
      2.202570380269855e-05,
      2.8218586798798073e-05,
      3.4226276461784645e-05,
      4.468740771766732e-05,
      5.7036327391014934e-05,
      6.902746425085761e-05,
      8.754186289320751e-05,
      0.00011182057639943367,
      0.00014249559392146656,
      0.00017629818697101023,
      0.00022337419034793515,
      0.0002795108513493191,
      0.0003481479699490102,
      0.0004359428613005653,
      0.0005447759382493955,
      0.0006765890393137183,
      0.000833575380252513,
      0.0010278227008333556,
      0.0012579516278924526,
      0.0015306277212461506,
      0.0018504887993518215,
      0.002211827946691151,
      0.002611302794555802,
      0.0030345538702888945,
      0.0034684909481474354,
      0.00389345266302482,
      0.004304888815774734,
      0.0047281736595134495,
      0.0052103414963738685,
      0.00580411936565337,
      0.006503572338199516,
      0.007232243320197727,
      0.007958421063952125,
      0.00878715149468795,
      0.00977115538506393,
      0.011843654941449308,
      0.016576946108964468,
      0.018590351961919743
   ],
   "Unweighted sigma^2": 0.002882006614130161,
   "Apparent r0": 60.622690415450535
}