{
   "log10 r": [
      0.0,
      0.05,
      0.1,
      0.15000000000000002,
      0.2,
      0.25,
      0.30000000000000004,
      0.35000000000000003,
      0.4,
      0.45,
      0.5,
      0.55,
      0.6000000000000001,
      0.65,
      0.7000000000000001,
      0.75,
      0.8,
      0.8500000000000001,
      0.9,
      0.9500000000000001,
      1.0,
      1.05,
      1.1,
      1.1500000000000001,
      1.2000000000000002,
      1.25,
      1.3,
      1.35,
      1.4000000000000001,
      1.4500000000000002,
      1.5,
      1.55,
      1.6,
      1.6500000000000001,
      1.7000000000000002,
      1.75,
      1.8,
      1.85,
      1.9000000000000001,
      1.9500000000000002,
      2.0,
      2.0500000000000003,
      2.1,
      2.15,
      2.2,
      2.25,
      2.3000000000000003,
      2.35,
      2.4000000000000004,
      2.45,
      2.5
   ],
   "Sum dv^2": [
      14.424718671944486,
      0.0,
      0.0,
      70.5032093511282,
      0.0,
      0.0,
      367.3416587302296,
      0.0,
      0.0,
      327.38633309782995,
      543.2959561515069,
      647.320924985522,
      1326.8338657832808,
      2015.4680618520538,
      2070.298028877096,
      3152.9990727992995,
      6202.103094030309,
      5823.940782769964,
      9127.000158681089,
      13519.129247541066,
      22016.9847966345,
      24391.689675913094,
      33336.671759172415,
      50486.548660171946,
      60466.12138923388,
      83160.52092581053,
      113823.29661645314,
      144916.13164444937,
      184624.31935545427,
      233940.3004119365,
      310352.9403954666,
      364716.23872103257,
      479370.70114895975,
      578541.2369982691,
      716543.0955943821,
      865449.1301618408,
      1032385.7985586083,
      1244819.8008457338,
      1471669.9122057073,
      1755313.6235058273,
      2061184.2774269977,
      2357745.5076681944,
      2624523.742961807,
      2766293.6523792376,
      2870969.1439652746,
      2826608.259067263,
      2405445.4146475377,
      1854704.1236865658,
      901216.7930042895,
      238827.07316782672,
      15805.199201917223
   ],
   "Sum weights": [
      65280.0,
      0.0,
      0.0,
      130050.0,
      0.0,
      0.0,
      324104.0,
      0.0,
      0.0,
      193800.0,
      258060.0,
      257048.0,
      449570.0,
      575312.0,
      511036.0,
      700020.0,
      1203734.0,
      1007972.0,
      1445380.0,
      1937042.0,
      2859272.0,
      2897116.0,
      3674690.0,
      5155474.0,
      5773520.0,
      7491838.0,
      9701238.0,
      11757186.0,
      14320938.0,
      17540114.0,
      22734900.0,
      26303374.0,
      34062188.0,
      40733820.0,
      50149068.0,
      60431004.0,
      72289830.0,
      87731826.0,
      102476376.0,
      120332462.0,
      140368314.0,
      158782298.0,
      178392398.0,
      192781200.0,
      200564162.0,
      196929652.0,
      173862636.0,
      123283452.0,
      50816154.0,
      14282052.0,
      1557090.0
   ],
   "Sum w * dv^2": [
      14.424718671944486,
      0.0,
      0.0,
      70.5032093511282,
      0.0,
      0.0,
      367.3416587302296,
      0.0,
      0.0,
      327.38633309782995,
      543.2959561515069,
      647.320924985522,
      1326.8338657832808,
      2015.4680618520538,
      2070.298028877096,
      3152.9990727992995,
      6202.103094030309,
      5823.940782769964,
      9127.000158681089,
      13519.129247541066,
      22016.9847966345,
      24391.689675913094,
      33336.671759172415,
      50486.548660171946,
      60466.12138923388,
      83160.52092581053,
      113823.29661645314,
      144916.13164444937,
      184624.31935545427,
      233940.3004119365,
      310352.9403954666,
      364716.23872103257,
      479370.70114895975,
      578541.2369982691,
      716543.0955943821,
      865449.1301618408,
      1032385.7985586083,
      1244819.8008457338,
      1471669.9122057073,
      1755313.6235058273,
      2061184.2774269977,
      2357745.5076681944,
      2624523.742961807,
      2766293.6523792376,
      2870969.1439652746,
      2826608.259067263,
      2405445.4146475377,
      1854704.1236865658,
      901216.7930042895,
      238827.07316782672,
      15805.199201917223
   ],
   "N pairs": [
      65280,
      0,
      0,
      130050,
      0,
      0,
      324104,
      0,
      0,
      193800,
      258060,
      257048,
      449570,
      575312,
      511036,
      700020,
      1203734,
      1007972,
      1445380,
      1937042,
      2859272,
      2897116,
      3674690,
      5155474,
      5773520,
      7491838,
      9701238,
      11757186,
      14320938,
      17540114,
      22734900,
      26303374,
      34062188,
      40733820,
      50149068,
      60431004,
      72289830,
      87731826,
      102476376,
      120332462,
      140368314,
      158782298,
      178392398,
      192781200,
      200564162,
      196929652,
      173862636,
      123283452,
      50816154,
      14282052,
      1557090
   ],
   "Unweighted B(r)": [
      0.00022096689142071823,
      NaN,
      NaN,
      0.0005421238704431234,
      NaN,
      NaN,
      0.0011334067420649841,
      NaN,
      NaN,
      0.0016892999643850874,
      0.002105308672988866,
      0.0025182881212284162,
      0.0029513398709506435,
      0.0035032609468463264,
      0.004051178447070453,
      0.00450415569955044,
      0.005152386734968281,
      0.005777879527179291,
      0.006314602498084302,
      0.006979264903673264,
      0.0077002064849494905,
      0.008419300323464126,
      0.009071968454256663,
      0.009792804436638018,
      0.010473008041755095,
      0.011100149379339293,
      0.01173286302392057,
      0.012325749685719811,
      0.012891915275064683,
      0.013337444694597567,
      0.013650948119211722,
      0.013865758769997818,
      0.014073397197765444,
      0.014202970332717852,
      0.014288263454754178,
      0.01432127671024365,
      0.014281203850646879,
      0.014188919319264299,
      0.014361065151305773,
      0.014587199450018958,
      0.01468411366276721,
      0.01484891916394984,
      0.014712082871164763,
      0.014349395337196976,
      0.014314467327245006,
      0.014353390819312792,
      0.013835321205227428,
      0.01504422607899206,
      0.01773484850908413,
      0.016722182020330604,
      0.010150472485159639
   ],
   "Weighted B(r)": [
      0.00022096689142071823,
      NaN,
      NaN,
      0.0005421238704431234,
      NaN,
      NaN,
      0.0011334067420649841,
      NaN,
      NaN,
      0.0016892999643850874,
      0.002105308672988866,
      0.0025182881212284162,
      0.0029513398709506435,
      0.0035032609468463264,
      0.004051178447070453,
      0.00450415569955044,
      0.005152386734968281,
      0.005777879527179291,
      0.006314602498084302,
      0.006979264903673264,
      0.0077002064849494905,
      0.008419300323464126,
      0.009071968454256663,
      0.009792804436638018,
      0.010473008041755095,
      0.011100149379339293,
      0.01173286302392057,
      0.012325749685719811,
      0.012891915275064683,
      0.013337444694597567,
      0.013650948119211722,
      0.013865758769997818,
      0.014073397197765444,
      0.014202970332717852,
      0.014288263454754178,
      0.01432127671024365,
      0.014281203850646879,
      0.014188919319264299,
      0.014361065151305773,
      0.014587199450018958,
      0.01468411366276721,
      0.01484891916394984,
      0.014712082871164763,
      0.014349395337196976,
      0.014314467327245006,
      0.014353390819312792,
      0.013835321205227428,
      0.01504422607899206,
      0.01773484850908413,
      0.016722182020330604,
      0.010150472485159639
   ],
   "Unweighted sigma^2": 0.0071849222666776815,
   "Apparent r0": 9.222729319727291
}