{
   "log10 r": [
      0.0,
      0.05,
      0.1,
      0.15000000000000002,
      0.2,
      0.25,
      0.30000000000000004,
      0.35000000000000003,
      0.4,
      0.45,
      0.5,
      0.55,
      0.6000000000000001,
      0.65,
      0.7000000000000001,
      0.75,
      0.8,
      0.8500000000000001,
      0.9,
      0.9500000000000001,
      1.0,
      1.05,
      1.1,
      1.1500000000000001,
      1.2000000000000002,
      1.25,
      1.3,
      1.35,
      1.4000000000000001,
      1.4500000000000002,
      1.5,
      1.55,
      1.6,
      1.6500000000000001,
      1.7000000000000002,
      1.75,
      1.8,
      1.85,
      1.9000000000000001,
      1.9500000000000002,
      2.0,
      2.0500000000000003,
      2.1,
      2.15,
      2.2,
      2.25,
      2.3000000000000003,
      2.35,
      2.4000000000000004,
      2.45,
      2.5
   ],
   "Sum dv^2": [
      16.577039406057597,
      0.0,
      0.0,
      83.53256109207743,
      0.0,
      0.0,
      469.21272624943475,
      0.0,
      0.0,
      452.3968739227833,
      772.35063500306,
      974.2709653756466,
      2112.4196845303977,
      3441.9763389668988,
      3670.456052741954,
      5941.991435328002,
      12405.453571661135,
      12265.778453220719,
      20092.047222393012,
      31247.03393475613,
      53373.32678452836,
      61592.44559620783,
      87136.35323748163,
      136248.976616712,
      168530.9626502584,
      238418.54526573836,
      336543.40767482464,
      439957.32026294153,
      575845.3985795832,
      750665.1746721901,
      1029757.7626967074,
      1247331.3024005361,
      1673109.0187564366,
      2049063.6460815321,
      2561674.936417975,
      3112467.202058826,
      3686126.0185996913,
      4371827.209012416,
      5000553.461646149,
      5820375.899552392,
      6808875.481728624,
      7885499.025711445,
      9365400.298316387,
      10872265.433207361,
      12191330.412519919,
      12569963.969273511,
      11291027.427771261,
      8257764.22001189,
      4084109.2469914677,
      1725204.650357452,
      146489.162118225
   ],
   "Sum weights": [
      65280.0,
      0.0,
      0.0,
      130050.0,
      0.0,
      0.0,
      324104.0,
      0.0,
      0.0,
      193800.0,
      258060.0,
      257048.0,
      449570.0,
      575312.0,
      511036.0,
      700020.0,
      1203734.0,
      1007972.0,
      1445380.0,
      1937042.0,
      2859272.0,
      2897116.0,
      3674690.0,
      5155474.0,
      5773520.0,
      7491838.0,
      9701238.0,
      11757186.0,
      14320938.0,
      17540114.0,
      22734900.0,
      26303374.0,
      34062188.0,
      40733820.0,
      50149068.0,
      60431004.0,
      72289830.0,
      87731826.0,
      102476376.0,
      120332462.0,
      140368314.0,
      158782298.0,
      178392398.0,
      192781200.0,
      200564162.0,
      196929652.0,
      173862636.0,
      123283452.0,
      50816154.0,
      14282052.0,
      1557090.0
   ],
   "Sum w * dv^2": [
      16.577039406057597,
      0.0,
      0.0,
      83.53256109207743,
      0.0,
      0.0,
      469.21272624943475,
      0.0,
      0.0,
      452.3968739227833,
      772.35063500306,
      974.2709653756466,
      2112.4196845303977,
      3441.9763389668988,
      3670.456052741954,
      5941.991435328002,
      12405.453571661135,
      12265.778453220719,
      20092.047222393012,
      31247.03393475613,
      53373.32678452836,
      61592.44559620783,
      87136.35323748163,
      136248.976616712,
      168530.9626502584,
      238418.54526573836,
      336543.40767482464,
      439957.32026294153,
      575845.3985795832,
      750665.1746721901,
      1029757.7626967074,
      1247331.3024005361,
      1673109.0187564366,
      2049063.6460815321,
      2561674.936417975,
      3112467.202058826,
      3686126.0185996913,
      4371827.209012416,
      5000553.461646149,
      5820375.899552392,
      6808875.481728624,
      7885499.025711445,
      9365400.298316387,
      10872265.433207361,
      12191330.412519919,
      12569963.969273511,
      11291027.427771261,
      8257764.22001189,
      4084109.2469914677,
      1725204.650357452,
      146489.162118225
   ],
   "N pairs": [
      65280,
      0,
      0,
      130050,
      0,
      0,
      324104,
      0,
      0,
      193800,
      258060,
      257048,
      449570,
      575312,
      511036,
      700020,
      1203734,
      1007972,
      1445380,
      1937042,
      2859272,
      2897116,
      3674690,
      5155474,
      5773520,
      7491838,
      9701238,
      11757186,
      14320938,
      17540114,
      22734900,
      26303374,
      34062188,
      40733820,
      50149068,
      60431004,
      72289830,
      87731826,
      102476376,
      120332462,
      140368314,
      158782298,
      178392398,
      192781200,
      200564162,
      196929652,
      173862636,
      123283452,
      50816154,
      14282052,
      1557090
   ],
   "Unweighted B(r)": [
      0.0002539374909016176,
      NaN,
      NaN,
      0.000642311119508477,
      NaN,
      NaN,
      0.0014477227255739972,
      NaN,
      NaN,
      0.0023343491946480046,
      0.0029929110865808727,
      0.003790229705641151,
      0.0046987558879160035,
      0.005982799487872491,
      0.007182382557670994,
      0.008488316669992288,
      0.010305809731768926,
      0.012168769026541133,
      0.013900875356233662,
      0.01613131462031083,
      0.018666753909571513,
      0.021259916964390734,
      0.023712572553734226,
      0.026428021287026565,
      0.029190331487594815,
      0.03182377211917,
      0.03469076912398445,
      0.03742029089808918,
      0.04021003362905301,
      0.04279705221255632,
      0.04529414084498755,
      0.047420962132102756,
      0.04911924679519814,
      0.0503037438197923,
      0.05108120726028199,
      0.051504476113930296,
      0.0509909349434034,
      0.049831713396828375,
      0.04879713409894734,
      0.04836912502922438,
      0.04850721140476635,
      0.049662330908647294,
      0.05249887553121175,
      0.05639691750651703,
      0.06078518859475961,
      0.06382971706705454,
      0.06494223076067512,
      0.06698193541832273,
      0.08037029419801167,
      0.12079529260623417,
      0.09407880220040268
   ],
   "Weighted B(r)": [
      0.0002539374909016176,
      NaN,
      NaN,
      0.000642311119508477,
      NaN,
      NaN,
      0.0014477227255739972,
      NaN,
      NaN,
      0.0023343491946480046,
      0.0029929110865808727,
      0.003790229705641151,
      0.0046987558879160035,
      0.005982799487872491,
      0.007182382557670994,
      0.008488316669992288,
      0.010305809731768926,
      0.012168769026541133,
      0.013900875356233662,
      0.01613131462031083,
      0.018666753909571513,
      0.021259916964390734,
      0.023712572553734226,
      0.026428021287026565,
      0.029190331487594815,
      0.03182377211917,
      0.03469076912398445,
      0.03742029089808918,
      0.04021003362905301,
      0.04279705221255632,
      0.04529414084498755,
      0.047420962132102756,
      0.04911924679519814,
      0.0503037438197923,
      0.05108120726028199,
      0.051504476113930296,
      0.0509909349434034,
      0.049831713396828375,
      0.04879713409894734,
      0.04836912502922438,
      0.04850721140476635,
      0.049662330908647294,
      0.05249887553121175,
      0.05639691750651703,
      0.06078518859475961,
      0.06382971706705454,
      0.06494223076067512,
      0.06698193541832273,
      0.08037029419801167,
      0.12079529260623417,
      0.09407880220040268
   ],
   "Unweighted sigma^2": 0.027740832140338383,
   "Apparent r0": 14.944509970167836
}