{
   "log10 r": [
      0.0,
      0.05,
      0.1,
      0.15000000000000002,
      0.2,
      0.25,
      0.30000000000000004,
      0.35000000000000003,
      0.4,
      0.45,
      0.5,
      0.55,
      0.6000000000000001,
      0.65,
      0.7000000000000001,
      0.75,
      0.8,
      0.8500000000000001,
      0.9,
      0.9500000000000001,
      1.0,
      1.05,
      1.1,
      1.1500000000000001,
      1.2000000000000002,
      1.25,
      1.3,
      1.35,
      1.4000000000000001,
      1.4500000000000002,
      1.5,
      1.55,
      1.6,
      1.6500000000000001,
      1.7000000000000002,
      1.75,
      1.8,
      1.85,
      1.9000000000000001,
      1.9500000000000002,
      2.0,
      2.0500000000000003,
      2.1,
      2.15,
      2.2,
      2.25,
      2.3000000000000003,
      2.35,
      2.4000000000000004,
      2.45,
      2.5
   ],
   "Sum dv^2": [
      16.27912766279691,
      0.0,
      0.0,
      82.35117190922851,
      0.0,
      0.0,
      462.47777508621834,
      0.0,
      0.0,
      445.62852177734794,
      762.2412947473084,
      961.3079542663613,
      2084.982454671297,
      3398.039889114427,
      3628.8630632045915,
      5874.669597825105,
      12277.56573370564,
      12156.314872283443,
      19929.170813697754,
      31047.771521519182,
      53112.330021466245,
      61525.450030902815,
      87287.71638347163,
      137326.85206060487,
      170434.38494716096,
      242603.3216459416,
      343118.0491847719,
      450168.21891449596,
      587509.2709126932,
      762261.6310860543,
      1038024.2493094279,
      1251869.0062591557,
      1670431.443896733,
      2018687.776606669,
      2463587.026837284,
      2904982.9338664007,
      3409847.709394422,
      4111362.763526176,
      4842260.615607072,
      5788058.718005023,
      6777550.205755943,
      7362162.031114709,
      8127438.284474625,
      9221497.376106054,
      10191010.841732,
      10029785.6026421,
      9560114.791761838,
      7127218.25200378,
      2964013.8067579907,
      837229.9136625316,
      86135.42013765535
   ],
   "Sum weights": [
      65280.0,
      0.0,
      0.0,
      130050.0,
      0.0,
      0.0,
      324104.0,
      0.0,
      0.0,
      193800.0,
      258060.0,
      257048.0,
      449570.0,
      575312.0,
      511036.0,
      700020.0,
      1203734.0,
      1007972.0,
      1445380.0,
      1937042.0,
      2859272.0,
      2897116.0,
      3674690.0,
      5155474.0,
      5773520.0,
      7491838.0,
      9701238.0,
      11757186.0,
      14320938.0,
      17540114.0,
      22734900.0,
      26303374.0,
      34062188.0,
      40733820.0,
      50149068.0,
      60431004.0,
      72289830.0,
      87731826.0,
      102476376.0,
      120332462.0,
      140368314.0,
      158782298.0,
      178392398.0,
      192781200.0,
      200564162.0,
      196929652.0,
      173862636.0,
      123283452.0,
      50816154.0,
      14282052.0,
      1557090.0
   ],
   "Sum w * dv^2": [
      16.27912766279691,
      0.0,
      0.0,
      82.35117190922851,
      0.0,
      0.0,
      462.47777508621834,
      0.0,
      0.0,
      445.62852177734794,
      762.2412947473084,
      961.3079542663613,
      2084.982454671297,
      3398.039889114427,
      3628.8630632045915,
      5874.669597825105,
      12277.56573370564,
      12156.314872283443,
      19929.170813697754,
      31047.771521519182,
      53112.330021466245,
      61525.450030902815,
      87287.71638347163,
      137326.85206060487,
      170434.38494716096,
      242603.3216459416,
      343118.0491847719,
      450168.21891449596,
      587509.2709126932,
      762261.6310860543,
      1038024.2493094279,
      1251869.0062591557,
      1670431.443896733,
      2018687.776606669,
      2463587.026837284,
      2904982.9338664007,
      3409847.709394422,
      4111362.763526176,
      4842260.615607072,
      5788058.718005023,
      6777550.205755943,
      7362162.031114709,
      8127438.284474625,
      9221497.376106054,
      10191010.841732,
      10029785.6026421,
      9560114.791761838,
      7127218.25200378,
      2964013.8067579907,
      837229.9136625316,
      86135.42013765535
   ],
   "N pairs": [
      65280,
      0,
      0,
      130050,
      0,
      0,
      324104,
      0,
      0,
      193800,
      258060,
      257048,
      449570,
      575312,
      511036,
      700020,
      1203734,
      1007972,
      1445380,
      1937042,
      2859272,
      2897116,
      3674690,
      5155474,
      5773520,
      7491838,
      9701238,
      11757186,
      14320938,
      17540114,
      22734900,
      26303374,
      34062188,
      40733820,
      50149068,
      60431004,
      72289830,
      87731826,
      102476376,
      120332462,
      140368314,
      158782298,
      178392398,
      192781200,
      200564162,
      196929652,
      173862636,
      123283452,
      50816154,
      14282052,
      1557090
   ],
   "Unweighted B(r)": [
      0.000249373891893335,
      NaN,
      NaN,
      0.0006332270043001039,
      NaN,
      NaN,
      0.0014269425094606,
      NaN,
      NaN,
      0.0022994247769728996,
      0.002953736707538202,
      0.0037397993925895605,
      0.004637725948509236,
      0.005906429709643509,
      0.007100993008720699,
      0.008392145364168315,
      0.010199567125050584,
      0.012060171187576086,
      0.0137881877524926,
      0.0160284451867947,
      0.018575473064985158,
      0.021236792047989384,
      0.02375376327893554,
      0.026637095262357035,
      0.029520012911908325,
      0.03238235018508697,
      0.0353684807222307,
      0.038288772408167734,
      0.041024496503838874,
      0.04345819138268168,
      0.04565774423065102,
      0.047593476268829836,
      0.049040638372870614,
      0.04955802761947367,
      0.04912528039079977,
      0.04807106851751794,
      0.04716912059959778,
      0.046862842721707126,
      0.04725245763576838,
      0.048100559248966605,
      0.04828404653885024,
      0.046366390484628886,
      0.0455593308660755,
      0.04783400754900402,
      0.050811723989513134,
      0.050930804481602907,
      0.05498659753301933,
      0.05781163762354561,
      0.058328180577341425,
      0.05862112206723037,
      0.055318202632895566
   ],
   "Weighted B(r)": [
      0.000249373891893335,
      NaN,
      NaN,
      0.0006332270043001039,
      NaN,
      NaN,
      0.0014269425094606,
      NaN,
      NaN,
      0.0022994247769728996,
      0.002953736707538202,
      0.0037397993925895605,
      0.004637725948509236,
      0.005906429709643509,
      0.007100993008720699,
      0.008392145364168315,
      0.010199567125050584,
      0.012060171187576086,
      0.0137881877524926,
      0.0160284451867947,
      0.018575473064985158,
      0.021236792047989384,
      0.02375376327893554,
      0.026637095262357035,
      0.029520012911908325,
      0.03238235018508697,
      0.0353684807222307,
      0.038288772408167734,
      0.041024496503838874,
      0.04345819138268168,
      0.04565774423065102,
      0.047593476268829836,
      0.049040638372870614,
      0.04955802761947367,
      0.04912528039079977,
      0.04807106851751794,
      0.04716912059959778,
      0.046862842721707126,
      0.04725245763576838,
      0.048100559248966605,
      0.04828404653885024,
      0.046366390484628886,
      0.0455593308660755,
      0.04783400754900402,
      0.050811723989513134,
      0.050930804481602907,
      0.05498659753301933,
      0.05781163762354561,
      0.058328180577341425,
      0.05862112206723037,
      0.055318202632895566
   ],
   "Unweighted sigma^2": 0.024483987572358912,
   "Apparent r0": 12.978287749174472
}