{
   "log10 r": [
      0.0,
      0.05,
      0.1,
      0.15000000000000002,
      0.2,
      0.25,
      0.30000000000000004,
      0.35000000000000003,
      0.4,
      0.45,
      0.5,
      0.55,
      0.6000000000000001,
      0.65,
      0.7000000000000001,
      0.75,
      0.8,
      0.8500000000000001,
      0.9,
      0.9500000000000001,
      1.0,
      1.05,
      1.1,
      1.1500000000000001,
      1.2000000000000002,
      1.25,
      1.3,
      1.35,
      1.4000000000000001,
      1.4500000000000002,
      1.5,
      1.55,
      1.6,
      1.6500000000000001,
      1.7000000000000002,
      1.75,
      1.8,
      1.85,
      1.9000000000000001,
      1.9500000000000002,
      2.0,
      2.0500000000000003,
      2.1,
      2.15,
      2.2,
      2.25,
      2.3000000000000003,
      2.35,
      2.4000000000000004,
      2.45,
      2.5
   ],
   "Sum dv^2": [
      30.875463977724465,
      0.0,
      0.0,
      142.78630790754696,
      0.0,
      0.0,
      825.6497518998129,
      0.0,
      0.0,
      823.0533555282407,
      1378.4336024140985,
      1762.4725292611686,
      3938.1930550047086,
      6561.667094160158,
      7069.139812780147,
      11822.920826949587,
      25395.61421253706,
      25741.70392469059,
      43560.46419639048,
      69964.9215011027,
      123769.50971452551,
      146832.38312434618,
      212885.2028742529,
      339009.3627494323,
      425640.3648560284,
      606614.0164697539,
      857998.3192162795,
      1116626.3984570531,
      1448391.4728221537,
      1862104.0002021117,
      2511920.5405485323,
      2992529.061330566,
      3952652.3303010548,
      4772531.850106462,
      5893914.776089564,
      7134164.327007984,
      8549512.712940434,
      10234286.128015436,
      11685014.578079524,
      13559690.726875467,
      15598673.306788802,
      17423015.039102595,
      20324543.266415767,
      23768262.85465669,
      26745318.128883563,
      27968473.82886618,
      24322190.8784965,
      17598557.06389327,
      8325382.299159739,
      3403143.8251055386,
      361793.76830615185
   ],
   "Sum weights": [
      65280.0,
      0.0,
      0.0,
      130050.0,
      0.0,
      0.0,
      324104.0,
      0.0,
      0.0,
      193800.0,
      258060.0,
      257048.0,
      449570.0,
      575312.0,
      511036.0,
      700020.0,
      1203734.0,
      1007972.0,
      1445380.0,
      1937042.0,
      2859272.0,
      2897116.0,
      3674690.0,
      5155474.0,
      5773520.0,
      7491838.0,
      9701238.0,
      11757186.0,
      14320938.0,
      17540114.0,
      22734900.0,
      26303374.0,
      34062188.0,
      40733820.0,
      50149068.0,
      60431004.0,
      72289830.0,
      87731826.0,
      102476376.0,
      120332462.0,
      140368314.0,
      158782298.0,
      178392398.0,
      192781200.0,
      200564162.0,
      196929652.0,
      173862636.0,
      123283452.0,
      50816154.0,
      14282052.0,
      1557090.0
   ],
   "Sum w * dv^2": [
      30.875463977724465,
      0.0,
      0.0,
      142.78630790754696,
      0.0,
      0.0,
      825.6497518998129,
      0.0,
      0.0,
      823.0533555282407,
      1378.4336024140985,
      1762.4725292611686,
      3938.1930550047086,
      6561.667094160158,
      7069.139812780147,
      11822.920826949587,
      25395.61421253706,
      25741.70392469059,
      43560.46419639048,
      69964.9215011027,
      123769.50971452551,
      146832.38312434618,
      212885.2028742529,
      339009.3627494323,
      425640.3648560284,
      606614.0164697539,
      857998.3192162795,
      1116626.3984570531,
      1448391.4728221537,
      1862104.0002021117,
      2511920.5405485323,
      2992529.061330566,
      3952652.3303010548,
      4772531.850106462,
      5893914.776089564,
      7134164.327007984,
      8549512.712940434,
      10234286.128015436,
      11685014.578079524,
      13559690.726875467,
      15598673.306788802,
      17423015.039102595,
      20324543.266415767,
      23768262.85465669,
      26745318.128883563,
      27968473.82886618,
      24322190.8784965,
      17598557.06389327,
      8325382.299159739,
      3403143.8251055386,
      361793.76830615185
   ],
   "N pairs": [
      65280,
      0,
      0,
      130050,
      0,
      0,
      324104,
      0,
      0,
      193800,
      258060,
      257048,
      449570,
      575312,
      511036,
      700020,
      1203734,
      1007972,
      1445380,
      1937042,
      2859272,
      2897116,
      3674690,
      5155474,
      5773520,
      7491838,
      9701238,
      11757186,
      14320938,
      17540114,
      22734900,
      26303374,
      34062188,
      40733820,
      50149068,
      60431004,
      72289830,
      87731826,
      102476376,
      120332462,
      140368314,
      158782298,
      178392398,
      192781200,
      200564162,
      196929652,
      173862636,
      123283452,
      50816154,
      14282052,
      1557090
   ],
   "Unweighted B(r)": [
      0.00047296973005092624,
      NaN,
      NaN,
      0.001097933932391749,
      NaN,
      NaN,
      0.002547483992483317,
      NaN,
      NaN,
      0.004246921339155009,
      0.005341523686019137,
      0.006856589155570822,
      0.008759910703571655,
      0.011405406273743913,
      0.013832958564132755,
      0.016889404341232518,
      0.021097363879841444,
      0.025538114079250804,
      0.030137724471343507,
      0.036119465401938985,
      0.04328707087486798,
      0.05068225888240104,
      0.05793283321157782,
      0.06575716660571507,
      0.07372285275811435,
      0.08096998579917958,
      0.08844214719979858,
      0.0949739502681214,
      0.10113803109978925,
      0.10616259393765125,
      0.11048742420457236,
      0.11376977954731458,
      0.11604223223420218,
      0.11716386653906906,
      0.11752790253429164,
      0.11805470461831122,
      0.11826715753710354,
      0.11665420172624055,
      0.11402642281260535,
      0.11268522642606171,
      0.11112674123013833,
      0.10972895126572986,
      0.11393166689993016,
      0.12329139384263968,
      0.1333504344055423,
      0.14202266415860107,
      0.1398931446000652,
      0.1427487369829105,
      0.16383338060491037,
      0.23828115351390253,
      0.23235250904324853
   ],
   "Weighted B(r)": [
      0.00047296973005092624,
      NaN,
      NaN,
      0.001097933932391749,
      NaN,
      NaN,
      0.002547483992483317,
      NaN,
      NaN,
      0.004246921339155009,
      0.005341523686019137,
      0.006856589155570822,
      0.008759910703571655,
      0.011405406273743913,
      0.013832958564132755,
      0.016889404341232518,
      0.021097363879841444,
      0.025538114079250804,
      0.030137724471343507,
      0.036119465401938985,
      0.04328707087486798,
      0.05068225888240104,
      0.05793283321157782,
      0.06575716660571507,
      0.07372285275811435,
      0.08096998579917958,
      0.08844214719979858,
      0.0949739502681214,
      0.10113803109978925,
      0.10616259393765125,
      0.11048742420457236,
      0.11376977954731458,
      0.11604223223420218,
      0.11716386653906906,
      0.11752790253429164,
      0.11805470461831122,
      0.11826715753710354,
      0.11665420172624055,
      0.11402642281260535,
      0.11268522642606171,
      0.11112674123013833,
      0.10972895126572986,
      0.11393166689993016,
      0.12329139384263968,
      0.1333504344055423,
      0.14202266415860107,
      0.1398931446000652,
      0.1427487369829105,
      0.16383338060491037,
      0.23828115351390253,
      0.23235250904324853
   ],
   "Unweighted sigma^2": 0.06180275791811436,
   "Apparent r0": 13.349021574301032
}