{
   "log10 r": [
      0.0,
      0.05,
      0.1,
      0.15000000000000002,
      0.2,
      0.25,
      0.30000000000000004,
      0.35000000000000003,
      0.4,
      0.45,
      0.5,
      0.55,
      0.6000000000000001,
      0.65,
      0.7000000000000001,
      0.75,
      0.8,
      0.8500000000000001,
      0.9,
      0.9500000000000001,
      1.0,
      1.05,
      1.1,
      1.1500000000000001,
      1.2000000000000002,
      1.25,
      1.3,
      1.35,
      1.4000000000000001,
      1.4500000000000002,
      1.5,
      1.55,
      1.6,
      1.6500000000000001,
      1.7000000000000002,
      1.75,
      1.8,
      1.85,
      1.9000000000000001,
      1.9500000000000002,
      2.0,
      2.0500000000000003,
      2.1,
      2.15,
      2.2,
      2.25,
      2.3000000000000003,
      2.35,
      2.4000000000000004,
      2.45,
      2.5
   ],
   "Sum dv^2": [
      34.67228454482582,
      0.0,
      0.0,
      172.55258046013287,
      0.0,
      0.0,
      920.5213578456663,
      0.0,
      0.0,
      841.4351328029229,
      1410.7854068711606,
      1717.7692213532398,
      3575.2620402408147,
      5574.437844397523,
      5782.275087854995,
      9005.049323068088,
      18107.241968470284,
      17364.635505482143,
      27630.80799919677,
      41768.403062231526,
      69369.39920839002,
      78456.15420271186,
      109122.29735143129,
      168756.7885909327,
      206566.94212461862,
      291034.838887187,
      408237.0646894413,
      531825.7134604605,
      690082.7128345348,
      888612.0300952313,
      1195597.7540722128,
      1420685.6787837807,
      1878976.6017495603,
      2270874.3352370183,
      2805187.0201085377,
      3373571.6725734286,
      4042595.162409984,
      4982005.257826882,
      5916438.030621785,
      7006573.192295793,
      8252586.100487195,
      9408160.39503428,
      10325113.073711537,
      10591176.822525732,
      11324204.72911461,
      11839250.210713767,
      9791338.916074546,
      7475362.838338805,
      3764791.3990472946,
      999179.5380644564,
      59625.220361010055
   ],
   "Sum weights": [
      65280.0,
      0.0,
      0.0,
      130050.0,
      0.0,
      0.0,
      324104.0,
      0.0,
      0.0,
      193800.0,
      258060.0,
      257048.0,
      449570.0,
      575312.0,
      511036.0,
      700020.0,
      1203734.0,
      1007972.0,
      1445380.0,
      1937042.0,
      2859272.0,
      2897116.0,
      3674690.0,
      5155474.0,
      5773520.0,
      7491838.0,
      9701238.0,
      11757186.0,
      14320938.0,
      17540114.0,
      22734900.0,
      26303374.0,
      34062188.0,
      40733820.0,
      50149068.0,
      60431004.0,
      72289830.0,
      87731826.0,
      102476376.0,
      120332462.0,
      140368314.0,
      158782298.0,
      178392398.0,
      192781200.0,
      200564162.0,
      196929652.0,
      173862636.0,
      123283452.0,
      50816154.0,
      14282052.0,
      1557090.0
   ],
   "Sum w * dv^2": [
      34.67228454482582,
      0.0,
      0.0,
      172.55258046013287,
      0.0,
      0.0,
      920.5213578456663,
      0.0,
      0.0,
      841.4351328029229,
      1410.7854068711606,
      1717.7692213532398,
      3575.2620402408147,
      5574.437844397523,
      5782.275087854995,
      9005.049323068088,
      18107.241968470284,
      17364.635505482143,
      27630.80799919677,
      41768.403062231526,
      69369.39920839002,
      78456.15420271186,
      109122.29735143129,
      168756.7885909327,
      206566.94212461862,
      291034.838887187,
      408237.0646894413,
      531825.7134604605,
      690082.7128345348,
      888612.0300952313,
      1195597.7540722128,
      1420685.6787837807,
      1878976.6017495603,
      2270874.3352370183,
      2805187.0201085377,
      3373571.6725734286,
      4042595.162409984,
      4982005.257826882,
      5916438.030621785,
      7006573.192295793,
      8252586.100487195,
      9408160.39503428,
      10325113.073711537,
      10591176.822525732,
      11324204.72911461,
      11839250.210713767,
      9791338.916074546,
      7475362.838338805,
      3764791.3990472946,
      999179.5380644564,
      59625.220361010055
   ],
   "N pairs": [
      65280,
      0,
      0,
      130050,
      0,
      0,
      324104,
      0,
      0,
      193800,
      258060,
      257048,
      449570,
      575312,
      511036,
      700020,
      1203734,
      1007972,
      1445380,
      1937042,
      2859272,
      2897116,
      3674690,
      5155474,
      5773520,
      7491838,
      9701238,
      11757186,
      14320938,
      17540114,
      22734900,
      26303374,
      34062188,
      40733820,
      50149068,
      60431004,
      72289830,
      87731826,
      102476376,
      120332462,
      140368314,
      158782298,
      178392398,
      192781200,
      200564162,
      196929652,
      173862636,
      123283452,
      50816154,
      14282052,
      1557090
   ],
   "Unweighted B(r)": [
      0.000531131809816572,
      NaN,
      NaN,
      0.0013268172276826827,
      NaN,
      NaN,
      0.002840203631691267,
      NaN,
      NaN,
      0.004341770551098674,
      0.005466889122185386,
      0.006682678804554946,
      0.00795262593198126,
      0.009689416950102767,
      0.011314809696097721,
      0.012863988633279174,
      0.015042560871812447,
      0.01722729947407482,
      0.0191166392223476,
      0.02156298266234368,
      0.024261210269044018,
      0.027080777643253447,
      0.02969564707538086,
      0.03273351559738885,
      0.03577833663425754,
      0.038846920994178864,
      0.04208092458812383,
      0.04523409882776887,
      0.04818697719622379,
      0.05066170209014783,
      0.05258865242742272,
      0.05401153778917414,
      0.05516312110512573,
      0.05574911302787262,
      0.05593697215087901,
      0.055825179945271614,
      0.055922045499484284,
      0.05678674986004375,
      0.057734653210431496,
      0.05822679163911558,
      0.0587923717633824,
      0.05925194756303552,
      0.05787866069108806,
      0.05493884685086374,
      0.05646175576030682,
      0.06011918515305032,
      0.05631652171703267,
      0.060635573688663465,
      0.07408650798419918,
      0.06996050273899412,
      0.03829272576473425
   ],
   "Weighted B(r)": [
      0.000531131809816572,
      NaN,
      NaN,
      0.0013268172276826827,
      NaN,
      NaN,
      0.002840203631691267,
      NaN,
      NaN,
      0.004341770551098674,
      0.005466889122185386,
      0.006682678804554946,
      0.00795262593198126,
      0.009689416950102767,
      0.011314809696097721,
      0.012863988633279174,
      0.015042560871812447,
      0.01722729947407482,
      0.0191166392223476,
      0.02156298266234368,
      0.024261210269044018,
      0.027080777643253447,
      0.02969564707538086,
      0.03273351559738885,
      0.03577833663425754,
      0.038846920994178864,
      0.04208092458812383,
      0.04523409882776887,
      0.04818697719622379,
      0.05066170209014783,
      0.05258865242742272,
      0.05401153778917414,
      0.05516312110512573,
      0.05574911302787262,
      0.05593697215087901,
      0.055825179945271614,
      0.055922045499484284,
      0.05678674986004375,
      0.057734653210431496,
      0.05822679163911558,
      0.0587923717633824,
      0.05925194756303552,
      0.05787866069108806,
      0.05493884685086374,
      0.05646175576030682,
      0.06011918515305032,
      0.05631652171703267,
      0.060635573688663465,
      0.07408650798419918,
      0.06996050273899412,
      0.03829272576473425
   ],
   "Unweighted sigma^2": 0.028583309265118474,
   "Apparent r0": 12.006866395497477
}