{
   "log10 r": [
      0.0,
      0.05,
      0.1,
      0.15000000000000002,
      0.2,
      0.25,
      0.30000000000000004,
      0.35000000000000003,
      0.4,
      0.45,
      0.5,
      0.55,
      0.6000000000000001,
      0.65,
      0.7000000000000001,
      0.75,
      0.8,
      0.8500000000000001,
      0.9,
      0.9500000000000001,
      1.0,
      1.05,
      1.1,
      1.1500000000000001,
      1.2000000000000002,
      1.25,
      1.3,
      1.35,
      1.4000000000000001,
      1.4500000000000002,
      1.5,
      1.55,
      1.6,
      1.6500000000000001,
      1.7000000000000002,
      1.75,
      1.8,
      1.85,
      1.9000000000000001,
      1.9500000000000002,
      2.0,
      2.0500000000000003,
      2.1,
      2.15,
      2.2,
      2.25,
      2.3000000000000003,
      2.35,
      2.4000000000000004,
      2.45,
      2.5
   ],
   "Sum dv^2": [
      15.27087243078832,
      0.0,
      0.0,
      73.49039496703315,
      0.0,
      0.0,
      412.35661589538626,
      0.0,
      0.0,
      397.53095530544795,
      666.3684703104318,
      835.069447831422,
      1803.7288446031494,
      2903.877606377636,
      3052.4339955508685,
      4894.935171451294,
      10028.649681288269,
      9719.78846936051,
      15667.114712224089,
      23816.433507367376,
      39685.3395576597,
      44654.36097030026,
      61828.08827000571,
      94549.34987793442,
      114596.30698296848,
      159277.14902487255,
      220291.70797276532,
      282429.83317120234,
      360846.6439967699,
      458371.8291987824,
      611567.6715763137,
      722865.8273274819,
      951469.8979151833,
      1155089.6112360223,
      1443155.504849949,
      1774056.2908737098,
      2208481.842477736,
      2838954.1718144426,
      3501206.0189043935,
      4320986.930280117,
      5191288.214821029,
      5996001.430580152,
      6841970.05017908,
      7402240.347734894,
      7682884.273639332,
      7402242.559309796,
      6248331.551356811,
      4149107.733066925,
      1656703.647618285,
      480016.1271374028,
      45722.866341253626
   ],
   "Sum weights": [
      65280.0,
      0.0,
      0.0,
      130050.0,
      0.0,
      0.0,
      324104.0,
      0.0,
      0.0,
      193800.0,
      258060.0,
      257048.0,
      449570.0,
      575312.0,
      511036.0,
      700020.0,
      1203734.0,
      1007972.0,
      1445380.0,
      1937042.0,
      2859272.0,
      2897116.0,
      3674690.0,
      5155474.0,
      5773520.0,
      7491838.0,
      9701238.0,
      11757186.0,
      14320938.0,
      17540114.0,
      22734900.0,
      26303374.0,
      34062188.0,
      40733820.0,
      50149068.0,
      60431004.0,
      72289830.0,
      87731826.0,
      102476376.0,
      120332462.0,
      140368314.0,
      158782298.0,
      178392398.0,
      192781200.0,
      200564162.0,
      196929652.0,
      173862636.0,
      123283452.0,
      50816154.0,
      14282052.0,
      1557090.0
   ],
   "Sum w * dv^2": [
      15.27087243078832,
      0.0,
      0.0,
      73.49039496703315,
      0.0,
      0.0,
      412.35661589538626,
      0.0,
      0.0,
      397.53095530544795,
      666.3684703104318,
      835.069447831422,
      1803.7288446031494,
      2903.877606377636,
      3052.4339955508685,
      4894.935171451294,
      10028.649681288269,
      9719.78846936051,
      15667.114712224089,
      23816.433507367376,
      39685.3395576597,
      44654.36097030026,
      61828.08827000571,
      94549.34987793442,
      114596.30698296848,
      159277.14902487255,
      220291.70797276532,
      282429.83317120234,
      360846.6439967699,
      458371.8291987824,
      611567.6715763137,
      722865.8273274819,
      951469.8979151833,
      1155089.6112360223,
      1443155.504849949,
      1774056.2908737098,
      2208481.842477736,
      2838954.1718144426,
      3501206.0189043935,
      4320986.930280117,
      5191288.214821029,
      5996001.430580152,
      6841970.05017908,
      7402240.347734894,
      7682884.273639332,
      7402242.559309796,
      6248331.551356811,
      4149107.733066925,
      1656703.647618285,
      480016.1271374028,
      45722.866341253626
   ],
   "N pairs": [
      65280,
      0,
      0,
      130050,
      0,
      0,
      324104,
      0,
      0,
      193800,
      258060,
      257048,
      449570,
      575312,
      511036,
      700020,
      1203734,
      1007972,
      1445380,
      1937042,
      2859272,
      2897116,
      3674690,
      5155474,
      5773520,
      7491838,
      9701238,
      11757186,
      14320938,
      17540114,
      22734900,
      26303374,
      34062188,
      40733820,
      50149068,
      60431004,
      72289830,
      87731826,
      102476376,
      120332462,
      140368314,
      158782298,
      178392398,
      192781200,
      200564162,
      196929652,
      173862636,
      123283452,
      50816154,
      14282052,
      1557090
   ],
   "Unweighted B(r)": [
      0.0002339288056186936,
      NaN,
      NaN,
      0.0005650933869052915,
      NaN,
      NaN,
      0.0012722972129174163,
      NaN,
      NaN,
      0.002051243319429556,
      0.002582223011355622,
      0.0032486907030259797,
      0.004012120125015346,
      0.005047483115905171,
      0.005973031245452118,
      0.006992564743080618,
      0.00833128388937113,
      0.009642915149786413,
      0.010839443407425098,
      0.012295259218626842,
      0.01387952582253794,
      0.0154133838514924,
      0.01682538888178478,
      0.01833960366746771,
      0.019848603102261442,
      0.021260089850430902,
      0.02270758721441174,
      0.02402189037165886,
      0.02519713750571156,
      0.02613277366377336,
      0.02689994992616258,
      0.027481867053537768,
      0.027933317082131755,
      0.02835701663227319,
      0.028777314562455057,
      0.02935672375844872,
      0.0305503809108105,
      0.03235945609765882,
      0.0341659820103747,
      0.03590873866006429,
      0.036983333822909845,
      0.03776240491607038,
      0.038353484379861746,
      0.03839710691568936,
      0.03830636638682903,
      0.037588257959800774,
      0.03593832289162354,
      0.033655025599598924,
      0.032601909377444914,
      0.033609745093870456,
      0.029364305429521495
   ],
   "Weighted B(r)": [
      0.0002339288056186936,
      NaN,
      NaN,
      0.0005650933869052915,
      NaN,
      NaN,
      0.0012722972129174163,
      NaN,
      NaN,
      0.002051243319429556,
      0.002582223011355622,
      0.0032486907030259797,
      0.004012120125015346,
      0.005047483115905171,
      0.005973031245452118,
      0.006992564743080618,
      0.00833128388937113,
      0.009642915149786413,
      0.010839443407425098,
      0.012295259218626842,
      0.01387952582253794,
      0.0154133838514924,
      0.01682538888178478,
      0.01833960366746771,
      0.019848603102261442,
      0.021260089850430902,
      0.02270758721441174,
      0.02402189037165886,
      0.02519713750571156,
      0.02613277366377336,
      0.02689994992616258,
      0.027481867053537768,
      0.027933317082131755,
      0.02835701663227319,
      0.028777314562455057,
      0.02935672375844872,
      0.0305503809108105,
      0.03235945609765882,
      0.0341659820103747,
      0.03590873866006429,
      0.036983333822909845,
      0.03776240491607038,
      0.038353484379861746,
      0.03839710691568936,
      0.03830636638682903,
      0.037588257959800774,
      0.03593832289162354,
      0.033655025599598924,
      0.032601909377444914,
      0.033609745093870456,
      0.029364305429521495
   ],
   "Unweighted sigma^2": 0.01742069623313651,
   "Apparent r0": 13.193173936941678
}