{
   "log10 r": [
      0.0,
      0.05,
      0.1,
      0.15000000000000002,
      0.2,
      0.25,
      0.30000000000000004,
      0.35000000000000003,
      0.4,
      0.45,
      0.5,
      0.55,
      0.6000000000000001,
      0.65,
      0.7000000000000001,
      0.75,
      0.8,
      0.8500000000000001,
      0.9,
      0.9500000000000001,
      1.0,
      1.05,
      1.1,
      1.1500000000000001,
      1.2000000000000002,
      1.25,
      1.3,
      1.35,
      1.4000000000000001,
      1.4500000000000002,
      1.5,
      1.55,
      1.6,
      1.6500000000000001,
      1.7000000000000002,
      1.75,
      1.8,
      1.85,
      1.9000000000000001,
      1.9500000000000002,
      2.0,
      2.0500000000000003,
      2.1,
      2.15,
      2.2,
      2.25,
      2.3000000000000003,
      2.35,
      2.4000000000000004,
      2.45,
      2.5
   ],
   "Sum dv^2": [
      240.29430343189986,
      0.0,
      0.0,
      1054.312113952393,
      0.0,
      0.0,
      5568.601227321867,
      0.0,
      0.0,
      5054.5065225720255,
      8044.13539259023,
      9596.30330808245,
      19764.36677561177,
      29867.366514342273,
      29956.07760268134,
      45830.838014201785,
      88953.7848699935,
      82348.54125200809,
      128432.02912919299,
      188256.06286195313,
      303813.2633320638,
      332540.7223279161,
      451586.40837581287,
      677932.6376714823,
      809610.7692164783,
      1110886.4922923022,
      1519847.4278312447,
      1934399.65398612,
      2457555.6425482896,
      3117175.6256099427,
      4154348.0267294436,
      4938265.175871063,
      6555753.468796634,
      7934934.724280755,
      9721476.491810309,
      11511465.138105731,
      13512182.633536553,
      16168549.569121748,
      18802203.845415782,
      22111252.838398267,
      25479218.794797204,
      27799886.27163045,
      31243140.61784714,
      35110931.508721136,
      37349634.82569444,
      36736938.3374704,
      33758120.05457235,
      22817471.01836829,
      8866722.074088411,
      2418988.6142438874,
      325173.2336698106
   ],
   "Sum weights": [
      65280.0,
      0.0,
      0.0,
      130050.0,
      0.0,
      0.0,
      324104.0,
      0.0,
      0.0,
      193800.0,
      258060.0,
      257048.0,
      449570.0,
      575312.0,
      511036.0,
      700020.0,
      1203734.0,
      1007972.0,
      1445380.0,
      1937042.0,
      2859272.0,
      2897116.0,
      3674690.0,
      5155474.0,
      5773520.0,
      7491838.0,
      9701238.0,
      11757186.0,
      14320938.0,
      17540114.0,
      22734900.0,
      26303374.0,
      34062188.0,
      40733820.0,
      50149068.0,
      60431004.0,
      72289830.0,
      87731826.0,
      102476376.0,
      120332462.0,
      140368314.0,
      158782298.0,
      178392398.0,
      192781200.0,
      200564162.0,
      196929652.0,
      173862636.0,
      123283452.0,
      50816154.0,
      14282052.0,
      1557090.0
   ],
   "Sum w * dv^2": [
      240.29430343189986,
      0.0,
      0.0,
      1054.312113952393,
      0.0,
      0.0,
      5568.601227321867,
      0.0,
      0.0,
      5054.5065225720255,
      8044.13539259023,
      9596.30330808245,
      19764.36677561177,
      29867.366514342273,
      29956.07760268134,
      45830.838014201785,
      88953.7848699935,
      82348.54125200809,
      128432.02912919299,
      188256.06286195313,
      303813.2633320638,
      332540.7223279161,
      451586.40837581287,
      677932.6376714823,
      809610.7692164783,
      1110886.4922923022,
      1519847.4278312447,
      1934399.65398612,
      2457555.6425482896,
      3117175.6256099427,
      4154348.0267294436,
      4938265.175871063,
      6555753.468796634,
      7934934.724280755,
      9721476.491810309,
      11511465.138105731,
      13512182.633536553,
      16168549.569121748,
      18802203.845415782,
      22111252.838398267,
      25479218.794797204,
      27799886.27163045,
      31243140.61784714,
      35110931.508721136,
      37349634.82569444,
      36736938.3374704,
      33758120.05457235,
      22817471.01836829,
      8866722.074088411,
      2418988.6142438874,
      325173.2336698106
   ],
   "N pairs": [
      65280,
      0,
      0,
      130050,
      0,
      0,
      324104,
      0,
      0,
      193800,
      258060,
      257048,
      449570,
      575312,
      511036,
      700020,
      1203734,
      1007972,
      1445380,
      1937042,
      2859272,
      2897116,
      3674690,
      5155474,
      5773520,
      7491838,
      9701238,
      11757186,
      14320938,
      17540114,
      22734900,
      26303374,
      34062188,
      40733820,
      50149068,
      60431004,
      72289830,
      87731826,
      102476376,
      120332462,
      140368314,
      158782298,
      178392398,
      192781200,
      200564162,
      196929652,
      173862636,
      123283452,
      50816154,
      14282052,
      1557090
   ],
   "Unweighted B(r)": [
      0.003680978912866113,
      NaN,
      NaN,
      0.008106975116896524,
      NaN,
      NaN,
      0.01718152576741375,
      NaN,
      NaN,
      0.026081045008111585,
      0.031171570148764746,
      0.03733272893810669,
      0.04396282397760475,
      0.05191507653993359,
      0.05861833139481629,
      0.06547075514156993,
      0.0738982074694189,
      0.08169725076887858,
      0.08885692975493849,
      0.09718739338741914,
      0.10625546059698546,
      0.1147833646729769,
      0.12289102165783042,
      0.13149763487731336,
      0.14022827828023082,
      0.14827956668207484,
      0.15666530682282453,
      0.1645291359672391,
      0.1716057734869245,
      0.177716953584791,
      0.18272998899178988,
      0.1877426514131253,
      0.19246425005923384,
      0.19479967074732385,
      0.19385158846442188,
      0.19048939081180466,
      0.1869167853007339,
      0.1842951447188817,
      0.18347842282611343,
      0.18375135413084348,
      0.18151688275458808,
      0.1750817731056547,
      0.17513717494759581,
      0.18212840001370018,
      0.18622287478106103,
      0.18654853631422857,
      0.19416546781547905,
      0.18508137668280322,
      0.17448628784634923,
      0.1693726233627974,
      0.20883393616927126
   ],
   "Weighted B(r)": [
      0.003680978912866113,
      NaN,
      NaN,
      0.008106975116896524,
      NaN,
      NaN,
      0.01718152576741375,
      NaN,
      NaN,
      0.026081045008111585,
      0.031171570148764746,
      0.03733272893810669,
      0.04396282397760475,
      0.05191507653993359,
      0.05861833139481629,
      0.06547075514156993,
      0.0738982074694189,
      0.08169725076887858,
      0.08885692975493849,
      0.09718739338741914,
      0.10625546059698546,
      0.1147833646729769,
      0.12289102165783042,
      0.13149763487731336,
      0.14022827828023082,
      0.14827956668207484,
      0.15666530682282453,
      0.1645291359672391,
      0.1716057734869245,
      0.177716953584791,
      0.18272998899178988,
      0.1877426514131253,
      0.19246425005923384,
      0.19479967074732385,
      0.19385158846442188,
      0.19048939081180466,
      0.1869167853007339,
      0.1842951447188817,
      0.18347842282611343,
      0.18375135413084348,
      0.18151688275458808,
      0.1750817731056547,
      0.17513717494759581,
      0.18212840001370018,
      0.18622287478106103,
      0.18654853631422857,
      0.19416546781547905,
      0.18508137668280322,
      0.17448628784634923,
      0.1693726233627974,
      0.20883393616927126
   ],
   "Unweighted sigma^2": 0.09130158976060684,
   "Apparent r0": 8.227711962591627
}