{
   "log10 r": [
      0.0,
      0.05,
      0.1,
      0.15000000000000002,
      0.2,
      0.25,
      0.30000000000000004,
      0.35000000000000003,
      0.4,
      0.45,
      0.5,
      0.55,
      0.6000000000000001,
      0.65,
      0.7000000000000001,
      0.75,
      0.8,
      0.8500000000000001,
      0.9,
      0.9500000000000001,
      1.0,
      1.05,
      1.1,
      1.1500000000000001,
      1.2000000000000002,
      1.25,
      1.3,
      1.35,
      1.4000000000000001,
      1.4500000000000002,
      1.5,
      1.55,
      1.6,
      1.6500000000000001,
      1.7000000000000002,
      1.75,
      1.8,
      1.85,
      1.9000000000000001,
      1.9500000000000002,
      2.0,
      2.0500000000000003,
      2.1,
      2.15,
      2.2,
      2.25,
      2.3000000000000003,
      2.35,
      2.4000000000000004,
      2.45,
      2.5
   ],
   "Sum dv^2": [
      1.1640674918540883,
      0.0,
      0.0,
      6.284908118306339,
      0.0,
      0.0,
      35.82929762286095,
      0.0,
      0.0,
      35.11573763745553,
      61.82309802139261,
      79.73925223929852,
      176.82833157315414,
      299.5924114876175,
      330.41826801510194,
      556.3001044873707,
      1228.490464782758,
      1286.3204653343626,
      2222.0011604258752,
      3707.7298195185604,
      6848.406877980754,
      8584.346031844818,
      13096.091856604733,
      22288.373384027753,
      29800.074002209458,
      45494.20892607166,
      68750.62173312106,
      95796.40681857581,
      131659.40437783735,
      178458.23949216495,
      252119.0021856569,
      312390.1200316098,
      427170.45379944745,
      534924.5336268751,
      689293.7895043083,
      878929.8722495891,
      1130247.5352969652,
      1494569.80453027,
      1906422.1603873954,
      2415135.6371863834,
      2976490.5629379977,
      3488135.088180886,
      4028690.379572088,
      4397028.664879153,
      4566871.075629554,
      4322217.81666302,
      3502805.3384024,
      2204121.4402241735,
      869597.5366629394,
      270542.9012259716,
      29000.592845142997
   ],
   "Sum weights": [
      65280.0,
      0.0,
      0.0,
      130050.0,
      0.0,
      0.0,
      324104.0,
      0.0,
      0.0,
      193800.0,
      258060.0,
      257048.0,
      449570.0,
      575312.0,
      511036.0,
      700020.0,
      1203734.0,
      1007972.0,
      1445380.0,
      1937042.0,
      2859272.0,
      2897116.0,
      3674690.0,
      5155474.0,
      5773520.0,
      7491838.0,
      9701238.0,
      11757186.0,
      14320938.0,
      17540114.0,
      22734900.0,
      26303374.0,
      34062188.0,
      40733820.0,
      50149068.0,
      60431004.0,
      72289830.0,
      87731826.0,
      102476376.0,
      120332462.0,
      140368314.0,
      158782298.0,
      178392398.0,
      192781200.0,
      200564162.0,
      196929652.0,
      173862636.0,
      123283452.0,
      50816154.0,
      14282052.0,
      1557090.0
   ],
   "Sum w * dv^2": [
      1.1640674918540883,
      0.0,
      0.0,
      6.284908118306339,
      0.0,
      0.0,
      35.82929762286095,
      0.0,
      0.0,
      35.11573763745553,
      61.82309802139261,
      79.73925223929852,
      176.82833157315414,
      299.5924114876175,
      330.41826801510194,
      556.3001044873707,
      1228.490464782758,
      1286.3204653343626,
      2222.0011604258752,
      3707.7298195185604,
      6848.406877980754,
      8584.346031844818,
      13096.091856604733,
      22288.373384027753,
      29800.074002209458,
      45494.20892607166,
      68750.62173312106,
      95796.40681857581,
      131659.40437783735,
      178458.23949216495,
      252119.0021856569,
      312390.1200316098,
      427170.45379944745,
      534924.5336268751,
      689293.7895043083,
      878929.8722495891,
      1130247.5352969652,
      1494569.80453027,
      1906422.1603873954,
      2415135.6371863834,
      2976490.5629379977,
      3488135.088180886,
      4028690.379572088,
      4397028.664879153,
      4566871.075629554,
      4322217.81666302,
      3502805.3384024,
      2204121.4402241735,
      869597.5366629394,
      270542.9012259716,
      29000.592845142997
   ],
   "N pairs": [
      65280,
      0,
      0,
      130050,
      0,
      0,
      324104,
      0,
      0,
      193800,
      258060,
      257048,
      449570,
      575312,
      511036,
      700020,
      1203734,
      1007972,
      1445380,
      1937042,
      2859272,
      2897116,
      3674690,
      5155474,
      5773520,
      7491838,
      9701238,
      11757186,
      14320938,
      17540114,
      22734900,
      26303374,
      34062188,
      40733820,
      50149068,
      60431004,
      72289830,
      87731826,
      102476376,
      120332462,
      140368314,
      158782298,
      178392398,
      192781200,
      200564162,
      196929652,
      173862636,
      123283452,
      50816154,
      14282052,
      1557090
   ],
   "Unweighted B(r)": [
      1.783191623550993e-05,
      NaN,
      NaN,
      4.832685981012179e-05,
      NaN,
      NaN,
      0.00011054876713296025,
      NaN,
      NaN,
      0.0001811957566432174,
      0.00023956869728509886,
      0.00031021152562672543,
      0.000393327694403884,
      0.0005207477186076728,
      0.000646565541400414,
      0.0007946917295039724,
      0.001020566391563882,
      0.0012761470212807127,
      0.001537312790010845,
      0.0019141194767684751,
      0.002395157535897513,
      0.0029630660394146515,
      0.0035638630351416674,
      0.004323244261153825,
      0.005161508750677136,
      0.006072503026102761,
      0.007086788483399858,
      0.008147902637465785,
      0.009193490285192028,
      0.010174291882718947,
      0.011089514455117766,
      0.011876427717281052,
      0.012540898834785583,
      0.01313219662744312,
      0.013744897303062706,
      0.014544353296688387,
      0.015634945265426203,
      0.01703566279961242,
      0.018603528294046965,
      0.020070524587009475,
      0.021204860827337413,
      0.021968035052502426,
      0.022583307499303238,
      0.022808389328830572,
      0.022770125181335008,
      0.0219480295261123,
      0.02014697015408417,
      0.017878485753498964,
      0.01711262006689722,
      0.01894285927722232,
      0.01862486615747516
   ],
   "Weighted B(r)": [
      1.783191623550993e-05,
      NaN,
      NaN,
      4.832685981012179e-05,
      NaN,
      NaN,
      0.00011054876713296025,
      NaN,
      NaN,
      0.0001811957566432174,
      0.00023956869728509886,
      0.00031021152562672543,
      0.000393327694403884,
      0.0005207477186076728,
      0.000646565541400414,
      0.0007946917295039724,
      0.001020566391563882,
      0.0012761470212807127,
      0.001537312790010845,
      0.0019141194767684751,
      0.002395157535897513,
      0.0029630660394146515,
      0.0035638630351416674,
      0.004323244261153825,
      0.005161508750677136,
      0.006072503026102761,
      0.007086788483399858,
      0.008147902637465785,
      0.009193490285192028,
      0.010174291882718947,
      0.011089514455117766,
      0.011876427717281052,
      0.012540898834785583,
      0.01313219662744312,
      0.013744897303062706,
      0.014544353296688387,
      0.015634945265426203,
      0.01703566279961242,
      0.018603528294046965,
      0.020070524587009475,
      0.021204860827337413,
      0.021968035052502426,
      0.022583307499303238,
      0.022808389328830572,
      0.022770125181335008,
      0.0219480295261123,
      0.02014697015408417,
      0.017878485753498964,
      0.01711262006689722,
      0.01894285927722232,
      0.01862486615747516
   ],
   "Unweighted sigma^2": 0.009654475255386085,
   "Apparent r0": 26.559423549097318
}