{
   "log10 r": [
      0.0,
      0.05,
      0.1,
      0.15000000000000002,
      0.2,
      0.25,
      0.30000000000000004,
      0.35000000000000003,
      0.4,
      0.45,
      0.5,
      0.55,
      0.6000000000000001,
      0.65,
      0.7000000000000001,
      0.75,
      0.8,
      0.8500000000000001,
      0.9,
      0.9500000000000001,
      1.0,
      1.05,
      1.1,
      1.1500000000000001,
      1.2000000000000002,
      1.25,
      1.3,
      1.35,
      1.4000000000000001,
      1.4500000000000002,
      1.5,
      1.55,
      1.6,
      1.6500000000000001,
      1.7000000000000002,
      1.75,
      1.8,
      1.85,
      1.9000000000000001,
      1.9500000000000002,
      2.0,
      2.0500000000000003,
      2.1,
      2.15,
      2.2,
      2.25,
      2.3000000000000003,
      2.35,
      2.4000000000000004,
      2.45,
      2.5
   ],
   "Sum dv^2": [
      6.290656495880851,
      0.0,
      0.0,
      33.575137264865376,
      0.0,
      0.0,
      190.81641863609417,
      0.0,
      0.0,
      186.1443196417176,
      326.3890121295248,
      418.7045194024361,
      923.503319826426,
      1549.5452474430383,
      1698.5454447259963,
      2827.262222368293,
      6151.113944844546,
      6339.585227986963,
      10767.731957269632,
      17553.166670049734,
      31494.98383025978,
      38238.77196945997,
      56438.16878309005,
      92505.72651351924,
      118904.67471777764,
      174603.23655368798,
      253783.30744433365,
      341010.9465049409,
      454130.1570075468,
      599496.2277655533,
      828622.8825417949,
      1009888.2180231411,
      1356387.7330329698,
      1648080.0534655394,
      2018633.9146654357,
      2382560.5423628627,
      2792757.4325768882,
      3364951.7360837064,
      3969932.7802968025,
      4746172.258399219,
      5542237.225657419,
      6012061.351903808,
      6599980.660612735,
      7516903.71840656,
      8360801.154950238,
      8247964.5298570525,
      7926797.273487883,
      6016811.673622448,
      2511399.1043965057,
      712541.8255292594,
      71753.91805971171
   ],
   "Sum weights": [
      65280.0,
      0.0,
      0.0,
      130050.0,
      0.0,
      0.0,
      324104.0,
      0.0,
      0.0,
      193800.0,
      258060.0,
      257048.0,
      449570.0,
      575312.0,
      511036.0,
      700020.0,
      1203734.0,
      1007972.0,
      1445380.0,
      1937042.0,
      2859272.0,
      2897116.0,
      3674690.0,
      5155474.0,
      5773520.0,
      7491838.0,
      9701238.0,
      11757186.0,
      14320938.0,
      17540114.0,
      22734900.0,
      26303374.0,
      34062188.0,
      40733820.0,
      50149068.0,
      60431004.0,
      72289830.0,
      87731826.0,
      102476376.0,
      120332462.0,
      140368314.0,
      158782298.0,
      178392398.0,
      192781200.0,
      200564162.0,
      196929652.0,
      173862636.0,
      123283452.0,
      50816154.0,
      14282052.0,
      1557090.0
   ],
   "Sum w * dv^2": [
      6.290656495880851,
      0.0,
      0.0,
      33.575137264865376,
      0.0,
      0.0,
      190.81641863609417,
      0.0,
      0.0,
      186.1443196417176,
      326.3890121295248,
      418.7045194024361,
      923.503319826426,
      1549.5452474430383,
      1698.5454447259963,
      2827.262222368293,
      6151.113944844546,
      6339.585227986963,
      10767.731957269632,
      17553.166670049734,
      31494.98383025978,
      38238.77196945997,
      56438.16878309005,
      92505.72651351924,
      118904.67471777764,
      174603.23655368798,
      253783.30744433365,
      341010.9465049409,
      454130.1570075468,
      599496.2277655533,
      828622.8825417949,
      1009888.2180231411,
      1356387.7330329698,
      1648080.0534655394,
      2018633.9146654357,
      2382560.5423628627,
      2792757.4325768882,
      3364951.7360837064,
      3969932.7802968025,
      4746172.258399219,
      5542237.225657419,
      6012061.351903808,
      6599980.660612735,
      7516903.71840656,
      8360801.154950238,
      8247964.5298570525,
      7926797.273487883,
      6016811.673622448,
      2511399.1043965057,
      712541.8255292594,
      71753.91805971171
   ],
   "N pairs": [
      65280,
      0,
      0,
      130050,
      0,
      0,
      324104,
      0,
      0,
      193800,
      258060,
      257048,
      449570,
      575312,
      511036,
      700020,
      1203734,
      1007972,
      1445380,
      1937042,
      2859272,
      2897116,
      3674690,
      5155474,
      5773520,
      7491838,
      9701238,
      11757186,
      14320938,
      17540114,
      22734900,
      26303374,
      34062188,
      40733820,
      50149068,
      60431004,
      72289830,
      87731826,
      102476376,
      120332462,
      140368314,
      158782298,
      178392398,
      192781200,
      200564162,
      196929652,
      173862636,
      123283452,
      50816154,
      14282052,
      1557090
   ],
   "Unweighted B(r)": [
      9.636422328248853e-05,
      NaN,
      NaN,
      0.00025817099011814974,
      NaN,
      NaN,
      0.0005887505820233449,
      NaN,
      NaN,
      0.0009604970053752198,
      0.0012647795556441324,
      0.0016288962349539234,
      0.0020541924946647374,
      0.002693399837728117,
      0.0033237295312384964,
      0.004038830636793653,
      0.005110027584868871,
      0.006289445766337719,
      0.007449758511443103,
      0.009061841028769502,
      0.011015035935811556,
      0.013198909525700723,
      0.0153586203960307,
      0.017943204933924456,
      0.020594832046615868,
      0.023305794459742454,
      0.02615988881463723,
      0.029004469819984214,
      0.031710922637019086,
      0.034178582178288765,
      0.03644717515985533,
      0.038393866050155434,
      0.03982092204508324,
      0.040459747047184365,
      0.04025267059131459,
      0.0394261287196695,
      0.038632784619591555,
      0.03835497207232078,
      0.038739980230143994,
      0.039442160324112865,
      0.03948353490701199,
      0.03786354919679905,
      0.036996983809885975,
      0.038991891939704496,
      0.04168641631474639,
      0.04188279645087197,
      0.04559229893125446,
      0.04880469824630193,
      0.04942127466782523,
      0.049890717771456046,
      0.04608206208999589
   ],
   "Weighted B(r)": [
      9.636422328248853e-05,
      NaN,
      NaN,
      0.00025817099011814974,
      NaN,
      NaN,
      0.0005887505820233449,
      NaN,
      NaN,
      0.0009604970053752198,
      0.0012647795556441324,
      0.0016288962349539234,
      0.0020541924946647374,
      0.002693399837728117,
      0.0033237295312384964,
      0.004038830636793653,
      0.005110027584868871,
      0.006289445766337719,
      0.007449758511443103,
      0.009061841028769502,
      0.011015035935811556,
      0.013198909525700723,
      0.0153586203960307,
      0.017943204933924456,
      0.020594832046615868,
      0.023305794459742454,
      0.02615988881463723,
      0.029004469819984214,
      0.031710922637019086,
      0.034178582178288765,
      0.03644717515985533,
      0.038393866050155434,
      0.03982092204508324,
      0.040459747047184365,
      0.04025267059131459,
      0.0394261287196695,
      0.038632784619591555,
      0.03835497207232078,
      0.038739980230143994,
      0.039442160324112865,
      0.03948353490701199,
      0.03786354919679905,
      0.036996983809885975,
      0.038991891939704496,
      0.04168641631474639,
      0.04188279645087197,
      0.04559229893125446,
      0.04880469824630193,
      0.04942127466782523,
      0.049890717771456046,
      0.04608206208999589
   ],
   "Unweighted sigma^2": 0.02006064999312778,
   "Apparent r0": 15.501713820482188
}