{
   "log10 r": [
      0.0,
      0.05,
      0.1,
      0.15000000000000002,
      0.2,
      0.25,
      0.30000000000000004,
      0.35000000000000003,
      0.4,
      0.45,
      0.5,
      0.55,
      0.6000000000000001,
      0.65,
      0.7000000000000001,
      0.75,
      0.8,
      0.8500000000000001,
      0.9,
      0.9500000000000001,
      1.0,
      1.05,
      1.1,
      1.1500000000000001,
      1.2000000000000002,
      1.25,
      1.3,
      1.35,
      1.4000000000000001,
      1.4500000000000002,
      1.5,
      1.55,
      1.6,
      1.6500000000000001,
      1.7000000000000002,
      1.75,
      1.8,
      1.85,
      1.9000000000000001,
      1.9500000000000002,
      2.0,
      2.0500000000000003,
      2.1,
      2.15,
      2.2,
      2.25,
      2.3000000000000003,
      2.35,
      2.4000000000000004,
      2.45,
      2.5
   ],
   "Sum dv^2": [
      0.18733282789958136,
      0.0,
      0.0,
      0.8217562827058861,
      0.0,
      0.0,
      4.840635947656717,
      0.0,
      0.0,
      4.931918190350665,
      8.16086585782469,
      10.547841284723601,
      24.05242323749227,
      40.86560264167054,
      44.416107002211156,
      76.46419545176532,
      169.47598736267378,
      177.57801341105596,
      312.7806450249506,
      530.0472544954251,
      1004.3814708886975,
      1288.5218798161507,
      2032.0995338150615,
      3587.4242887277887,
      5042.064971347237,
      8140.712277688743,
      13202.303724952188,
      19969.378846678064,
      30123.36056616144,
      45311.9226812107,
      72105.40461651572,
      101379.49392087545,
      158101.71392929292,
      225247.94222511371,
      324668.9602643116,
      448836.6242637003,
      599880.7115635346,
      788716.3238051424,
      962899.205949082,
      1139887.4547022148,
      1302998.0459775191,
      1434474.8274032527,
      1598690.1661869178,
      1769013.8587260926,
      1899420.4257361633,
      1887649.235611128,
      1683229.8827187163,
      1191784.924126455,
      469250.17885099474,
      220435.6608508658,
      36354.229823227506
   ],
   "Sum weights": [
      65280.0,
      0.0,
      0.0,
      130050.0,
      0.0,
      0.0,
      324104.0,
      0.0,
      0.0,
      193800.0,
      258060.0,
      257048.0,
      449570.0,
      575312.0,
      511036.0,
      700020.0,
      1203734.0,
      1007972.0,
      1445380.0,
      1937042.0,
      2859272.0,
      2897116.0,
      3674690.0,
      5155474.0,
      5773520.0,
      7491838.0,
      9701238.0,
      11757186.0,
      14320938.0,
      17540114.0,
      22734900.0,
      26303374.0,
      34062188.0,
      40733820.0,
      50149068.0,
      60431004.0,
      72289830.0,
      87731826.0,
      102476376.0,
      120332462.0,
      140368314.0,
      158782298.0,
      178392398.0,
      192781200.0,
      200564162.0,
      196929652.0,
      173862636.0,
      123283452.0,
      50816154.0,
      14282052.0,
      1557090.0
   ],
   "Sum w * dv^2": [
      0.18733282789958136,
      0.0,
      0.0,
      0.8217562827058861,
      0.0,
      0.0,
      4.840635947656717,
      0.0,
      0.0,
      4.931918190350665,
      8.16086585782469,
      10.547841284723601,
      24.05242323749227,
      40.86560264167054,
      44.416107002211156,
      76.46419545176532,
      169.47598736267378,
      177.57801341105596,
      312.7806450249506,
      530.0472544954251,
      1004.3814708886975,
      1288.5218798161507,
      2032.0995338150615,
      3587.4242887277887,
      5042.064971347237,
      8140.712277688743,
      13202.303724952188,
      19969.378846678064,
      30123.36056616144,
      45311.9226812107,
      72105.40461651572,
      101379.49392087545,
      158101.71392929292,
      225247.94222511371,
      324668.9602643116,
      448836.6242637003,
      599880.7115635346,
      788716.3238051424,
      962899.205949082,
      1139887.4547022148,
      1302998.0459775191,
      1434474.8274032527,
      1598690.1661869178,
      1769013.8587260926,
      1899420.4257361633,
      1887649.235611128,
      1683229.8827187163,
      1191784.924126455,
      469250.17885099474,
      220435.6608508658,
      36354.229823227506
   ],
   "N pairs": [
      65280,
      0,
      0,
      130050,
      0,
      0,
      324104,
      0,
      0,
      193800,
      258060,
      257048,
      449570,
      575312,
      511036,
      700020,
      1203734,
      1007972,
      1445380,
      1937042,
      2859272,
      2897116,
      3674690,
      5155474,
      5773520,
      7491838,
      9701238,
      11757186,
      14320938,
      17540114,
      22734900,
      26303374,
      34062188,
      40733820,
      50149068,
      60431004,
      72289830,
      87731826,
      102476376,
      120332462,
      140368314,
      158782298,
      178392398,
      192781200,
      200564162,
      196929652,
      173862636,
      123283452,
      50816154,
      14282052,
      1557090
   ],
   "Unweighted B(r)": [
      2.8696817999323126e-06,
      NaN,
      NaN,
      6.318771877784591e-06,
      NaN,
      NaN,
      1.4935440314395124e-05,
      NaN,
      NaN,
      2.5448494274255234e-05,
      3.162390861747148e-05,
      4.1034519952396446e-05,
      5.350095254908528e-05,
      7.103207067064573e-05,
      8.691385147467332e-05,
      0.00010923144403269238,
      0.00014079189203152338,
      0.00017617355780820892,
      0.00021640028575526895,
      0.0002736374608787136,
      0.0003512717471051014,
      0.00044476019593835754,
      0.000552998901625732,
      0.0006958476153168048,
      0.0008733086524940135,
      0.0010866108260334437,
      0.0013608885510233012,
      0.001698482855223866,
      0.0021034488499399578,
      0.0025833311391938903,
      0.003171573423085904,
      0.0038542391527746763,
      0.004641560722091397,
      0.005529752481478872,
      0.006474077649146173,
      0.0074272574432769686,
      0.008298272544886806,
      0.0089900821602088,
      0.009396304236491366,
      0.009472817523688785,
      0.009282707819497776,
      0.009034223874271254,
      0.008961649622462712,
      0.009176277866960536,
      0.009470387963609187,
      0.009585398727110572,
      0.00968137790524881,
      0.009667030771708558,
      0.009234271819370563,
      0.0154344530359409,
      0.023347545628850937
   ],
   "Weighted B(r)": [
      2.8696817999323126e-06,
      NaN,
      NaN,
      6.318771877784591e-06,
      NaN,
      NaN,
      1.4935440314395124e-05,
      NaN,
      NaN,
      2.5448494274255234e-05,
      3.162390861747148e-05,
      4.1034519952396446e-05,
      5.350095254908528e-05,
      7.103207067064573e-05,
      8.691385147467332e-05,
      0.00010923144403269238,
      0.00014079189203152338,
      0.00017617355780820892,
      0.00021640028575526895,
      0.0002736374608787136,
      0.0003512717471051014,
      0.00044476019593835754,
      0.000552998901625732,
      0.0006958476153168048,
      0.0008733086524940135,
      0.0010866108260334437,
      0.0013608885510233012,
      0.001698482855223866,
      0.0021034488499399578,
      0.0025833311391938903,
      0.003171573423085904,
      0.0038542391527746763,
      0.004641560722091397,
      0.005529752481478872,
      0.006474077649146173,
      0.0074272574432769686,
      0.008298272544886806,
      0.0089900821602088,
      0.009396304236491366,
      0.009472817523688785,
      0.009282707819497776,
      0.009034223874271254,
      0.008961649622462712,
      0.009176277866960536,
      0.009470387963609187,
      0.009585398727110572,
      0.00968137790524881,
      0.009667030771708558,
      0.009234271819370563,
      0.0154344530359409,
      0.023347545628850937
   ],
   "Unweighted sigma^2": 0.004307345448934638,
   "Apparent r0": 37.97291106682791
}