{
   "log10 r": [
      0.0,
      0.05,
      0.1,
      0.15000000000000002,
      0.2,
      0.25,
      0.30000000000000004,
      0.35000000000000003,
      0.4,
      0.45,
      0.5,
      0.55,
      0.6000000000000001,
      0.65,
      0.7000000000000001,
      0.75,
      0.8,
      0.8500000000000001,
      0.9,
      0.9500000000000001,
      1.0,
      1.05,
      1.1,
      1.1500000000000001,
      1.2000000000000002,
      1.25,
      1.3,
      1.35,
      1.4000000000000001,
      1.4500000000000002,
      1.5,
      1.55,
      1.6,
      1.6500000000000001,
      1.7000000000000002,
      1.75,
      1.8,
      1.85,
      1.9000000000000001,
      1.9500000000000002,
      2.0,
      2.0500000000000003,
      2.1,
      2.15,
      2.2,
      2.25,
      2.3000000000000003,
      2.35,
      2.4000000000000004,
      2.45,
      2.5
   ],
   "Sum dv^2": [
      57.74095625945223,
      0.0,
      0.0,
      191.27845937474677,
      0.0,
      0.0,
      764.0129874576547,
      0.0,
      0.0,
      597.2261864416645,
      884.2943192627018,
      997.6951834981621,
      1975.0565311395305,
      2875.511272333932,
      2798.839605329528,
      4243.684198678688,
      8151.545865479543,
      7536.045380007021,
      11808.942639803672,
      17500.23045958851,
      28733.127025196478,
      32160.09724275755,
      44743.11465395376,
      69104.3652203235,
      85350.60796174094,
      121298.2359559633,
      172249.2695705444,
      227652.30331229483,
      301601.9293636734,
      399240.92333689873,
      558078.2922076752,
      694774.7653051482,
      966150.1721959492,
      1239056.820378308,
      1633025.4090806292,
      2119365.586983163,
      2772934.408168124,
      3761620.055766008,
      4973773.531260772,
      6681968.871084222,
      8952151.63699181,
      11383020.807499943,
      14354539.937215136,
      17869898.035358813,
      21662597.3656994,
      24876290.818964552,
      26198429.23125074,
      21742413.11481689,
      10184220.219665684,
      3158194.998821146,
      312285.24628161656
   ],
   "Sum weights": [
      65280.0,
      0.0,
      0.0,
      130050.0,
      0.0,
      0.0,
      324104.0,
      0.0,
      0.0,
      193800.0,
      258060.0,
      257048.0,
      449570.0,
      575312.0,
      511036.0,
      700020.0,
      1203734.0,
      1007972.0,
      1445380.0,
      1937042.0,
      2859272.0,
      2897116.0,
      3674690.0,
      5155474.0,
      5773520.0,
      7491838.0,
      9701238.0,
      11757186.0,
      14320938.0,
      17540114.0,
      22734900.0,
      26303374.0,
      34062188.0,
      40733820.0,
      50149068.0,
      60431004.0,
      72289830.0,
      87731826.0,
      102476376.0,
      120332462.0,
      140368314.0,
      158782298.0,
      178392398.0,
      192781200.0,
      200564162.0,
      196929652.0,
      173862636.0,
      123283452.0,
      50816154.0,
      14282052.0,
      1557090.0
   ],
   "Sum w * dv^2": [
      57.74095625945223,
      0.0,
      0.0,
      191.27845937474677,
      0.0,
      0.0,
      764.0129874576547,
      0.0,
      0.0,
      597.2261864416645,
      884.2943192627018,
      997.6951834981621,
      1975.0565311395305,
      2875.511272333932,
      2798.839605329528,
      4243.684198678688,
      8151.545865479543,
      7536.045380007021,
      11808.942639803672,
      17500.23045958851,
      28733.127025196478,
      32160.09724275755,
      44743.11465395376,
      69104.3652203235,
      85350.60796174094,
      121298.2359559633,
      172249.2695705444,
      227652.30331229483,
      301601.9293636734,
      399240.92333689873,
      558078.2922076752,
      694774.7653051482,
      966150.1721959492,
      1239056.820378308,
      1633025.4090806292,
      2119365.586983163,
      2772934.408168124,
      3761620.055766008,
      4973773.531260772,
      6681968.871084222,
      8952151.63699181,
      11383020.807499943,
      14354539.937215136,
      17869898.035358813,
      21662597.3656994,
      24876290.818964552,
      26198429.23125074,
      21742413.11481689,
      10184220.219665684,
      3158194.998821146,
      312285.24628161656
   ],
   "N pairs": [
      65280,
      0,
      0,
      130050,
      0,
      0,
      324104,
      0,
      0,
      193800,
      258060,
      257048,
      449570,
      575312,
      511036,
      700020,
      1203734,
      1007972,
      1445380,
      1937042,
      2859272,
      2897116,
      3674690,
      5155474,
      5773520,
      7491838,
      9701238,
      11757186,
      14320938,
      17540114,
      22734900,
      26303374,
      34062188,
      40733820,
      50149068,
      60431004,
      72289830,
      87731826,
      102476376,
      120332462,
      140368314,
      158782298,
      178392398,
      192781200,
      200564162,
      196929652,
      173862636,
      123283452,
      50816154,
      14282052,
      1557090
   ],
   "Unweighted B(r)": [
      0.0008845121976019031,
      NaN,
      NaN,
      0.001470807069394439,
      NaN,
      NaN,
      0.0023573081093033557,
      NaN,
      NaN,
      0.0030816624687392386,
      0.003426700454400922,
      0.0038813575032607224,
      0.004393212472227974,
      0.004998177114911443,
      0.005476795382966225,
      0.006062232791461226,
      0.006771883045157438,
      0.0074764431750157945,
      0.008170130097139626,
      0.00903451265361748,
      0.010049105865128074,
      0.01110072818718945,
      0.012176024277953721,
      0.013404075982212982,
      0.01478311462708035,
      0.01619071794611193,
      0.01775539055639542,
      0.019362822303933512,
      0.021060207743631973,
      0.02276159227567727,
      0.02454720681453075,
      0.026413902843990592,
      0.028364301559134993,
      0.03041838011702089,
      0.03256342488918496,
      0.035070831968688834,
      0.03835856866959189,
      0.04287634519046723,
      0.04853580625509992,
      0.055529229270520716,
      0.06377615703920053,
      0.07168948271236095,
      0.08046609663947192,
      0.09269523187613114,
      0.10800831589094866,
      0.12632069658542103,
      0.1506846429686637,
      0.17636116414729278,
      0.2004130462070326,
      0.22113033889115835,
      0.2005569660595191
   ],
   "Weighted B(r)": [
      0.0008845121976019031,
      NaN,
      NaN,
      0.001470807069394439,
      NaN,
      NaN,
      0.0023573081093033557,
      NaN,
      NaN,
      0.0030816624687392386,
      0.003426700454400922,
      0.0038813575032607224,
      0.004393212472227974,
      0.004998177114911443,
      0.005476795382966225,
      0.006062232791461226,
      0.006771883045157438,
      0.0074764431750157945,
      0.008170130097139626,
      0.00903451265361748,
      0.010049105865128074,
      0.01110072818718945,
      0.012176024277953721,
      0.013404075982212982,
      0.01478311462708035,
      0.01619071794611193,
      0.01775539055639542,
      0.019362822303933512,
      0.021060207743631973,
      0.02276159227567727,
      0.02454720681453075,
      0.026413902843990592,
      0.028364301559134993,
      0.03041838011702089,
      0.03256342488918496,
      0.035070831968688834,
      0.03835856866959189,
      0.04287634519046723,
      0.04853580625509992,
      0.055529229270520716,
      0.06377615703920053,
      0.07168948271236095,
      0.08046609663947192,
      0.09269523187613114,
      0.10800831589094866,
      0.12632069658542103,
      0.1506846429686637,
      0.17636116414729278,
      0.2004130462070326,
      0.22113033889115835,
      0.2005569660595191
   ],
   "Unweighted sigma^2": 0.043797836039242366,
   "Apparent r0": 72.20108405041736
}