{
   "log10 r": [
      0.0,
      0.05,
      0.1,
      0.15000000000000002,
      0.2,
      0.25,
      0.30000000000000004,
      0.35000000000000003,
      0.4,
      0.45,
      0.5,
      0.55,
      0.6000000000000001,
      0.65,
      0.7000000000000001,
      0.75,
      0.8,
      0.8500000000000001,
      0.9,
      0.9500000000000001,
      1.0,
      1.05,
      1.1,
      1.1500000000000001,
      1.2000000000000002,
      1.25,
      1.3,
      1.35,
      1.4000000000000001,
      1.4500000000000002,
      1.5,
      1.55,
      1.6,
      1.6500000000000001,
      1.7000000000000002,
      1.75,
      1.8,
      1.85,
      1.9000000000000001,
      1.9500000000000002,
      2.0,
      2.0500000000000003,
      2.1,
      2.15,
      2.2,
      2.25,
      2.3000000000000003,
      2.35,
      2.4000000000000004,
      2.45,
      2.5
   ],
   "Sum dv^2": [
      5.240922713702525,
      0.0,
      0.0,
      28.53110903396104,
      0.0,
      0.0,
      157.8053055488279,
      0.0,
      0.0,
      149.08279928176492,
      260.5428118187948,
      326.2014970995272,
      698.1760054356002,
      1126.6895500596672,
      1208.0001165672504,
      1922.2262080691914,
      3976.0783297630005,
      3897.60708128017,
      6301.5013947627585,
      9668.550711351563,
      16253.052517425385,
      18503.94733359459,
      25806.60029852556,
      39860.6213246573,
      48530.203774332265,
      67691.22408842648,
      93820.53205569749,
      120663.17557209515,
      154857.23100759895,
      197367.93088349653,
      263262.72656052484,
      310839.8545793019,
      409377.5699109388,
      495164.816367621,
      613664.0392410788,
      741450.6872496755,
      883805.2921328676,
      1066008.6445754422,
      1261236.7403782483,
      1506719.8795138083,
      1772140.4310450885,
      2029181.8929218599,
      2256892.1123272744,
      2371401.5299153617,
      2459984.8545544953,
      2420878.6578187943,
      2048975.801802067,
      1598359.4450831036,
      794496.6144415471,
      208369.28006431478,
      12722.26819944446
   ],
   "Sum weights": [
      65280.0,
      0.0,
      0.0,
      130050.0,
      0.0,
      0.0,
      324104.0,
      0.0,
      0.0,
      193800.0,
      258060.0,
      257048.0,
      449570.0,
      575312.0,
      511036.0,
      700020.0,
      1203734.0,
      1007972.0,
      1445380.0,
      1937042.0,
      2859272.0,
      2897116.0,
      3674690.0,
      5155474.0,
      5773520.0,
      7491838.0,
      9701238.0,
      11757186.0,
      14320938.0,
      17540114.0,
      22734900.0,
      26303374.0,
      34062188.0,
      40733820.0,
      50149068.0,
      60431004.0,
      72289830.0,
      87731826.0,
      102476376.0,
      120332462.0,
      140368314.0,
      158782298.0,
      178392398.0,
      192781200.0,
      200564162.0,
      196929652.0,
      173862636.0,
      123283452.0,
      50816154.0,
      14282052.0,
      1557090.0
   ],
   "Sum w * dv^2": [
      5.240922713702525,
      0.0,
      0.0,
      28.53110903396104,
      0.0,
      0.0,
      157.8053055488279,
      0.0,
      0.0,
      149.08279928176492,
      260.5428118187948,
      326.2014970995272,
      698.1760054356002,
      1126.6895500596672,
      1208.0001165672504,
      1922.2262080691914,
      3976.0783297630005,
      3897.60708128017,
      6301.5013947627585,
      9668.550711351563,
      16253.052517425385,
      18503.94733359459,
      25806.60029852556,
      39860.6213246573,
      48530.203774332265,
      67691.22408842648,
      93820.53205569749,
      120663.17557209515,
      154857.23100759895,
      197367.93088349653,
      263262.72656052484,
      310839.8545793019,
      409377.5699109388,
      495164.816367621,
      613664.0392410788,
      741450.6872496755,
      883805.2921328676,
      1066008.6445754422,
      1261236.7403782483,
      1506719.8795138083,
      1772140.4310450885,
      2029181.8929218599,
      2256892.1123272744,
      2371401.5299153617,
      2459984.8545544953,
      2420878.6578187943,
      2048975.801802067,
      1598359.4450831036,
      794496.6144415471,
      208369.28006431478,
      12722.26819944446
   ],
   "N pairs": [
      65280,
      0,
      0,
      130050,
      0,
      0,
      324104,
      0,
      0,
      193800,
      258060,
      257048,
      449570,
      575312,
      511036,
      700020,
      1203734,
      1007972,
      1445380,
      1937042,
      2859272,
      2897116,
      3674690,
      5155474,
      5773520,
      7491838,
      9701238,
      11757186,
      14320938,
      17540114,
      22734900,
      26303374,
      34062188,
      40733820,
      50149068,
      60431004,
      72289830,
      87731826,
      102476376,
      120332462,
      140368314,
      158782298,
      178392398,
      192781200,
      200564162,
      196929652,
      173862636,
      123283452,
      50816154,
      14282052,
      1557090
   ],
   "Unweighted B(r)": [
      8.028374255059015e-05,
      NaN,
      NaN,
      0.00021938569038032328,
      NaN,
      NaN,
      0.0004868971242219408,
      NaN,
      NaN,
      0.0007692610902051854,
      0.0010096210641664528,
      0.0012690295084946282,
      0.0015529861988913857,
      0.0019583974435778626,
      0.0023638258685635656,
      0.0027459589841278696,
      0.0033031203984958475,
      0.003866781102332376,
      0.004359754109481769,
      0.004991399624453968,
      0.005684332416582048,
      0.00638702327887271,
      0.007022796562029875,
      0.007731708340427535,
      0.008405652664982933,
      0.009035329392924204,
      0.009670985502643836,
      0.01026292988578178,
      0.010813344140418662,
      0.011252374464812288,
      0.011579673830125703,
      0.011817489823902511,
      0.012018534156142253,
      0.012156110484300785,
      0.012236798483295418,
      0.012269375621323046,
      0.012225859323958399,
      0.012150763219899722,
      0.012307585314865626,
      0.012521308502054984,
      0.012624932084352659,
      0.01277964809982697,
      0.012651279637640582,
      0.012300999941464011,
      0.012265326118204982,
      0.01229311397868511,
      0.011785026667846374,
      0.012964914748518751,
      0.015634725415102194,
      0.014589589791741046,
      0.008170541329945257
   ],
   "Weighted B(r)": [
      8.028374255059015e-05,
      NaN,
      NaN,
      0.00021938569038032328,
      NaN,
      NaN,
      0.0004868971242219408,
      NaN,
      NaN,
      0.0007692610902051854,
      0.0010096210641664528,
      0.0012690295084946282,
      0.0015529861988913857,
      0.0019583974435778626,
      0.0023638258685635656,
      0.0027459589841278696,
      0.0033031203984958475,
      0.003866781102332376,
      0.004359754109481769,
      0.004991399624453968,
      0.005684332416582048,
      0.00638702327887271,
      0.007022796562029875,
      0.007731708340427535,
      0.008405652664982933,
      0.009035329392924204,
      0.009670985502643836,
      0.01026292988578178,
      0.010813344140418662,
      0.011252374464812288,
      0.011579673830125703,
      0.011817489823902511,
      0.012018534156142253,
      0.012156110484300785,
      0.012236798483295418,
      0.012269375621323046,
      0.012225859323958399,
      0.012150763219899722,
      0.012307585314865626,
      0.012521308502054984,
      0.012624932084352659,
      0.01277964809982697,
      0.012651279637640582,
      0.012300999941464011,
      0.012265326118204982,
      0.01229311397868511,
      0.011785026667846374,
      0.012964914748518751,
      0.015634725415102194,
      0.014589589791741046,
      0.008170541329945257
   ],
   "Unweighted sigma^2": 0.0061562576880203135,
   "Apparent r0": 10.819472619570124
}