{
   "log10 r": [
      0.0,
      0.05,
      0.1,
      0.15000000000000002,
      0.2,
      0.25,
      0.30000000000000004,
      0.35000000000000003,
      0.4,
      0.45,
      0.5,
      0.55,
      0.6000000000000001,
      0.65,
      0.7000000000000001,
      0.75,
      0.8,
      0.8500000000000001,
      0.9,
      0.9500000000000001,
      1.0,
      1.05,
      1.1,
      1.1500000000000001,
      1.2000000000000002,
      1.25,
      1.3,
      1.35,
      1.4000000000000001,
      1.4500000000000002,
      1.5,
      1.55,
      1.6,
      1.6500000000000001,
      1.7000000000000002,
      1.75,
      1.8,
      1.85,
      1.9000000000000001,
      1.9500000000000002,
      2.0,
      2.0500000000000003,
      2.1,
      2.15,
      2.2,
      2.25,
      2.3000000000000003,
      2.35,
      2.4000000000000004,
      2.45,
      2.5
   ],
   "Sum dv^2": [
      4.79423133119844,
      0.0,
      0.0,
      26.339040214793165,
      0.0,
      0.0,
      145.20565046281973,
      0.0,
      0.0,
      136.52752287705133,
      239.28848500877265,
      298.62085468600446,
      637.1833458151657,
      1023.4788488820786,
      1097.8832351373865,
      1737.0837420533428,
      3577.17157044819,
      3489.5535106133543,
      5625.68854270562,
      8595.931139830205,
      14407.469344211353,
      16351.921309341025,
      22784.874589133942,
      35233.17628399165,
      42976.29479907653,
      60093.58773572457,
      83474.12315229145,
      107496.9183051619,
      138287.18225859117,
      178103.47280635143,
      242939.45301655724,
      293964.94005162764,
      393164.83066003054,
      480929.2598946705,
      604849.1234151339,
      746886.1719570737,
      922131.7904933827,
      1157477.2623151895,
      1385835.0295074354,
      1631009.2085723195,
      1881678.8540809085,
      2058039.230249091,
      2225266.402470671,
      2336591.859850629,
      2308345.166562811,
      2497635.38615423,
      2461153.874089451,
      1861726.8039648365,
      822667.1362152555,
      197351.14559750078,
      21609.28032538524
   ],
   "Sum weights": [
      65280.0,
      0.0,
      0.0,
      130050.0,
      0.0,
      0.0,
      324104.0,
      0.0,
      0.0,
      193800.0,
      258060.0,
      257048.0,
      449570.0,
      575312.0,
      511036.0,
      700020.0,
      1203734.0,
      1007972.0,
      1445380.0,
      1937042.0,
      2859272.0,
      2897116.0,
      3674690.0,
      5155474.0,
      5773520.0,
      7491838.0,
      9701238.0,
      11757186.0,
      14320938.0,
      17540114.0,
      22734900.0,
      26303374.0,
      34062188.0,
      40733820.0,
      50149068.0,
      60431004.0,
      72289830.0,
      87731826.0,
      102476376.0,
      120332462.0,
      140368314.0,
      158782298.0,
      178392398.0,
      192781200.0,
      200564162.0,
      196929652.0,
      173862636.0,
      123283452.0,
      50816154.0,
      14282052.0,
      1557090.0
   ],
   "Sum w * dv^2": [
      4.79423133119844,
      0.0,
      0.0,
      26.339040214793165,
      0.0,
      0.0,
      145.20565046281973,
      0.0,
      0.0,
      136.52752287705133,
      239.28848500877265,
      298.62085468600446,
      637.1833458151657,
      1023.4788488820786,
      1097.8832351373865,
      1737.0837420533428,
      3577.17157044819,
      3489.5535106133543,
      5625.68854270562,
      8595.931139830205,
      14407.469344211353,
      16351.921309341025,
      22784.874589133942,
      35233.17628399165,
      42976.29479907653,
      60093.58773572457,
      83474.12315229145,
      107496.9183051619,
      138287.18225859117,
      178103.47280635143,
      242939.45301655724,
      293964.94005162764,
      393164.83066003054,
      480929.2598946705,
      604849.1234151339,
      746886.1719570737,
      922131.7904933827,
      1157477.2623151895,
      1385835.0295074354,
      1631009.2085723195,
      1881678.8540809085,
      2058039.230249091,
      2225266.402470671,
      2336591.859850629,
      2308345.166562811,
      2497635.38615423,
      2461153.874089451,
      1861726.8039648365,
      822667.1362152555,
      197351.14559750078,
      21609.28032538524
   ],
   "N pairs": [
      65280,
      0,
      0,
      130050,
      0,
      0,
      324104,
      0,
      0,
      193800,
      258060,
      257048,
      449570,
      575312,
      511036,
      700020,
      1203734,
      1007972,
      1445380,
      1937042,
      2859272,
      2897116,
      3674690,
      5155474,
      5773520,
      7491838,
      9701238,
      11757186,
      14320938,
      17540114,
      22734900,
      26303374,
      34062188,
      40733820,
      50149068,
      60431004,
      72289830,
      87731826,
      102476376,
      120332462,
      140368314,
      158782298,
      178392398,
      192781200,
      200564162,
      196929652,
      173862636,
      123283452,
      50816154,
      14282052,
      1557090
   ],
   "Unweighted B(r)": [
      7.34410436764467e-05,
      NaN,
      NaN,
      0.00020253010545784827,
      NaN,
      NaN,
      0.00044802177838847943,
      NaN,
      NaN,
      0.000704476382234527,
      0.0009272591064433568,
      0.001161731873759004,
      0.0014173173161357868,
      0.0017789979157084828,
      0.002148348130341867,
      0.002481477303581816,
      0.002971729277770828,
      0.003461954806892805,
      0.0038921865133775342,
      0.004437658625796552,
      0.005038859312514288,
      0.0056442066211159735,
      0.006200488909032855,
      0.006834129370837996,
      0.007443690296227697,
      0.008021207577596388,
      0.008604481526202268,
      0.009143082222664667,
      0.009656293621171404,
      0.010154065863331984,
      0.010685749795097284,
      0.011175940396529648,
      0.011542559469756627,
      0.011806632913256614,
      0.012061024213154548,
      0.012359320920054113,
      0.0127560376126681,
      0.013193356562704959,
      0.013523458611645629,
      0.013554191291891953,
      0.01340529639816653,
      0.012961389627004207,
      0.012473997924904126,
      0.012120434253187703,
      0.011509260395996425,
      0.012682881225800522,
      0.014155737717501598,
      0.01510118976847628,
      0.016189086962686224,
      0.013818122605736262,
      0.013877990562771092
   ],
   "Weighted B(r)": [
      7.34410436764467e-05,
      NaN,
      NaN,
      0.00020253010545784827,
      NaN,
      NaN,
      0.00044802177838847943,
      NaN,
      NaN,
      0.000704476382234527,
      0.0009272591064433568,
      0.001161731873759004,
      0.0014173173161357868,
      0.0017789979157084828,
      0.002148348130341867,
      0.002481477303581816,
      0.002971729277770828,
      0.003461954806892805,
      0.0038921865133775342,
      0.004437658625796552,
      0.005038859312514288,
      0.0056442066211159735,
      0.006200488909032855,
      0.006834129370837996,
      0.007443690296227697,
      0.008021207577596388,
      0.008604481526202268,
      0.009143082222664667,
      0.009656293621171404,
      0.010154065863331984,
      0.010685749795097284,
      0.011175940396529648,
      0.011542559469756627,
      0.011806632913256614,
      0.012061024213154548,
      0.012359320920054113,
      0.0127560376126681,
      0.013193356562704959,
      0.013523458611645629,
      0.013554191291891953,
      0.01340529639816653,
      0.012961389627004207,
      0.012473997924904126,
      0.012120434253187703,
      0.011509260395996425,
      0.012682881225800522,
      0.014155737717501598,
      0.01510118976847628,
      0.016189086962686224,
      0.013818122605736262,
      0.013877990562771092
   ],
   "Unweighted sigma^2": 0.0063702780557433605,
   "Apparent r0": 13.000870397669837
}