{
   "log10 r": [
      0.0,
      0.05,
      0.1,
      0.15000000000000002,
      0.2,
      0.25,
      0.30000000000000004,
      0.35000000000000003,
      0.4,
      0.45,
      0.5,
      0.55,
      0.6000000000000001,
      0.65,
      0.7000000000000001,
      0.75,
      0.8,
      0.8500000000000001,
      0.9,
      0.9500000000000001,
      1.0,
      1.05,
      1.1,
      1.1500000000000001,
      1.2000000000000002,
      1.25,
      1.3,
      1.35,
      1.4000000000000001,
      1.4500000000000002,
      1.5,
      1.55,
      1.6,
      1.6500000000000001,
      1.7000000000000002,
      1.75,
      1.8,
      1.85,
      1.9000000000000001,
      1.9500000000000002,
      2.0,
      2.0500000000000003,
      2.1,
      2.15,
      2.2,
      2.25,
      2.3000000000000003,
      2.35,
      2.4000000000000004,
      2.45,
      2.5
   ],
   "Sum dv^2": [
      0.06165756164565225,
      0.0,
      0.0,
      0.5896891206677137,
      0.0,
      0.0,
      3.1816000856119,
      0.0,
      0.0,
      2.889199518175727,
      5.8430625489128385,
      7.560882626797569,
      16.063452830790514,
      27.475052247967227,
      31.689641672110255,
      52.009766820863106,
      117.29225161896134,
      126.40263846886995,
      217.45312985602425,
      369.38795238414787,
      691.7639148329432,
      893.5177568147321,
      1391.2091493254409,
      2466.1140513085397,
      3414.3380138999073,
      5465.2364070015055,
      8706.67018795353,
      12958.1683256598,
      19118.879530492693,
      28056.848628137297,
      43224.97718565648,
      58587.40307821791,
      87541.3027052676,
      119074.58214376589,
      164097.71768524864,
      217774.57116159884,
      282629.4973293279,
      366392.53854683676,
      448011.4033394254,
      534782.0669859744,
      611855.4467923503,
      649317.3702935262,
      655818.1601094264,
      621291.7661863293,
      603514.5930585671,
      664681.3929435749,
      705496.628277361,
      551022.9229616064,
      240823.06542615534,
      50238.70108144988,
      2028.5081995833962
   ],
   "Sum weights": [
      65280.0,
      0.0,
      0.0,
      130050.0,
      0.0,
      0.0,
      324104.0,
      0.0,
      0.0,
      193800.0,
      258060.0,
      257048.0,
      449570.0,
      575312.0,
      511036.0,
      700020.0,
      1203734.0,
      1007972.0,
      1445380.0,
      1937042.0,
      2859272.0,
      2897116.0,
      3674690.0,
      5155474.0,
      5773520.0,
      7491838.0,
      9701238.0,
      11757186.0,
      14320938.0,
      17540114.0,
      22734900.0,
      26303374.0,
      34062188.0,
      40733820.0,
      50149068.0,
      60431004.0,
      72289830.0,
      87731826.0,
      102476376.0,
      120332462.0,
      140368314.0,
      158782298.0,
      178392398.0,
      192781200.0,
      200564162.0,
      196929652.0,
      173862636.0,
      123283452.0,
      50816154.0,
      14282052.0,
      1557090.0
   ],
   "Sum w * dv^2": [
      0.06165756164565225,
      0.0,
      0.0,
      0.5896891206677137,
      0.0,
      0.0,
      3.1816000856119,
      0.0,
      0.0,
      2.889199518175727,
      5.8430625489128385,
      7.560882626797569,
      16.063452830790514,
      27.475052247967227,
      31.689641672110255,
      52.009766820863106,
      117.29225161896134,
      126.40263846886995,
      217.45312985602425,
      369.38795238414787,
      691.7639148329432,
      893.5177568147321,
      1391.2091493254409,
      2466.1140513085397,
      3414.3380138999073,
      5465.2364070015055,
      8706.67018795353,
      12958.1683256598,
      19118.879530492693,
      28056.848628137297,
      43224.97718565648,
      58587.40307821791,
      87541.3027052676,
      119074.58214376589,
      164097.71768524864,
      217774.57116159884,
      282629.4973293279,
      366392.53854683676,
      448011.4033394254,
      534782.0669859744,
      611855.4467923503,
      649317.3702935262,
      655818.1601094264,
      621291.7661863293,
      603514.5930585671,
      664681.3929435749,
      705496.628277361,
      551022.9229616064,
      240823.06542615534,
      50238.70108144988,
      2028.5081995833962
   ],
   "N pairs": [
      65280,
      0,
      0,
      130050,
      0,
      0,
      324104,
      0,
      0,
      193800,
      258060,
      257048,
      449570,
      575312,
      511036,
      700020,
      1203734,
      1007972,
      1445380,
      1937042,
      2859272,
      2897116,
      3674690,
      5155474,
      5773520,
      7491838,
      9701238,
      11757186,
      14320938,
      17540114,
      22734900,
      26303374,
      34062188,
      40733820,
      50149068,
      60431004,
      72289830,
      87731826,
      102476376,
      120332462,
      140368314,
      158782298,
      178392398,
      192781200,
      200564162,
      196929652,
      173862636,
      123283452,
      50816154,
      14282052,
      1557090
   ],
   "Unweighted B(r)": [
      9.445092163856042e-07,
      NaN,
      NaN,
      4.534326187371886e-06,
      NaN,
      NaN,
      9.816602342494693e-06,
      NaN,
      NaN,
      1.4908150248584762e-05,
      2.264226361665054e-05,
      2.9414283039734093e-05,
      3.5730704519408576e-05,
      4.775678631415167e-05,
      6.201058569672246e-05,
      7.429754409997301e-05,
      9.744034115424284e-05,
      0.00012540292634008677,
      0.00015044703113093044,
      0.00019069692468420813,
      0.00024193707868049743,
      0.0003084162859943241,
      0.0003785922484142719,
      0.0004783486545191654,
      0.0005913789185626633,
      0.0007294920695030386,
      0.0008974803203419532,
      0.0011021487901662695,
      0.0013350298374654435,
      0.0015995818857355943,
      0.0019012609329997702,
      0.002227372164430993,
      0.002570043436589206,
      0.002923236321655221,
      0.003272198751235988,
      0.003603689443279791,
      0.003909671627797823,
      0.004176278498373404,
      0.0043718505749991135,
      0.0044442044822948475,
      0.0043589285171035845,
      0.004089356171766239,
      0.0036762674164480167,
      0.003222781921610247,
      0.0030090849084921122,
      0.0033752225030264866,
      0.004057781732225439,
      0.0044695611132109314,
      0.004739104526213364,
      0.003517610850419105,
      0.0013027559097954493
   ],
   "Weighted B(r)": [
      9.445092163856042e-07,
      NaN,
      NaN,
      4.534326187371886e-06,
      NaN,
      NaN,
      9.816602342494693e-06,
      NaN,
      NaN,
      1.4908150248584762e-05,
      2.264226361665054e-05,
      2.9414283039734093e-05,
      3.5730704519408576e-05,
      4.775678631415167e-05,
      6.201058569672246e-05,
      7.429754409997301e-05,
      9.744034115424284e-05,
      0.00012540292634008677,
      0.00015044703113093044,
      0.00019069692468420813,
      0.00024193707868049743,
      0.0003084162859943241,
      0.0003785922484142719,
      0.0004783486545191654,
      0.0005913789185626633,
      0.0007294920695030386,
      0.0008974803203419532,
      0.0011021487901662695,
      0.0013350298374654435,
      0.0015995818857355943,
      0.0019012609329997702,
      0.002227372164430993,
      0.002570043436589206,
      0.002923236321655221,
      0.003272198751235988,
      0.003603689443279791,
      0.003909671627797823,
      0.004176278498373404,
      0.0043718505749991135,
      0.0044442044822948475,
      0.0043589285171035845,
      0.004089356171766239,
      0.0036762674164480167,
      0.003222781921610247,
      0.0030090849084921122,
      0.0033752225030264866,
      0.004057781732225439,
      0.0044695611132109314,
      0.004739104526213364,
      0.003517610850419105,
      0.0013027559097954493
   ],
   "Unweighted sigma^2": 0.0018137737029581022,
   "Apparent r0": 30.625478395839604
}