{
   "log10 r": [
      0.0,
      0.05,
      0.1,
      0.15000000000000002,
      0.2,
      0.25,
      0.30000000000000004,
      0.35000000000000003,
      0.4,
      0.45,
      0.5,
      0.55,
      0.6000000000000001,
      0.65,
      0.7000000000000001,
      0.75,
      0.8,
      0.8500000000000001,
      0.9,
      0.9500000000000001,
      1.0,
      1.05,
      1.1,
      1.1500000000000001,
      1.2000000000000002,
      1.25,
      1.3,
      1.35,
      1.4000000000000001,
      1.4500000000000002,
      1.5,
      1.55,
      1.6,
      1.6500000000000001,
      1.7000000000000002,
      1.75,
      1.8,
      1.85,
      1.9000000000000001,
      1.9500000000000002,
      2.0,
      2.0500000000000003,
      2.1,
      2.15,
      2.2,
      2.25,
      2.3000000000000003,
      2.35,
      2.4000000000000004,
      2.45,
      2.5
   ],
   "Sum dv^2": [
      30.418015924661276,
      0.0,
      0.0,
      143.48969708485282,
      0.0,
      0.0,
      827.7032049306252,
      0.0,
      0.0,
      822.5486479149199,
      1387.1706791037861,
      1774.4937595784406,
      3958.606821026011,
      6603.9863289612495,
      7136.19304752113,
      11930.5363495799,
      25694.26692422148,
      26138.151254646204,
      44288.063198619755,
      71401.87388455507,
      126766.91109997545,
      151388.67984150714,
      220603.89595676347,
      354607.33164910716,
      448307.5267746892,
      646088.965241251,
      922083.6052090268,
      1216964.9994828906,
      1594121.924676258,
      2075590.6004297412,
      2838069.6574578793,
      3440033.883211945,
      4626086.557044538,
      5656299.565614169,
      6968876.507873674,
      8228148.454125628,
      9578779.383947967,
      11402917.821533874,
      13261747.267543016,
      15564055.95866162,
      17768852.319728673,
      19159074.51408078,
      21350057.87879726,
      24173416.580400825,
      25800457.397462733,
      25346866.142321236,
      23451308.099885102,
      15812222.54801647,
      5916749.745361518,
      1570135.4880350078,
      196434.78855334173
   ],
   "Sum weights": [
      65280.0,
      0.0,
      0.0,
      130050.0,
      0.0,
      0.0,
      324104.0,
      0.0,
      0.0,
      193800.0,
      258060.0,
      257048.0,
      449570.0,
      575312.0,
      511036.0,
      700020.0,
      1203734.0,
      1007972.0,
      1445380.0,
      1937042.0,
      2859272.0,
      2897116.0,
      3674690.0,
      5155474.0,
      5773520.0,
      7491838.0,
      9701238.0,
      11757186.0,
      14320938.0,
      17540114.0,
      22734900.0,
      26303374.0,
      34062188.0,
      40733820.0,
      50149068.0,
      60431004.0,
      72289830.0,
      87731826.0,
      102476376.0,
      120332462.0,
      140368314.0,
      158782298.0,
      178392398.0,
      192781200.0,
      200564162.0,
      196929652.0,
      173862636.0,
      123283452.0,
      50816154.0,
      14282052.0,
      1557090.0
   ],
   "Sum w * dv^2": [
      30.418015924661276,
      0.0,
      0.0,
      143.48969708485282,
      0.0,
      0.0,
      827.7032049306252,
      0.0,
      0.0,
      822.5486479149199,
      1387.1706791037861,
      1774.4937595784406,
      3958.606821026011,
      6603.9863289612495,
      7136.19304752113,
      11930.5363495799,
      25694.26692422148,
      26138.151254646204,
      44288.063198619755,
      71401.87388455507,
      126766.91109997545,
      151388.67984150714,
      220603.89595676347,
      354607.33164910716,
      448307.5267746892,
      646088.965241251,
      922083.6052090268,
      1216964.9994828906,
      1594121.924676258,
      2075590.6004297412,
      2838069.6574578793,
      3440033.883211945,
      4626086.557044538,
      5656299.565614169,
      6968876.507873674,
      8228148.454125628,
      9578779.383947967,
      11402917.821533874,
      13261747.267543016,
      15564055.95866162,
      17768852.319728673,
      19159074.51408078,
      21350057.87879726,
      24173416.580400825,
      25800457.397462733,
      25346866.142321236,
      23451308.099885102,
      15812222.54801647,
      5916749.745361518,
      1570135.4880350078,
      196434.78855334173
   ],
   "N pairs": [
      65280,
      0,
      0,
      130050,
      0,
      0,
      324104,
      0,
      0,
      193800,
      258060,
      257048,
      449570,
      575312,
      511036,
      700020,
      1203734,
      1007972,
      1445380,
      1937042,
      2859272,
      2897116,
      3674690,
      5155474,
      5773520,
      7491838,
      9701238,
      11757186,
      14320938,
      17540114,
      22734900,
      26303374,
      34062188,
      40733820,
      50149068,
      60431004,
      72289830,
      87731826,
      102476376,
      120332462,
      140368314,
      158782298,
      178392398,
      192781200,
      200564162,
      196929652,
      173862636,
      123283452,
      50816154,
      14282052,
      1557090
   ],
   "Unweighted B(r)": [
      0.0004659622537478749,
      NaN,
      NaN,
      0.0011033425381380456,
      NaN,
      NaN,
      0.002553819776771114,
      NaN,
      NaN,
      0.004244317068704437,
      0.005375380450685059,
      0.006903355636217519,
      0.008805318017274308,
      0.011478965029342774,
      0.013964168957805575,
      0.017043136409788148,
      0.02134546911877664,
      0.025931425927154923,
      0.030641120811564955,
      0.03686129360362608,
      0.0443353801596964,
      0.05225495970527488,
      0.06003333504506869,
      0.0687826825717882,
      0.07764890859903303,
      0.08623904644511148,
      0.0950480346125955,
      0.10350818635368111,
      0.11131407207239204,
      0.11833392875495229,
      0.12483317091598728,
      0.1307829894070603,
      0.1358129594330387,
      0.13886003241567252,
      0.13896323073987485,
      0.13615773211587925,
      0.13250521385854644,
      0.12997470064664873,
      0.1294127269639494,
      0.1293421218179814,
      0.1265873459143256,
      0.12066253452309136,
      0.1196803121554387,
      0.12539301851218285,
      0.12863941962603834,
      0.12871025711415585,
      0.1348841167914025,
      0.1282590833684351,
      0.1164344264495404,
      0.10993766778296339,
      0.1261550639676202
   ],
   "Weighted B(r)": [
      0.0004659622537478749,
      NaN,
      NaN,
      0.0011033425381380456,
      NaN,
      NaN,
      0.002553819776771114,
      NaN,
      NaN,
      0.004244317068704437,
      0.005375380450685059,
      0.006903355636217519,
      0.008805318017274308,
      0.011478965029342774,
      0.013964168957805575,
      0.017043136409788148,
      0.02134546911877664,
      0.025931425927154923,
      0.030641120811564955,
      0.03686129360362608,
      0.0443353801596964,
      0.05225495970527488,
      0.06003333504506869,
      0.0687826825717882,
      0.07764890859903303,
      0.08623904644511148,
      0.0950480346125955,
      0.10350818635368111,
      0.11131407207239204,
      0.11833392875495229,
      0.12483317091598728,
      0.1307829894070603,
      0.1358129594330387,
      0.13886003241567252,
      0.13896323073987485,
      0.13615773211587925,
      0.13250521385854644,
      0.12997470064664873,
      0.1294127269639494,
      0.1293421218179814,
      0.1265873459143256,
      0.12066253452309136,
      0.1196803121554387,
      0.12539301851218285,
      0.12863941962603834,
      0.12871025711415585,
      0.1348841167914025,
      0.1282590833684351,
      0.1164344264495404,
      0.10993766778296339,
      0.1261550639676202
   ],
   "Unweighted sigma^2": 0.06311137310893944,
   "Apparent r0": 13.12966469195855
}