{
   "log10 r": [
      0.0,
      0.05,
      0.1,
      0.15000000000000002,
      0.2,
      0.25,
      0.30000000000000004,
      0.35000000000000003,
      0.4,
      0.45,
      0.5,
      0.55,
      0.6000000000000001,
      0.65,
      0.7000000000000001,
      0.75,
      0.8,
      0.8500000000000001,
      0.9,
      0.9500000000000001,
      1.0,
      1.05,
      1.1,
      1.1500000000000001,
      1.2000000000000002,
      1.25,
      1.3,
      1.35,
      1.4000000000000001,
      1.4500000000000002,
      1.5,
      1.55,
      1.6,
      1.6500000000000001,
      1.7000000000000002,
      1.75,
      1.8,
      1.85,
      1.9000000000000001,
      1.9500000000000002,
      2.0,
      2.0500000000000003,
      2.1,
      2.15,
      2.2,
      2.25,
      2.3000000000000003,
      2.35,
      2.4000000000000004,
      2.45,
      2.5
   ],
   "Sum dv^2": [
      93.65996106174234,
      0.0,
      0.0,
      427.57750492315705,
      0.0,
      0.0,
      2414.6966990111864,
      0.0,
      0.0,
      2344.544927514333,
      3866.857883793423,
      4836.530641244962,
      10504.107519699677,
      16859.231911113675,
      17647.91777693723,
      28351.3838587234,
      57931.2341329187,
      55967.242260832776,
      90375.83808709736,
      137316.42089068226,
      229073.17836498286,
      257717.73983390295,
      357332.71303212387,
      546761.9391225722,
      663277.9081348873,
      922713.0717155561,
      1277827.355389785,
      1643847.2587885936,
      2106859.907645882,
      2690439.024513621,
      3611305.627198617,
      4316727.570959599,
      5755473.793043181,
      6990433.677616211,
      8574237.15879779,
      10132688.363718428,
      11856400.718097745,
      14156235.849550605,
      16467853.960645847,
      19360502.720513582,
      22253465.18899016,
      24161205.0921158,
      27096632.17497673,
      30565783.23399675,
      32561602.924888715,
      32022970.871421296,
      29558770.17073361,
      19919086.65346941,
      7639854.323574023,
      2060872.2756526126,
      273225.49750138994
   ],
   "Sum weights": [
      65280.0,
      0.0,
      0.0,
      130050.0,
      0.0,
      0.0,
      324104.0,
      0.0,
      0.0,
      193800.0,
      258060.0,
      257048.0,
      449570.0,
      575312.0,
      511036.0,
      700020.0,
      1203734.0,
      1007972.0,
      1445380.0,
      1937042.0,
      2859272.0,
      2897116.0,
      3674690.0,
      5155474.0,
      5773520.0,
      7491838.0,
      9701238.0,
      11757186.0,
      14320938.0,
      17540114.0,
      22734900.0,
      26303374.0,
      34062188.0,
      40733820.0,
      50149068.0,
      60431004.0,
      72289830.0,
      87731826.0,
      102476376.0,
      120332462.0,
      140368314.0,
      158782298.0,
      178392398.0,
      192781200.0,
      200564162.0,
      196929652.0,
      173862636.0,
      123283452.0,
      50816154.0,
      14282052.0,
      1557090.0
   ],
   "Sum w * dv^2": [
      93.65996106174234,
      0.0,
      0.0,
      427.57750492315705,
      0.0,
      0.0,
      2414.6966990111864,
      0.0,
      0.0,
      2344.544927514333,
      3866.857883793423,
      4836.530641244962,
      10504.107519699677,
      16859.231911113675,
      17647.91777693723,
      28351.3838587234,
      57931.2341329187,
      55967.242260832776,
      90375.83808709736,
      137316.42089068226,
      229073.17836498286,
      257717.73983390295,
      357332.71303212387,
      546761.9391225722,
      663277.9081348873,
      922713.0717155561,
      1277827.355389785,
      1643847.2587885936,
      2106859.907645882,
      2690439.024513621,
      3611305.627198617,
      4316727.570959599,
      5755473.793043181,
      6990433.677616211,
      8574237.15879779,
      10132688.363718428,
      11856400.718097745,
      14156235.849550605,
      16467853.960645847,
      19360502.720513582,
      22253465.18899016,
      24161205.0921158,
      27096632.17497673,
      30565783.23399675,
      32561602.924888715,
      32022970.871421296,
      29558770.17073361,
      19919086.65346941,
      7639854.323574023,
      2060872.2756526126,
      273225.49750138994
   ],
   "N pairs": [
      65280,
      0,
      0,
      130050,
      0,
      0,
      324104,
      0,
      0,
      193800,
      258060,
      257048,
      449570,
      575312,
      511036,
      700020,
      1203734,
      1007972,
      1445380,
      1937042,
      2859272,
      2897116,
      3674690,
      5155474,
      5773520,
      7491838,
      9701238,
      11757186,
      14320938,
      17540114,
      22734900,
      26303374,
      34062188,
      40733820,
      50149068,
      60431004,
      72289830,
      87731826,
      102476376,
      120332462,
      140368314,
      158782298,
      178392398,
      192781200,
      200564162,
      196929652,
      173862636,
      123283452,
      50816154,
      14282052,
      1557090
   ],
   "Unweighted B(r)": [
      0.0014347420505781607,
      NaN,
      NaN,
      0.0032877931943341566,
      NaN,
      NaN,
      0.007450376110789088,
      NaN,
      NaN,
      0.012097755043933605,
      0.01498433652558871,
      0.0188156711635374,
      0.02336478750739524,
      0.02930450244582709,
      0.03453360972013171,
      0.04050081977475415,
      0.04812627551678252,
      0.055524600148449337,
      0.06252738939731929,
      0.07088974884937047,
      0.08011591005157356,
      0.08895665200630659,
      0.09724159399354064,
      0.10605464000450243,
      0.11488275924130986,
      0.12316244314353247,
      0.13171796789129234,
      0.1398163862329467,
      0.14711745191871387,
      0.15338777299358608,
      0.15884413950352178,
      0.16411307427555108,
      0.16896958566029818,
      0.171612524374493,
      0.17097500513464756,
      0.16767367233743838,
      0.16401201549509445,
      0.1613580441099061,
      0.160699027458249,
      0.16089176934245375,
      0.15853624336465394,
      0.15216560911667748,
      0.15189342415239426,
      0.15855168052692248,
      0.16235005596308236,
      0.1626112195202645,
      0.17001220532934752,
      0.16157145448417043,
      0.150343025242997,
      0.14429805154417674,
      0.17547187221123373
   ],
   "Weighted B(r)": [
      0.0014347420505781607,
      NaN,
      NaN,
      0.0032877931943341566,
      NaN,
      NaN,
      0.007450376110789088,
      NaN,
      NaN,
      0.012097755043933605,
      0.01498433652558871,
      0.0188156711635374,
      0.02336478750739524,
      0.02930450244582709,
      0.03453360972013171,
      0.04050081977475415,
      0.04812627551678252,
      0.055524600148449337,
      0.06252738939731929,
      0.07088974884937047,
      0.08011591005157356,
      0.08895665200630659,
      0.09724159399354064,
      0.10605464000450243,
      0.11488275924130986,
      0.12316244314353247,
      0.13171796789129234,
      0.1398163862329467,
      0.14711745191871387,
      0.15338777299358608,
      0.15884413950352178,
      0.16411307427555108,
      0.16896958566029818,
      0.171612524374493,
      0.17097500513464756,
      0.16767367233743838,
      0.16401201549509445,
      0.1613580441099061,
      0.160699027458249,
      0.16089176934245375,
      0.15853624336465394,
      0.15216560911667748,
      0.15189342415239426,
      0.15855168052692248,
      0.16235005596308236,
      0.1626112195202645,
      0.17001220532934752,
      0.16157145448417043,
      0.150343025242997,
      0.14429805154417674,
      0.17547187221123373
   ],
   "Unweighted sigma^2": 0.07956427910772215,
   "Apparent r0": 9.934979081412633
}