{
   "log10 r": [
      0.0,
      0.05,
      0.1,
      0.15000000000000002,
      0.2,
      0.25,
      0.30000000000000004,
      0.35000000000000003,
      0.4,
      0.45,
      0.5,
      0.55,
      0.6000000000000001,
      0.65,
      0.7000000000000001,
      0.75,
      0.8,
      0.8500000000000001,
      0.9,
      0.9500000000000001,
      1.0,
      1.05,
      1.1,
      1.1500000000000001,
      1.2000000000000002,
      1.25,
      1.3,
      1.35,
      1.4000000000000001,
      1.4500000000000002,
      1.5,
      1.55,
      1.6,
      1.6500000000000001,
      1.7000000000000002,
      1.75,
      1.8,
      1.85,
      1.9000000000000001,
      1.9500000000000002,
      2.0,
      2.0500000000000003,
      2.1,
      2.15,
      2.2,
      2.25,
      2.3000000000000003,
      2.35,
      2.4000000000000004,
      2.45,
      2.5
   ],
   "Sum dv^2": [
      0.3098824940620959,
      0.0,
      0.0,
      2.4636216921211695,
      0.0,
      0.0,
      13.474418356737537,
      0.0,
      0.0,
      12.466737544364234,
      24.30069226638947,
      31.314950222614698,
      67.23794774088962,
      114.21735079194137,
      130.26268427620164,
      214.20277002642106,
      478.0148766137634,
      508.1511579129194,
      870.695859334758,
      1459.4643216087177,
      2694.82860662268,
      3405.923760390013,
      5197.928611195696,
      8940.662734155092,
      11996.737411333987,
      18473.03363100256,
      28146.124378317458,
      39735.86218916967,
      55410.95196243403,
      76515.98138352289,
      110392.47183210283,
      139923.9053913892,
      195304.3395398798,
      248452.76932192035,
      322537.98437609605,
      407937.46740545874,
      512792.47491009376,
      653531.8841753838,
      792248.5624916123,
      940431.4686321089,
      1076551.4208672724,
      1156229.810313425,
      1211737.9753072702,
      1208289.7046520098,
      1174773.0915693117,
      1308437.8332420136,
      1362975.354652772,
      1036609.3194529241,
      457058.56119194505,
      98340.22747772188,
      6957.593070995896
   ],
   "Sum weights": [
      65280.0,
      0.0,
      0.0,
      130050.0,
      0.0,
      0.0,
      324104.0,
      0.0,
      0.0,
      193800.0,
      258060.0,
      257048.0,
      449570.0,
      575312.0,
      511036.0,
      700020.0,
      1203734.0,
      1007972.0,
      1445380.0,
      1937042.0,
      2859272.0,
      2897116.0,
      3674690.0,
      5155474.0,
      5773520.0,
      7491838.0,
      9701238.0,
      11757186.0,
      14320938.0,
      17540114.0,
      22734900.0,
      26303374.0,
      34062188.0,
      40733820.0,
      50149068.0,
      60431004.0,
      72289830.0,
      87731826.0,
      102476376.0,
      120332462.0,
      140368314.0,
      158782298.0,
      178392398.0,
      192781200.0,
      200564162.0,
      196929652.0,
      173862636.0,
      123283452.0,
      50816154.0,
      14282052.0,
      1557090.0
   ],
   "Sum w * dv^2": [
      0.3098824940620959,
      0.0,
      0.0,
      2.4636216921211695,
      0.0,
      0.0,
      13.474418356737537,
      0.0,
      0.0,
      12.466737544364234,
      24.30069226638947,
      31.314950222614698,
      67.23794774088962,
      114.21735079194137,
      130.26268427620164,
      214.20277002642106,
      478.0148766137634,
      508.1511579129194,
      870.695859334758,
      1459.4643216087177,
      2694.82860662268,
      3405.923760390013,
      5197.928611195696,
      8940.662734155092,
      11996.737411333987,
      18473.03363100256,
      28146.124378317458,
      39735.86218916967,
      55410.95196243403,
      76515.98138352289,
      110392.47183210283,
      139923.9053913892,
      195304.3395398798,
      248452.76932192035,
      322537.98437609605,
      407937.46740545874,
      512792.47491009376,
      653531.8841753838,
      792248.5624916123,
      940431.4686321089,
      1076551.4208672724,
      1156229.810313425,
      1211737.9753072702,
      1208289.7046520098,
      1174773.0915693117,
      1308437.8332420136,
      1362975.354652772,
      1036609.3194529241,
      457058.56119194505,
      98340.22747772188,
      6957.593070995896
   ],
   "N pairs": [
      65280,
      0,
      0,
      130050,
      0,
      0,
      324104,
      0,
      0,
      193800,
      258060,
      257048,
      449570,
      575312,
      511036,
      700020,
      1203734,
      1007972,
      1445380,
      1937042,
      2859272,
      2897116,
      3674690,
      5155474,
      5773520,
      7491838,
      9701238,
      11757186,
      14320938,
      17540114,
      22734900,
      26303374,
      34062188,
      40733820,
      50149068,
      60431004,
      72289830,
      87731826,
      102476376,
      120332462,
      140368314,
      158782298,
      178392398,
      192781200,
      200564162,
      196929652,
      173862636,
      123283452,
      50816154,
      14282052,
      1557090
   ],
   "Unweighted B(r)": [
      4.74697448011789e-06,
      NaN,
      NaN,
      1.894365007398054e-05,
      NaN,
      NaN,
      4.1574366119324465e-05,
      NaN,
      NaN,
      6.432785110611059e-05,
      9.41668304517921e-05,
      0.00012182530197711983,
      0.0001495605750848358,
      0.00019853114621621202,
      0.00025489923268850264,
      0.00030599521446018836,
      0.00039711005638601505,
      0.0005041322158878614,
      0.0006023992717034675,
      0.000753450013788404,
      0.000942487670505877,
      0.001175625608498249,
      0.0014145216633772361,
      0.0017342077050830035,
      0.002077889642944683,
      0.0024657545492845095,
      0.002901292018432849,
      0.0033797085619951634,
      0.0038692264405050863,
      0.0043623423076681765,
      0.0048556392080942885,
      0.0053196181368743494,
      0.00573375790010553,
      0.006099422281581259,
      0.006431584817809496,
      0.006750466489113084,
      0.007093563159715465,
      0.007449199611727947,
      0.007731036102326767,
      0.007815276551327513,
      0.007669476039067281,
      0.007281855879887977,
      0.0067925426693758,
      0.006267673946691948,
      0.005857343006121461,
      0.00664418902868936,
      0.007839380478809558,
      0.008408341124751471,
      0.008994355637224042,
      0.006885581111014152,
      0.00446833071370049
   ],
   "Weighted B(r)": [
      4.74697448011789e-06,
      NaN,
      NaN,
      1.894365007398054e-05,
      NaN,
      NaN,
      4.1574366119324465e-05,
      NaN,
      NaN,
      6.432785110611059e-05,
      9.41668304517921e-05,
      0.00012182530197711983,
      0.0001495605750848358,
      0.00019853114621621202,
      0.00025489923268850264,
      0.00030599521446018836,
      0.00039711005638601505,
      0.0005041322158878614,
      0.0006023992717034675,
      0.000753450013788404,
      0.000942487670505877,
      0.001175625608498249,
      0.0014145216633772361,
      0.0017342077050830035,
      0.002077889642944683,
      0.0024657545492845095,
      0.002901292018432849,
      0.0033797085619951634,
      0.0038692264405050863,
      0.0043623423076681765,
      0.0048556392080942885,
      0.0053196181368743494,
      0.00573375790010553,
      0.006099422281581259,
      0.006431584817809496,
      0.006750466489113084,
      0.007093563159715465,
      0.007449199611727947,
      0.007731036102326767,
      0.007815276551327513,
      0.007669476039067281,
      0.007281855879887977,
      0.0067925426693758,
      0.006267673946691948,
      0.005857343006121461,
      0.00664418902868936,
      0.007839380478809558,
      0.008408341124751471,
      0.008994355637224042,
      0.006885581111014152,
      0.00446833071370049
   ],
   "Unweighted sigma^2": 0.0034295858671241596,
   "Apparent r0": 22.665541335718224
}