{
   "log10 r": [
      0.0,
      0.05,
      0.1,
      0.15000000000000002,
      0.2,
      0.25,
      0.30000000000000004,
      0.35000000000000003,
      0.4,
      0.45,
      0.5,
      0.55,
      0.6000000000000001,
      0.65,
      0.7000000000000001,
      0.75,
      0.8,
      0.8500000000000001,
      0.9,
      0.9500000000000001,
      1.0,
      1.05,
      1.1,
      1.1500000000000001,
      1.2000000000000002,
      1.25,
      1.3,
      1.35,
      1.4000000000000001,
      1.4500000000000002,
      1.5,
      1.55,
      1.6,
      1.6500000000000001,
      1.7000000000000002,
      1.75,
      1.8,
      1.85,
      1.9000000000000001,
      1.9500000000000002,
      2.0,
      2.0500000000000003,
      2.1,
      2.15,
      2.2,
      2.25,
      2.3000000000000003,
      2.35,
      2.4000000000000004,
      2.45,
      2.5
   ],
   "Sum dv^2": [
      6.006138456361243,
      0.0,
      0.0,
      34.34559632418835,
      0.0,
      0.0,
      193.58950620057288,
      0.0,
      0.0,
      186.91444774017836,
      334.05134054071937,
      428.5715787989382,
      939.2687273913232,
      1577.5387250660237,
      1738.499286191137,
      2882.307646652013,
      6281.6973573900805,
      6489.915639116909,
      11002.896516664146,
      17944.567996914167,
      32184.997247963052,
      39119.57460185431,
      57752.782962249476,
      94780.74900532677,
      121973.55833711842,
      179386.43823175965,
      261210.5661841663,
      351313.679274692,
      467907.75242617866,
      616024.0820328419,
      846481.7958017495,
      1022899.488670544,
      1366292.8382074344,
      1664246.812759125,
      2061342.1659302413,
      2484898.062806142,
      2982945.3767365636,
      3675329.506311533,
      4374653.632263593,
      5208035.346877119,
      6157008.373851815,
      7012065.944461379,
      7644472.618184946,
      7781350.9786569355,
      8373157.203129747,
      8834476.268240321,
      7245737.161264983,
      5627648.512132911,
      2958666.5311783007,
      756954.2559564764,
      35843.50708813922
   ],
   "Sum weights": [
      65280.0,
      0.0,
      0.0,
      130050.0,
      0.0,
      0.0,
      324104.0,
      0.0,
      0.0,
      193800.0,
      258060.0,
      257048.0,
      449570.0,
      575312.0,
      511036.0,
      700020.0,
      1203734.0,
      1007972.0,
      1445380.0,
      1937042.0,
      2859272.0,
      2897116.0,
      3674690.0,
      5155474.0,
      5773520.0,
      7491838.0,
      9701238.0,
      11757186.0,
      14320938.0,
      17540114.0,
      22734900.0,
      26303374.0,
      34062188.0,
      40733820.0,
      50149068.0,
      60431004.0,
      72289830.0,
      87731826.0,
      102476376.0,
      120332462.0,
      140368314.0,
      158782298.0,
      178392398.0,
      192781200.0,
      200564162.0,
      196929652.0,
      173862636.0,
      123283452.0,
      50816154.0,
      14282052.0,
      1557090.0
   ],
   "Sum w * dv^2": [
      6.006138456361243,
      0.0,
      0.0,
      34.34559632418835,
      0.0,
      0.0,
      193.58950620057288,
      0.0,
      0.0,
      186.91444774017836,
      334.05134054071937,
      428.5715787989382,
      939.2687273913232,
      1577.5387250660237,
      1738.499286191137,
      2882.307646652013,
      6281.6973573900805,
      6489.915639116909,
      11002.896516664146,
      17944.567996914167,
      32184.997247963052,
      39119.57460185431,
      57752.782962249476,
      94780.74900532677,
      121973.55833711842,
      179386.43823175965,
      261210.5661841663,
      351313.679274692,
      467907.75242617866,
      616024.0820328419,
      846481.7958017495,
      1022899.488670544,
      1366292.8382074344,
      1664246.812759125,
      2061342.1659302413,
      2484898.062806142,
      2982945.3767365636,
      3675329.506311533,
      4374653.632263593,
      5208035.346877119,
      6157008.373851815,
      7012065.944461379,
      7644472.618184946,
      7781350.9786569355,
      8373157.203129747,
      8834476.268240321,
      7245737.161264983,
      5627648.512132911,
      2958666.5311783007,
      756954.2559564764,
      35843.50708813922
   ],
   "N pairs": [
      65280,
      0,
      0,
      130050,
      0,
      0,
      324104,
      0,
      0,
      193800,
      258060,
      257048,
      449570,
      575312,
      511036,
      700020,
      1203734,
      1007972,
      1445380,
      1937042,
      2859272,
      2897116,
      3674690,
      5155474,
      5773520,
      7491838,
      9701238,
      11757186,
      14320938,
      17540114,
      22734900,
      26303374,
      34062188,
      40733820,
      50149068,
      60431004,
      72289830,
      87731826,
      102476376,
      120332462,
      140368314,
      158782298,
      178392398,
      192781200,
      200564162,
      196929652,
      173862636,
      123283452,
      50816154,
      14282052,
      1557090
   ],
   "Unweighted B(r)": [
      9.200579743200434e-05,
      NaN,
      NaN,
      0.0002640953196784956,
      NaN,
      NaN,
      0.0005973067478357961,
      NaN,
      NaN,
      0.0009644708345726438,
      0.0012944715978482498,
      0.0016672822927972137,
      0.0020892602428794695,
      0.0027420577444343657,
      0.003401911579988762,
      0.004117464710511147,
      0.005218509535653292,
      0.0064385872217848404,
      0.007612459364778914,
      0.009263902381525113,
      0.011256360796721352,
      0.013502936921357069,
      0.015716368717429083,
      0.01838448782892257,
      0.021126376688245373,
      0.023944249492816,
      0.026925487879399135,
      0.029880762222753984,
      0.032672982204530084,
      0.03512087105208335,
      0.037232703719908576,
      0.03888852771019201,
      0.040111716787172756,
      0.04085663492299826,
      0.041104296612855126,
      0.04111958925597434,
      0.041263693340219,
      0.04189277339686892,
      0.04268938659836676,
      0.04328038552786461,
      0.04386323521597485,
      0.04416150939232143,
      0.04285200885177263,
      0.04036364011976757,
      0.04174802277552331,
      0.04486107693035644,
      0.041675067903980144,
      0.04564804457400261,
      0.05822295270866624,
      0.05300038509567648,
      0.02301954741738706
   ],
   "Weighted B(r)": [
      9.200579743200434e-05,
      NaN,
      NaN,
      0.0002640953196784956,
      NaN,
      NaN,
      0.0005973067478357961,
      NaN,
      NaN,
      0.0009644708345726438,
      0.0012944715978482498,
      0.0016672822927972137,
      0.0020892602428794695,
      0.0027420577444343657,
      0.003401911579988762,
      0.004117464710511147,
      0.005218509535653292,
      0.0064385872217848404,
      0.007612459364778914,
      0.009263902381525113,
      0.011256360796721352,
      0.013502936921357069,
      0.015716368717429083,
      0.01838448782892257,
      0.021126376688245373,
      0.023944249492816,
      0.026925487879399135,
      0.029880762222753984,
      0.032672982204530084,
      0.03512087105208335,
      0.037232703719908576,
      0.03888852771019201,
      0.040111716787172756,
      0.04085663492299826,
      0.041104296612855126,
      0.04111958925597434,
      0.041263693340219,
      0.04189277339686892,
      0.04268938659836676,
      0.04328038552786461,
      0.04386323521597485,
      0.04416150939232143,
      0.04285200885177263,
      0.04036364011976757,
      0.04174802277552331,
      0.04486107693035644,
      0.041675067903980144,
      0.04564804457400261,
      0.05822295270866624,
      0.05300038509567648,
      0.02301954741738706
   ],
   "Unweighted sigma^2": 0.021124185879898175,
   "Apparent r0": 15.84755477837603
}