{
   "log10 r": [
      0.0,
      0.05,
      0.1,
      0.15000000000000002,
      0.2,
      0.25,
      0.30000000000000004,
      0.35000000000000003,
      0.4,
      0.45,
      0.5,
      0.55,
      0.6000000000000001,
      0.65,
      0.7000000000000001,
      0.75,
      0.8,
      0.8500000000000001,
      0.9,
      0.9500000000000001,
      1.0,
      1.05,
      1.1,
      1.1500000000000001,
      1.2000000000000002,
      1.25,
      1.3,
      1.35,
      1.4000000000000001,
      1.4500000000000002,
      1.5,
      1.55,
      1.6,
      1.6500000000000001,
      1.7000000000000002,
      1.75,
      1.8,
      1.85,
      1.9000000000000001,
      1.9500000000000002,
      2.0,
      2.0500000000000003,
      2.1,
      2.15,
      2.2,
      2.25,
      2.3000000000000003,
      2.35,
      2.4000000000000004,
      2.45,
      2.5
   ],
   "Sum dv^2": [
      1.6074821701120519,
      0.0,
      0.0,
      9.747732523677252,
      0.0,
      0.0,
      54.463558775922486,
      0.0,
      0.0,
      51.94373684699982,
      94.4708736671473,
      120.81974695073927,
      263.01840582458016,
      440.089007293236,
      487.90395625282645,
      801.9430232817358,
      1742.536258811362,
      1794.12616792332,
      3024.5278020930173,
      4898.273366030711,
      8709.297274039336,
      10471.065763282251,
      15279.89611566569,
      24722.051049345653,
      31314.466807075176,
      45220.59229308248,
      64597.387068288444,
      85095.43107965498,
      111202.90525276374,
      143792.20132793265,
      194519.6075269896,
      232339.18787417974,
      308156.8262973382,
      374706.6179713763,
      465441.41646169027,
      562484.558812721,
      669941.8471664372,
      809952.3171247651,
      957807.0124687795,
      1146363.3063295225,
      1354344.7092921725,
      1551913.7560445783,
      1724160.5516728614,
      1805027.0859873106,
      1869573.0395404927,
      1834765.4650439275,
      1537479.5628913175,
      1225557.897209105,
      635891.6818944805,
      162145.51781459662,
      8238.689900334846
   ],
   "Sum weights": [
      65280.0,
      0.0,
      0.0,
      130050.0,
      0.0,
      0.0,
      324104.0,
      0.0,
      0.0,
      193800.0,
      258060.0,
      257048.0,
      449570.0,
      575312.0,
      511036.0,
      700020.0,
      1203734.0,
      1007972.0,
      1445380.0,
      1937042.0,
      2859272.0,
      2897116.0,
      3674690.0,
      5155474.0,
      5773520.0,
      7491838.0,
      9701238.0,
      11757186.0,
      14320938.0,
      17540114.0,
      22734900.0,
      26303374.0,
      34062188.0,
      40733820.0,
      50149068.0,
      60431004.0,
      72289830.0,
      87731826.0,
      102476376.0,
      120332462.0,
      140368314.0,
      158782298.0,
      178392398.0,
      192781200.0,
      200564162.0,
      196929652.0,
      173862636.0,
      123283452.0,
      50816154.0,
      14282052.0,
      1557090.0
   ],
   "Sum w * dv^2": [
      1.6074821701120519,
      0.0,
      0.0,
      9.747732523677252,
      0.0,
      0.0,
      54.463558775922486,
      0.0,
      0.0,
      51.94373684699982,
      94.4708736671473,
      120.81974695073927,
      263.01840582458016,
      440.089007293236,
      487.90395625282645,
      801.9430232817358,
      1742.536258811362,
      1794.12616792332,
      3024.5278020930173,
      4898.273366030711,
      8709.297274039336,
      10471.065763282251,
      15279.89611566569,
      24722.051049345653,
      31314.466807075176,
      45220.59229308248,
      64597.387068288444,
      85095.43107965498,
      111202.90525276374,
      143792.20132793265,
      194519.6075269896,
      232339.18787417974,
      308156.8262973382,
      374706.6179713763,
      465441.41646169027,
      562484.558812721,
      669941.8471664372,
      809952.3171247651,
      957807.0124687795,
      1146363.3063295225,
      1354344.7092921725,
      1551913.7560445783,
      1724160.5516728614,
      1805027.0859873106,
      1869573.0395404927,
      1834765.4650439275,
      1537479.5628913175,
      1225557.897209105,
      635891.6818944805,
      162145.51781459662,
      8238.689900334846
   ],
   "N pairs": [
      65280,
      0,
      0,
      130050,
      0,
      0,
      324104,
      0,
      0,
      193800,
      258060,
      257048,
      449570,
      575312,
      511036,
      700020,
      1203734,
      1007972,
      1445380,
      1937042,
      2859272,
      2897116,
      3674690,
      5155474,
      5773520,
      7491838,
      9701238,
      11757186,
      14320938,
      17540114,
      22734900,
      26303374,
      34062188,
      40733820,
      50149068,
      60431004,
      72289830,
      87731826,
      102476376,
      120332462,
      140368314,
      158782298,
      178392398,
      192781200,
      200564162,
      196929652,
      173862636,
      123283452,
      50816154,
      14282052,
      1557090
   ],
   "Unweighted B(r)": [
      2.462442049804001e-05,
      NaN,
      NaN,
      7.495372951693388e-05,
      NaN,
      NaN,
      0.00016804346375213662,
      NaN,
      NaN,
      0.0002680275379102158,
      0.00036608104187842866,
      0.0004700279595668485,
      0.0005850443886927067,
      0.0007649571142149582,
      0.0009547350015514102,
      0.0011456001589693664,
      0.0014476090721134087,
      0.0017799365140334453,
      0.0020925485353976234,
      0.002528738853380934,
      0.0030459841785039467,
      0.003614306697861684,
      0.004158145616546073,
      0.00479530127575964,
      0.005423808492405876,
      0.006035981062735537,
      0.006658674600941493,
      0.007237737931479095,
      0.007765057376322958,
      0.008197905744964522,
      0.008555991340493672,
      0.008833056469264352,
      0.009046888775827853,
      0.009198906902700907,
      0.009281157856446908,
      0.009307880418679144,
      0.00926744255957494,
      0.009232137914521068,
      0.009346612847323752,
      0.009526633854873862,
      0.009648507349686999,
      0.009773846175501115,
      0.009664988928916474,
      0.00936308668058561,
      0.009321570817524681,
      0.009316857296045634,
      0.008843070588733726,
      0.009940976484087297,
      0.012513573575333553,
      0.011353096726898671,
      0.005291081376371852
   ],
   "Weighted B(r)": [
      2.462442049804001e-05,
      NaN,
      NaN,
      7.495372951693388e-05,
      NaN,
      NaN,
      0.00016804346375213662,
      NaN,
      NaN,
      0.0002680275379102158,
      0.00036608104187842866,
      0.0004700279595668485,
      0.0005850443886927067,
      0.0007649571142149582,
      0.0009547350015514102,
      0.0011456001589693664,
      0.0014476090721134087,
      0.0017799365140334453,
      0.0020925485353976234,
      0.002528738853380934,
      0.0030459841785039467,
      0.003614306697861684,
      0.004158145616546073,
      0.00479530127575964,
      0.005423808492405876,
      0.006035981062735537,
      0.006658674600941493,
      0.007237737931479095,
      0.007765057376322958,
      0.008197905744964522,
      0.008555991340493672,
      0.008833056469264352,
      0.009046888775827853,
      0.009198906902700907,
      0.009281157856446908,
      0.009307880418679144,
      0.00926744255957494,
      0.009232137914521068,
      0.009346612847323752,
      0.009526633854873862,
      0.009648507349686999,
      0.009773846175501115,
      0.009664988928916474,
      0.00936308668058561,
      0.009321570817524681,
      0.009316857296045634,
      0.008843070588733726,
      0.009940976484087297,
      0.012513573575333553,
      0.011353096726898671,
      0.005291081376371852
   ],
   "Unweighted sigma^2": 0.004671292437152998,
   "Apparent r0": 13.826402002101279
}