{
   "log10 r": [
      0.0,
      0.05,
      0.1,
      0.15000000000000002,
      0.2,
      0.25,
      0.30000000000000004,
      0.35000000000000003,
      0.4,
      0.45,
      0.5,
      0.55,
      0.6000000000000001,
      0.65,
      0.7000000000000001,
      0.75,
      0.8,
      0.8500000000000001,
      0.9,
      0.9500000000000001,
      1.0,
      1.05,
      1.1,
      1.1500000000000001,
      1.2000000000000002,
      1.25,
      1.3,
      1.35,
      1.4000000000000001,
      1.4500000000000002,
      1.5,
      1.55,
      1.6,
      1.6500000000000001,
      1.7000000000000002,
      1.75,
      1.8,
      1.85,
      1.9000000000000001,
      1.9500000000000002,
      2.0,
      2.0500000000000003,
      2.1,
      2.15,
      2.2,
      2.25,
      2.3000000000000003,
      2.35,
      2.4000000000000004,
      2.45,
      2.5
   ],
   "Sum dv^2": [
      39.59589659818685,
      0.0,
      0.0,
      182.39465174110526,
      0.0,
      0.0,
      961.3437503325246,
      0.0,
      0.0,
      870.6427104010196,
      1408.8676489488125,
      1689.574469175068,
      3472.50050014994,
      5287.366579263117,
      5330.681678709391,
      8173.622834506287,
      15945.42380215835,
      14825.802461111745,
      23105.55945946039,
      33896.44768412768,
      54659.58532934389,
      59796.12612865934,
      81023.96874484743,
      121438.71948894404,
      144860.88714040816,
      198585.61416202137,
      271302.26732161175,
      344309.668542695,
      436370.5234233256,
      550550.3120349476,
      730380.5893228474,
      859846.4172145752,
      1128521.9091194451,
      1366582.810479457,
      1703413.0258105048,
      2085673.8659894967,
      2581434.2306075254,
      3295285.6601289655,
      4033102.101627442,
      4948494.258807261,
      5921466.248108506,
      6822167.598572619,
      7770817.902555577,
      8405757.709189681,
      8724240.16039042,
      8430937.876925906,
      7164946.238024544,
      4798879.0533549525,
      1923259.987823234,
      553834.3768225509,
      52688.312076371636
   ],
   "Sum weights": [
      65280.0,
      0.0,
      0.0,
      130050.0,
      0.0,
      0.0,
      324104.0,
      0.0,
      0.0,
      193800.0,
      258060.0,
      257048.0,
      449570.0,
      575312.0,
      511036.0,
      700020.0,
      1203734.0,
      1007972.0,
      1445380.0,
      1937042.0,
      2859272.0,
      2897116.0,
      3674690.0,
      5155474.0,
      5773520.0,
      7491838.0,
      9701238.0,
      11757186.0,
      14320938.0,
      17540114.0,
      22734900.0,
      26303374.0,
      34062188.0,
      40733820.0,
      50149068.0,
      60431004.0,
      72289830.0,
      87731826.0,
      102476376.0,
      120332462.0,
      140368314.0,
      158782298.0,
      178392398.0,
      192781200.0,
      200564162.0,
      196929652.0,
      173862636.0,
      123283452.0,
      50816154.0,
      14282052.0,
      1557090.0
   ],
   "Sum w * dv^2": [
      39.59589659818685,
      0.0,
      0.0,
      182.39465174110526,
      0.0,
      0.0,
      961.3437503325246,
      0.0,
      0.0,
      870.6427104010196,
      1408.8676489488125,
      1689.574469175068,
      3472.50050014994,
      5287.366579263117,
      5330.681678709391,
      8173.622834506287,
      15945.42380215835,
      14825.802461111745,
      23105.55945946039,
      33896.44768412768,
      54659.58532934389,
      59796.12612865934,
      81023.96874484743,
      121438.71948894404,
      144860.88714040816,
      198585.61416202137,
      271302.26732161175,
      344309.668542695,
      436370.5234233256,
      550550.3120349476,
      730380.5893228474,
      859846.4172145752,
      1128521.9091194451,
      1366582.810479457,
      1703413.0258105048,
      2085673.8659894967,
      2581434.2306075254,
      3295285.6601289655,
      4033102.101627442,
      4948494.258807261,
      5921466.248108506,
      6822167.598572619,
      7770817.902555577,
      8405757.709189681,
      8724240.16039042,
      8430937.876925906,
      7164946.238024544,
      4798879.0533549525,
      1923259.987823234,
      553834.3768225509,
      52688.312076371636
   ],
   "N pairs": [
      65280,
      0,
      0,
      130050,
      0,
      0,
      324104,
      0,
      0,
      193800,
      258060,
      257048,
      449570,
      575312,
      511036,
      700020,
      1203734,
      1007972,
      1445380,
      1937042,
      2859272,
      2897116,
      3674690,
      5155474,
      5773520,
      7491838,
      9701238,
      11757186,
      14320938,
      17540114,
      22734900,
      26303374,
      34062188,
      40733820,
      50149068,
      60431004,
      72289830,
      87731826,
      102476376,
      120332462,
      140368314,
      158782298,
      178392398,
      192781200,
      200564162,
      196929652,
      173862636,
      123283452,
      50816154,
      14282052,
      1557090
   ],
   "Unweighted B(r)": [
      0.0006065547885751661,
      NaN,
      NaN,
      0.0014024963609465995,
      NaN,
      NaN,
      0.0029661582403565662,
      NaN,
      NaN,
      0.004492480445825694,
      0.005459457680186052,
      0.00657299208387176,
      0.007724048535600552,
      0.009190433328807876,
      0.010431127510996077,
      0.011676270441567793,
      0.013246634058818933,
      0.014708545932934393,
      0.015985802667437207,
      0.017499077296273223,
      0.01911660916811828,
      0.02063987984211172,
      0.022049198366351292,
      0.023555296659229404,
      0.0250905664378764,
      0.02650692849498633,
      0.027965736674186507,
      0.029285040531186204,
      0.03047080599213024,
      0.031388069201542676,
      0.03212596445653367,
      0.03268958640874647,
      0.03313122190269883,
      0.03354909533354488,
      0.03396699268290499,
      0.034513308201688936,
      0.03570950755600789,
      0.037560892214063404,
      0.03935640836506008,
      0.0411235187626034,
      0.04218520604378354,
      0.04296554266126454,
      0.043560252508941424,
      0.043602580071032244,
      0.04349849979873483,
      0.042811926956159485,
      0.04121038541037963,
      0.038925573347467206,
      0.03784741339974753,
      0.038778347594767955,
      0.03383767930971982
   ],
   "Weighted B(r)": [
      0.0006065547885751661,
      NaN,
      NaN,
      0.0014024963609465995,
      NaN,
      NaN,
      0.0029661582403565662,
      NaN,
      NaN,
      0.004492480445825694,
      0.005459457680186052,
      0.00657299208387176,
      0.007724048535600552,
      0.009190433328807876,
      0.010431127510996077,
      0.011676270441567793,
      0.013246634058818933,
      0.014708545932934393,
      0.015985802667437207,
      0.017499077296273223,
      0.01911660916811828,
      0.02063987984211172,
      0.022049198366351292,
      0.023555296659229404,
      0.0250905664378764,
      0.02650692849498633,
      0.027965736674186507,
      0.029285040531186204,
      0.03047080599213024,
      0.031388069201542676,
      0.03212596445653367,
      0.03268958640874647,
      0.03313122190269883,
      0.03354909533354488,
      0.03396699268290499,
      0.034513308201688936,
      0.03570950755600789,
      0.037560892214063404,
      0.03935640836506008,
      0.0411235187626034,
      0.04218520604378354,
      0.04296554266126454,
      0.043560252508941424,
      0.043602580071032244,
      0.04349849979873483,
      0.042811926956159485,
      0.04121038541037963,
      0.038925573347467206,
      0.03784741339974753,
      0.038778347594767955,
      0.03383767930971982
   ],
   "Unweighted sigma^2": 0.020025569604718192,
   "Apparent r0": 10.728104002716702
}