{
   "log10 r": [
      0.0,
      0.05,
      0.1,
      0.15000000000000002,
      0.2,
      0.25,
      0.30000000000000004,
      0.35000000000000003,
      0.4,
      0.45,
      0.5,
      0.55,
      0.6000000000000001,
      0.65,
      0.7000000000000001,
      0.75,
      0.8,
      0.8500000000000001,
      0.9,
      0.9500000000000001,
      1.0,
      1.05,
      1.1,
      1.1500000000000001,
      1.2000000000000002,
      1.25,
      1.3,
      1.35,
      1.4000000000000001,
      1.4500000000000002,
      1.5,
      1.55,
      1.6,
      1.6500000000000001,
      1.7000000000000002,
      1.75,
      1.8,
      1.85,
      1.9000000000000001,
      1.9500000000000002,
      2.0,
      2.0500000000000003,
      2.1,
      2.15,
      2.2,
      2.25,
      2.3000000000000003,
      2.35,
      2.4000000000000004,
      2.45,
      2.5
   ],
   "Sum dv^2": [
      0.35686608223680844,
      0.0,
      0.0,
      2.51817461070377,
      0.0,
      0.0,
      13.95248250373225,
      0.0,
      0.0,
      13.13711327472212,
      24.945945919146435,
      32.15810801309037,
      69.91828951368157,
      118.91270607518128,
      135.05251377935014,
      224.29724048975714,
      502.00159782560115,
      534.2258655423132,
      925.7160748919713,
      1566.1510368325646,
      2938.3280823610785,
      3763.723597596709,
      5861.631361639393,
      10296.266890742088,
      14244.891728804152,
      22634.020571587433,
      35954.125819273366,
      53001.02480211028,
      77704.62771528598,
      112824.91800099968,
      172002.10665234114,
      230423.30792656916,
      340104.9463725583,
      455188.480381902,
      612563.1332689974,
      787766.0194867299,
      979995.7447584692,
      1207752.6777221707,
      1405693.6602556352,
      1634014.3503816586,
      1910902.6338662968,
      2252827.180421973,
      2783769.7620546734,
      3423045.445302331,
      4005096.4593819827,
      4217664.109251914,
      3921131.266249857,
      3014164.778130346,
      1629834.027564822,
      740734.0664483407,
      70310.18754257774
   ],
   "Sum weights": [
      65280.0,
      0.0,
      0.0,
      130050.0,
      0.0,
      0.0,
      324104.0,
      0.0,
      0.0,
      193800.0,
      258060.0,
      257048.0,
      449570.0,
      575312.0,
      511036.0,
      700020.0,
      1203734.0,
      1007972.0,
      1445380.0,
      1937042.0,
      2859272.0,
      2897116.0,
      3674690.0,
      5155474.0,
      5773520.0,
      7491838.0,
      9701238.0,
      11757186.0,
      14320938.0,
      17540114.0,
      22734900.0,
      26303374.0,
      34062188.0,
      40733820.0,
      50149068.0,
      60431004.0,
      72289830.0,
      87731826.0,
      102476376.0,
      120332462.0,
      140368314.0,
      158782298.0,
      178392398.0,
      192781200.0,
      200564162.0,
      196929652.0,
      173862636.0,
      123283452.0,
      50816154.0,
      14282052.0,
      1557090.0
   ],
   "Sum w * dv^2": [
      0.35686608223680844,
      0.0,
      0.0,
      2.51817461070377,
      0.0,
      0.0,
      13.95248250373225,
      0.0,
      0.0,
      13.13711327472212,
      24.945945919146435,
      32.15810801309037,
      69.91828951368157,
      118.91270607518128,
      135.05251377935014,
      224.29724048975714,
      502.00159782560115,
      534.2258655423132,
      925.7160748919713,
      1566.1510368325646,
      2938.3280823610785,
      3763.723597596709,
      5861.631361639393,
      10296.266890742088,
      14244.891728804152,
      22634.020571587433,
      35954.125819273366,
      53001.02480211028,
      77704.62771528598,
      112824.91800099968,
      172002.10665234114,
      230423.30792656916,
      340104.9463725583,
      455188.480381902,
      612563.1332689974,
      787766.0194867299,
      979995.7447584692,
      1207752.6777221707,
      1405693.6602556352,
      1634014.3503816586,
      1910902.6338662968,
      2252827.180421973,
      2783769.7620546734,
      3423045.445302331,
      4005096.4593819827,
      4217664.109251914,
      3921131.266249857,
      3014164.778130346,
      1629834.027564822,
      740734.0664483407,
      70310.18754257774
   ],
   "N pairs": [
      65280,
      0,
      0,
      130050,
      0,
      0,
      324104,
      0,
      0,
      193800,
      258060,
      257048,
      449570,
      575312,
      511036,
      700020,
      1203734,
      1007972,
      1445380,
      1937042,
      2859272,
      2897116,
      3674690,
      5155474,
      5773520,
      7491838,
      9701238,
      11757186,
      14320938,
      17540114,
      22734900,
      26303374,
      34062188,
      40733820,
      50149068,
      60431004,
      72289830,
      87731826,
      102476376,
      120332462,
      140368314,
      158782298,
      178392398,
      192781200,
      200564162,
      196929652,
      173862636,
      123283452,
      50816154,
      14282052,
      1557090
   ],
   "Unweighted B(r)": [
      5.466698563676599e-06,
      NaN,
      NaN,
      1.9363126572116646e-05,
      NaN,
      NaN,
      4.304939927841758e-05,
      NaN,
      NaN,
      6.778696220186852e-05,
      9.666723211325441e-05,
      0.0001251054589535432,
      0.00015552258716925412,
      0.00020669255304109991,
      0.00026427201562972106,
      0.00032041547454323755,
      0.0004170369847703904,
      0.0005300006999622144,
      0.0006404655349402726,
      0.0008085271443946825,
      0.0010276490247731166,
      0.0012991276833915898,
      0.0015951362867723245,
      0.001997152326001855,
      0.002467280225720904,
      0.0030211572342577924,
      0.0037061378990262237,
      0.0045079685566010675,
      0.0054259454035263605,
      0.006432393654967105,
      0.007565553692883678,
      0.008760218667254216,
      0.009984823827892626,
      0.011174706432686697,
      0.012214845812667893,
      0.013035792347364109,
      0.013556481523866761,
      0.013766414456279193,
      0.01371724601439492,
      0.013579164950366084,
      0.013613489963741367,
      0.014188150749789331,
      0.01560475554599963,
      0.01775611649529275,
      0.01996915311012534,
      0.021417110457555236,
      0.022553041622179575,
      0.024449062134716554,
      0.03207314799079092,
      0.05186468068092321,
      0.04515486422915679
   ],
   "Weighted B(r)": [
      5.466698563676599e-06,
      NaN,
      NaN,
      1.9363126572116646e-05,
      NaN,
      NaN,
      4.304939927841758e-05,
      NaN,
      NaN,
      6.778696220186852e-05,
      9.666723211325441e-05,
      0.0001251054589535432,
      0.00015552258716925412,
      0.00020669255304109991,
      0.00026427201562972106,
      0.00032041547454323755,
      0.0004170369847703904,
      0.0005300006999622144,
      0.0006404655349402726,
      0.0008085271443946825,
      0.0010276490247731166,
      0.0012991276833915898,
      0.0015951362867723245,
      0.001997152326001855,
      0.002467280225720904,
      0.0030211572342577924,
      0.0037061378990262237,
      0.0045079685566010675,
      0.0054259454035263605,
      0.006432393654967105,
      0.007565553692883678,
      0.008760218667254216,
      0.009984823827892626,
      0.011174706432686697,
      0.012214845812667893,
      0.013035792347364109,
      0.013556481523866761,
      0.013766414456279193,
      0.01371724601439492,
      0.013579164950366084,
      0.013613489963741367,
      0.014188150749789331,
      0.01560475554599963,
      0.01775611649529275,
      0.01996915311012534,
      0.021417110457555236,
      0.022553041622179575,
      0.024449062134716554,
      0.03207314799079092,
      0.05186468068092321,
      0.04515486422915679
   ],
   "Unweighted sigma^2": 0.008445628608078857,
   "Apparent r0": 34.465267158345156
}