{
   "log10 r": [
      0.0,
      0.05,
      0.1,
      0.15000000000000002,
      0.2,
      0.25,
      0.30000000000000004,
      0.35000000000000003,
      0.4,
      0.45,
      0.5,
      0.55,
      0.6000000000000001,
      0.65,
      0.7000000000000001,
      0.75,
      0.8,
      0.8500000000000001,
      0.9,
      0.9500000000000001,
      1.0,
      1.05,
      1.1,
      1.1500000000000001,
      1.2000000000000002,
      1.25,
      1.3,
      1.35,
      1.4000000000000001,
      1.4500000000000002,
      1.5,
      1.55,
      1.6,
      1.6500000000000001,
      1.7000000000000002,
      1.75,
      1.8,
      1.85,
      1.9000000000000001,
      1.9500000000000002,
      2.0,
      2.0500000000000003,
      2.1,
      2.15,
      2.2,
      2.25,
      2.3000000000000003,
      2.35,
      2.4000000000000004,
      2.45,
      2.5
   ],
   "Sum dv^2": [
      8.543573347128849,
      0.0,
      0.0,
      42.422124557664425,
      0.0,
      0.0,
      244.84202959601078,
      0.0,
      0.0,
      243.25913979083884,
      418.6115952003467,
      539.4497546684253,
      1208.532470819411,
      2045.030745914687,
      2244.1381180210637,
      3799.5326281222588,
      8379.390570718862,
      8749.427933035835,
      15175.460362696329,
      25342.04977100282,
      46939.42924305356,
      58880.38091451999,
      90094.42392523584,
      153705.48698667888,
      206379.32573422938,
      316636.45997800847,
      481400.5044124988,
      676619.9757070746,
      938737.4555999784,
      1288541.95980866,
      1846078.0586445662,
      2318263.720389073,
      3192732.246679199,
      3970612.4360237774,
      4959805.8617504,
      5918879.0084517645,
      6920291.547702182,
      8224706.0359532675,
      9492378.917264901,
      10978971.56157065,
      12348789.365296343,
      13223504.752648449,
      14609482.322071139,
      16497955.894857913,
      17695593.21626927,
      17590995.91614255,
      16142015.382128013,
      10980613.31830634,
      3966062.4837005106,
      1061623.7051706603,
      104640.34795356821
   ],
   "Sum weights": [
      65280.0,
      0.0,
      0.0,
      130050.0,
      0.0,
      0.0,
      324104.0,
      0.0,
      0.0,
      193800.0,
      258060.0,
      257048.0,
      449570.0,
      575312.0,
      511036.0,
      700020.0,
      1203734.0,
      1007972.0,
      1445380.0,
      1937042.0,
      2859272.0,
      2897116.0,
      3674690.0,
      5155474.0,
      5773520.0,
      7491838.0,
      9701238.0,
      11757186.0,
      14320938.0,
      17540114.0,
      22734900.0,
      26303374.0,
      34062188.0,
      40733820.0,
      50149068.0,
      60431004.0,
      72289830.0,
      87731826.0,
      102476376.0,
      120332462.0,
      140368314.0,
      158782298.0,
      178392398.0,
      192781200.0,
      200564162.0,
      196929652.0,
      173862636.0,
      123283452.0,
      50816154.0,
      14282052.0,
      1557090.0
   ],
   "Sum w * dv^2": [
      8.543573347128849,
      0.0,
      0.0,
      42.422124557664425,
      0.0,
      0.0,
      244.84202959601078,
      0.0,
      0.0,
      243.25913979083884,
      418.6115952003467,
      539.4497546684253,
      1208.532470819411,
      2045.030745914687,
      2244.1381180210637,
      3799.5326281222588,
      8379.390570718862,
      8749.427933035835,
      15175.460362696329,
      25342.04977100282,
      46939.42924305356,
      58880.38091451999,
      90094.42392523584,
      153705.48698667888,
      206379.32573422938,
      316636.45997800847,
      481400.5044124988,
      676619.9757070746,
      938737.4555999784,
      1288541.95980866,
      1846078.0586445662,
      2318263.720389073,
      3192732.246679199,
      3970612.4360237774,
      4959805.8617504,
      5918879.0084517645,
      6920291.547702182,
      8224706.0359532675,
      9492378.917264901,
      10978971.56157065,
      12348789.365296343,
      13223504.752648449,
      14609482.322071139,
      16497955.894857913,
      17695593.21626927,
      17590995.91614255,
      16142015.382128013,
      10980613.31830634,
      3966062.4837005106,
      1061623.7051706603,
      104640.34795356821
   ],
   "N pairs": [
      65280,
      0,
      0,
      130050,
      0,
      0,
      324104,
      0,
      0,
      193800,
      258060,
      257048,
      449570,
      575312,
      511036,
      700020,
      1203734,
      1007972,
      1445380,
      1937042,
      2859272,
      2897116,
      3674690,
      5155474,
      5773520,
      7491838,
      9701238,
      11757186,
      14320938,
      17540114,
      22734900,
      26303374,
      34062188,
      40733820,
      50149068,
      60431004,
      72289830,
      87731826,
      102476376,
      120332462,
      140368314,
      158782298,
      178392398,
      192781200,
      200564162,
      196929652,
      173862636,
      123283452,
      50816154,
      14282052,
      1557090
   ],
   "Unweighted B(r)": [
      0.0001308758172047924,
      NaN,
      NaN,
      0.0003261985740689306,
      NaN,
      NaN,
      0.0007554427887221718,
      NaN,
      NaN,
      0.0012552071196637712,
      0.001622148318996926,
      0.002098634319926338,
      0.002688196433968928,
      0.0035546464282244887,
      0.004391350351092807,
      0.005427748675926772,
      0.006961164651591517,
      0.008680229146281677,
      0.010499287635567345,
      0.013082860243093759,
      0.01641656660963125,
      0.020323791285720004,
      0.02451755765118577,
      0.029814035913415308,
      0.03574584061962709,
      0.04226418937222194,
      0.049622584706456925,
      0.05754948298913317,
      0.0655499978842153,
      0.07346257611601954,
      0.08120018379867808,
      0.0881356026945088,
      0.09373244744815568,
      0.09747704575764751,
      0.0989012569834877,
      0.09794440960225921,
      0.09572980802005181,
      0.09374826002086481,
      0.09262992396671893,
      0.09123865147519919,
      0.08797419455573388,
      0.08328072410596078,
      0.08189520677933339,
      0.08557865546462992,
      0.08822908858597216,
      0.08932629361546096,
      0.09284349848536758,
      0.08906802283818545,
      0.0780472777160686,
      0.07433271529683971,
      0.06720250464235736
   ],
   "Weighted B(r)": [
      0.0001308758172047924,
      NaN,
      NaN,
      0.0003261985740689306,
      NaN,
      NaN,
      0.0007554427887221718,
      NaN,
      NaN,
      0.0012552071196637712,
      0.001622148318996926,
      0.002098634319926338,
      0.002688196433968928,
      0.0035546464282244887,
      0.004391350351092807,
      0.005427748675926772,
      0.006961164651591517,
      0.008680229146281677,
      0.010499287635567345,
      0.013082860243093759,
      0.01641656660963125,
      0.020323791285720004,
      0.02451755765118577,
      0.029814035913415308,
      0.03574584061962709,
      0.04226418937222194,
      0.049622584706456925,
      0.05754948298913317,
      0.0655499978842153,
      0.07346257611601954,
      0.08120018379867808,
      0.0881356026945088,
      0.09373244744815568,
      0.09747704575764751,
      0.0989012569834877,
      0.09794440960225921,
      0.09572980802005181,
      0.09374826002086481,
      0.09262992396671893,
      0.09123865147519919,
      0.08797419455573388,
      0.08328072410596078,
      0.08189520677933339,
      0.08557865546462992,
      0.08822908858597216,
      0.08932629361546096,
      0.09284349848536758,
      0.08906802283818545,
      0.0780472777160686,
      0.07433271529683971,
      0.06720250464235736
   ],
   "Unweighted sigma^2": 0.04354834912375187,
   "Apparent r0": 18.161464585766275
}