{
   "log10 r": [
      0.0,
      0.05,
      0.1,
      0.15000000000000002,
      0.2,
      0.25,
      0.30000000000000004,
      0.35000000000000003,
      0.4,
      0.45,
      0.5,
      0.55,
      0.6000000000000001,
      0.65,
      0.7000000000000001,
      0.75,
      0.8,
      0.8500000000000001,
      0.9,
      0.9500000000000001,
      1.0,
      1.05,
      1.1,
      1.1500000000000001,
      1.2000000000000002,
      1.25,
      1.3,
      1.35,
      1.4000000000000001,
      1.4500000000000002,
      1.5,
      1.55,
      1.6,
      1.6500000000000001,
      1.7000000000000002,
      1.75,
      1.8,
      1.85,
      1.9000000000000001,
      1.9500000000000002,
      2.0,
      2.0500000000000003,
      2.1,
      2.15,
      2.2,
      2.25,
      2.3000000000000003,
      2.35,
      2.4000000000000004,
      2.45,
      2.5
   ],
   "Sum dv^2": [
      0.42413047588366914,
      0.0,
      0.0,
      2.439961313205904,
      0.0,
      0.0,
      13.831991070844895,
      0.0,
      0.0,
      13.434841515007983,
      24.17076020283863,
      31.189206580491692,
      69.01351828847928,
      117.30085959923761,
      130.93143571977117,
      220.34563971322044,
      490.9989228708741,
      519.1520333807804,
      904.2765179551277,
      1529.0815117640293,
      2874.79254847046,
      3678.102078064937,
      5743.031532228432,
      10079.059635720809,
      13978.18636661962,
      22251.34928343892,
      35427.42893004026,
      52373.530872265546,
      76955.65835045953,
      112056.94238055774,
      171298.81238324376,
      229904.62326792453,
      339634.25976716913,
      454791.03069707466,
      612977.9952764525,
      792732.3291402216,
      1000212.0668690136,
      1266713.9323328375,
      1529467.9086234479,
      1836701.3370458419,
      2159506.3022720683,
      2402409.549986451,
      2599532.908837126,
      2690719.546022862,
      2798320.6514470554,
      2832908.4121133974,
      2523427.5951729706,
      2110787.268275014,
      1211153.616699895,
      374122.4089625047,
      16656.92783372801
   ],
   "Sum weights": [
      65280.0,
      0.0,
      0.0,
      130050.0,
      0.0,
      0.0,
      324104.0,
      0.0,
      0.0,
      193800.0,
      258060.0,
      257048.0,
      449570.0,
      575312.0,
      511036.0,
      700020.0,
      1203734.0,
      1007972.0,
      1445380.0,
      1937042.0,
      2859272.0,
      2897116.0,
      3674690.0,
      5155474.0,
      5773520.0,
      7491838.0,
      9701238.0,
      11757186.0,
      14320938.0,
      17540114.0,
      22734900.0,
      26303374.0,
      34062188.0,
      40733820.0,
      50149068.0,
      60431004.0,
      72289830.0,
      87731826.0,
      102476376.0,
      120332462.0,
      140368314.0,
      158782298.0,
      178392398.0,
      192781200.0,
      200564162.0,
      196929652.0,
      173862636.0,
      123283452.0,
      50816154.0,
      14282052.0,
      1557090.0
   ],
   "Sum w * dv^2": [
      0.42413047588366914,
      0.0,
      0.0,
      2.439961313205904,
      0.0,
      0.0,
      13.831991070844895,
      0.0,
      0.0,
      13.434841515007983,
      24.17076020283863,
      31.189206580491692,
      69.01351828847928,
      117.30085959923761,
      130.93143571977117,
      220.34563971322044,
      490.9989228708741,
      519.1520333807804,
      904.2765179551277,
      1529.0815117640293,
      2874.79254847046,
      3678.102078064937,
      5743.031532228432,
      10079.059635720809,
      13978.18636661962,
      22251.34928343892,
      35427.42893004026,
      52373.530872265546,
      76955.65835045953,
      112056.94238055774,
      171298.81238324376,
      229904.62326792453,
      339634.25976716913,
      454791.03069707466,
      612977.9952764525,
      792732.3291402216,
      1000212.0668690136,
      1266713.9323328375,
      1529467.9086234479,
      1836701.3370458419,
      2159506.3022720683,
      2402409.549986451,
      2599532.908837126,
      2690719.546022862,
      2798320.6514470554,
      2832908.4121133974,
      2523427.5951729706,
      2110787.268275014,
      1211153.616699895,
      374122.4089625047,
      16656.92783372801
   ],
   "N pairs": [
      65280,
      0,
      0,
      130050,
      0,
      0,
      324104,
      0,
      0,
      193800,
      258060,
      257048,
      449570,
      575312,
      511036,
      700020,
      1203734,
      1007972,
      1445380,
      1937042,
      2859272,
      2897116,
      3674690,
      5155474,
      5773520,
      7491838,
      9701238,
      11757186,
      14320938,
      17540114,
      22734900,
      26303374,
      34062188,
      40733820,
      50149068,
      60431004,
      72289830,
      87731826,
      102476376,
      120332462,
      140368314,
      158782298,
      178392398,
      192781200,
      200564162,
      196929652,
      173862636,
      123283452,
      50816154,
      14282052,
      1557090
   ],
   "Unweighted B(r)": [
      6.497096750668951e-06,
      NaN,
      NaN,
      1.8761717133455625e-05,
      NaN,
      NaN,
      4.267763147275225e-05,
      NaN,
      NaN,
      6.932322763162014e-05,
      9.366333489436035e-05,
      0.00012133611847005887,
      0.0001535100613663707,
      0.00020389086200051036,
      0.0002562078517360248,
      0.000314770491861976,
      0.0004078965310200377,
      0.0005150460859833214,
      0.0006256323720787113,
      0.0007893899625119276,
      0.001005428146909584,
      0.0012695736304880222,
      0.0015628615018487089,
      0.0019550209419581612,
      0.002421085640409944,
      0.002970078808890278,
      0.003651846179842228,
      0.004454597458291937,
      0.0053736464993046915,
      0.006388609696639243,
      0.00753461912668381,
      0.008740499346887,
      0.009971005378960656,
      0.011164949192024579,
      0.012223118389287963,
      0.013117973832442393,
      0.0138361380413955,
      0.014438476777319527,
      0.014925078035775268,
      0.01526355653760198,
      0.015384571066886708,
      0.01513021023279592,
      0.014571993750748987,
      0.013957375231728313,
      0.013952246620445858,
      0.01438538271582076,
      0.014513915429034279,
      0.017121416005410152,
      0.023834027594845035,
      0.02619528405039449,
      0.010697472743212023
   ],
   "Weighted B(r)": [
      6.497096750668951e-06,
      NaN,
      NaN,
      1.8761717133455625e-05,
      NaN,
      NaN,
      4.267763147275225e-05,
      NaN,
      NaN,
      6.932322763162014e-05,
      9.366333489436035e-05,
      0.00012133611847005887,
      0.0001535100613663707,
      0.00020389086200051036,
      0.0002562078517360248,
      0.000314770491861976,
      0.0004078965310200377,
      0.0005150460859833214,
      0.0006256323720787113,
      0.0007893899625119276,
      0.001005428146909584,
      0.0012695736304880222,
      0.0015628615018487089,
      0.0019550209419581612,
      0.002421085640409944,
      0.002970078808890278,
      0.003651846179842228,
      0.004454597458291937,
      0.0053736464993046915,
      0.006388609696639243,
      0.00753461912668381,
      0.008740499346887,
      0.009971005378960656,
      0.011164949192024579,
      0.012223118389287963,
      0.013117973832442393,
      0.0138361380413955,
      0.014438476777319527,
      0.014925078035775268,
      0.01526355653760198,
      0.015384571066886708,
      0.01513021023279592,
      0.014571993750748987,
      0.013957375231728313,
      0.013952246620445858,
      0.01438538271582076,
      0.014513915429034279,
      0.017121416005410152,
      0.023834027594845035,
      0.02619528405039449,
      0.010697472743212023
   ],
   "Unweighted sigma^2": 0.007078841924574729,
   "Apparent r0": 30.2550795020727
}