{
   "log10 r": [
      0.0,
      0.05,
      0.1,
      0.15000000000000002,
      0.2,
      0.25,
      0.30000000000000004,
      0.35000000000000003,
      0.4,
      0.45,
      0.5,
      0.55,
      0.6000000000000001,
      0.65,
      0.7000000000000001,
      0.75,
      0.8,
      0.8500000000000001,
      0.9,
      0.9500000000000001,
      1.0,
      1.05,
      1.1,
      1.1500000000000001,
      1.2000000000000002,
      1.25,
      1.3,
      1.35,
      1.4000000000000001,
      1.4500000000000002,
      1.5,
      1.55,
      1.6,
      1.6500000000000001,
      1.7000000000000002,
      1.75,
      1.8,
      1.85,
      1.9000000000000001,
      1.9500000000000002,
      2.0,
      2.0500000000000003,
      2.1,
      2.15,
      2.2,
      2.25,
      2.3000000000000003,
      2.35,
      2.4000000000000004,
      2.45,
      2.5
   ],
   "Sum dv^2": [
      0.03569384579541312,
      0.0,
      0.0,
      0.35220461687967436,
      0.0,
      0.0,
      1.8992008665030136,
      0.0,
      0.0,
      1.7198401333726026,
      3.506077199796359,
      4.538851724818614,
      9.644069837175422,
      16.51866670127434,
      19.146984483375718,
      31.43243557725387,
      71.15442400765247,
      76.98500867312312,
      132.9283867845182,
      227.0221826089477,
      428.21708184064806,
      557.5259064078814,
      876.0374944731344,
      1571.8563976421497,
      2208.6609071155603,
      3595.7250079895407,
      5857.250003683059,
      8947.121875552826,
      13630.017007819355,
      20754.508290582235,
      33461.20161752534,
      47818.55839817679,
      76011.95190277392,
      110940.75716812263,
      165122.24555887192,
      237712.3947140886,
      335122.95834940573,
      472443.6019450366,
      631966.660597658,
      837568.2924423899,
      1086751.5451848025,
      1349492.8674099531,
      1627933.275172446,
      1824744.0682588432,
      1857636.2392575906,
      1661275.7214944456,
      1297334.1690687104,
      891341.6347030629,
      401818.90471776616,
      114804.2581055213,
      14170.290295068939
   ],
   "Sum weights": [
      65280.0,
      0.0,
      0.0,
      130050.0,
      0.0,
      0.0,
      324104.0,
      0.0,
      0.0,
      193800.0,
      258060.0,
      257048.0,
      449570.0,
      575312.0,
      511036.0,
      700020.0,
      1203734.0,
      1007972.0,
      1445380.0,
      1937042.0,
      2859272.0,
      2897116.0,
      3674690.0,
      5155474.0,
      5773520.0,
      7491838.0,
      9701238.0,
      11757186.0,
      14320938.0,
      17540114.0,
      22734900.0,
      26303374.0,
      34062188.0,
      40733820.0,
      50149068.0,
      60431004.0,
      72289830.0,
      87731826.0,
      102476376.0,
      120332462.0,
      140368314.0,
      158782298.0,
      178392398.0,
      192781200.0,
      200564162.0,
      196929652.0,
      173862636.0,
      123283452.0,
      50816154.0,
      14282052.0,
      1557090.0
   ],
   "Sum w * dv^2": [
      0.03569384579541312,
      0.0,
      0.0,
      0.35220461687967436,
      0.0,
      0.0,
      1.8992008665030136,
      0.0,
      0.0,
      1.7198401333726026,
      3.506077199796359,
      4.538851724818614,
      9.644069837175422,
      16.51866670127434,
      19.146984483375718,
      31.43243557725387,
      71.15442400765247,
      76.98500867312312,
      132.9283867845182,
      227.0221826089477,
      428.21708184064806,
      557.5259064078814,
      876.0374944731344,
      1571.8563976421497,
      2208.6609071155603,
      3595.7250079895407,
      5857.250003683059,
      8947.121875552826,
      13630.017007819355,
      20754.508290582235,
      33461.20161752534,
      47818.55839817679,
      76011.95190277392,
      110940.75716812263,
      165122.24555887192,
      237712.3947140886,
      335122.95834940573,
      472443.6019450366,
      631966.660597658,
      837568.2924423899,
      1086751.5451848025,
      1349492.8674099531,
      1627933.275172446,
      1824744.0682588432,
      1857636.2392575906,
      1661275.7214944456,
      1297334.1690687104,
      891341.6347030629,
      401818.90471776616,
      114804.2581055213,
      14170.290295068939
   ],
   "N pairs": [
      65280,
      0,
      0,
      130050,
      0,
      0,
      324104,
      0,
      0,
      193800,
      258060,
      257048,
      449570,
      575312,
      511036,
      700020,
      1203734,
      1007972,
      1445380,
      1937042,
      2859272,
      2897116,
      3674690,
      5155474,
      5773520,
      7491838,
      9701238,
      11757186,
      14320938,
      17540114,
      22734900,
      26303374,
      34062188,
      40733820,
      50149068,
      60431004,
      72289830,
      87731826,
      102476376,
      120332462,
      140368314,
      158782298,
      178392398,
      192781200,
      200564162,
      196929652,
      173862636,
      123283452,
      50816154,
      14282052,
      1557090
   ],
   "Unweighted B(r)": [
      5.467807260326765e-07,
      NaN,
      NaN,
      2.7082246588210253e-06,
      NaN,
      NaN,
      5.859850129905875e-06,
      NaN,
      NaN,
      8.87430409376988e-06,
      1.3586286909231802e-05,
      1.7657603734783443e-05,
      2.1451764657729437e-05,
      2.871253633032918e-05,
      3.7466997400135644e-05,
      4.490219647617764e-05,
      5.911141830973659e-05,
      7.637613810018842e-05,
      9.196777787468915e-05,
      0.00011720044408378739,
      0.00014976437423254872,
      0.00019244169249967258,
      0.00023839765925102102,
      0.0003048907622542854,
      0.0003825501439530062,
      0.0004799523171736416,
      0.000603763148959242,
      0.0007609917777564143,
      0.0009517544875775145,
      0.001183259600854489,
      0.0014717989354483783,
      0.0018179629122171473,
      0.002231563982406941,
      0.002723553969849197,
      0.0032926284005691175,
      0.003933616504436838,
      0.004635824407795754,
      0.00538508798329396,
      0.006166949742618318,
      0.006960451722847571,
      0.0077421428968991,
      0.008499013330881211,
      0.00912557538002514,
      0.009465363159160972,
      0.009262054699770294,
      0.008435884106952292,
      0.007461834232564554,
      0.007230018467547963,
      0.007907306497807099,
      0.008038358781043599,
      0.00910049534392292
   ],
   "Weighted B(r)": [
      5.467807260326765e-07,
      NaN,
      NaN,
      2.7082246588210253e-06,
      NaN,
      NaN,
      5.859850129905875e-06,
      NaN,
      NaN,
      8.87430409376988e-06,
      1.3586286909231802e-05,
      1.7657603734783443e-05,
      2.1451764657729437e-05,
      2.871253633032918e-05,
      3.7466997400135644e-05,
      4.490219647617764e-05,
      5.911141830973659e-05,
      7.637613810018842e-05,
      9.196777787468915e-05,
      0.00011720044408378739,
      0.00014976437423254872,
      0.00019244169249967258,
      0.00023839765925102102,
      0.0003048907622542854,
      0.0003825501439530062,
      0.0004799523171736416,
      0.000603763148959242,
      0.0007609917777564143,
      0.0009517544875775145,
      0.001183259600854489,
      0.0014717989354483783,
      0.0018179629122171473,
      0.002231563982406941,
      0.002723553969849197,
      0.0032926284005691175,
      0.003933616504436838,
      0.004635824407795754,
      0.00538508798329396,
      0.006166949742618318,
      0.006960451722847571,
      0.0077421428968991,
      0.008499013330881211,
      0.00912557538002514,
      0.009465363159160972,
      0.009262054699770294,
      0.008435884106952292,
      0.007461834232564554,
      0.007230018467547963,
      0.007907306497807099,
      0.008038358781043599,
      0.00910049534392292
   ],
   "Unweighted sigma^2": 0.0035363119621979414,
   "Apparent r0": 52.443610010442804
}