{
   "log10 r": [
      0.0,
      0.05,
      0.1,
      0.15000000000000002,
      0.2,
      0.25,
      0.30000000000000004,
      0.35000000000000003,
      0.4,
      0.45,
      0.5,
      0.55,
      0.6000000000000001,
      0.65,
      0.7000000000000001,
      0.75,
      0.8,
      0.8500000000000001,
      0.9,
      0.9500000000000001,
      1.0,
      1.05,
      1.1,
      1.1500000000000001,
      1.2000000000000002,
      1.25,
      1.3,
      1.35,
      1.4000000000000001,
      1.4500000000000002,
      1.5,
      1.55,
      1.6,
      1.6500000000000001,
      1.7000000000000002,
      1.75,
      1.8,
      1.85,
      1.9000000000000001,
      1.9500000000000002,
      2.0,
      2.0500000000000003,
      2.1,
      2.15,
      2.2,
      2.25,
      2.3000000000000003,
      2.35,
      2.4000000000000004,
      2.45,
      2.5
   ],
   "Sum dv^2": [
      1.781584247107734,
      0.0,
      0.0,
      11.045503623389198,
      0.0,
      0.0,
      61.98774906630695,
      0.0,
      0.0,
      59.39993575297593,
      109.04471442117229,
      140.44124113717413,
      308.01371582637864,
      522.0968413017176,
      585.5503935667281,
      976.515744538661,
      2168.2632650714904,
      2284.699677275554,
      3945.9219406067455,
      6609.9297710896135,
      12261.453810608138,
      15451.979349638368,
      23686.992268026792,
      40628.83091118137,
      54788.67338281293,
      84358.91528887625,
      129073.43848149582,
      181967.30382062876,
      254003.8996571188,
      349435.6321991231,
      502105.5662525285,
      633065.1925148726,
      879521.1934031426,
      1110221.4939436929,
      1415766.3386449618,
      1734057.9366365264,
      2064375.5191520576,
      2454467.8912502998,
      2798780.4358883384,
      3234518.1267703236,
      3780706.8406404364,
      4437557.20005269,
      5388571.781003962,
      6466309.361699349,
      7482519.182360258,
      7869631.409204537,
      7159100.041872313,
      5336296.4272720115,
      2760408.8226080807,
      1234758.412185651,
      103096.8191163839
   ],
   "Sum weights": [
      65280.0,
      0.0,
      0.0,
      130050.0,
      0.0,
      0.0,
      324104.0,
      0.0,
      0.0,
      193800.0,
      258060.0,
      257048.0,
      449570.0,
      575312.0,
      511036.0,
      700020.0,
      1203734.0,
      1007972.0,
      1445380.0,
      1937042.0,
      2859272.0,
      2897116.0,
      3674690.0,
      5155474.0,
      5773520.0,
      7491838.0,
      9701238.0,
      11757186.0,
      14320938.0,
      17540114.0,
      22734900.0,
      26303374.0,
      34062188.0,
      40733820.0,
      50149068.0,
      60431004.0,
      72289830.0,
      87731826.0,
      102476376.0,
      120332462.0,
      140368314.0,
      158782298.0,
      178392398.0,
      192781200.0,
      200564162.0,
      196929652.0,
      173862636.0,
      123283452.0,
      50816154.0,
      14282052.0,
      1557090.0
   ],
   "Sum w * dv^2": [
      1.781584247107734,
      0.0,
      0.0,
      11.045503623389198,
      0.0,
      0.0,
      61.98774906630695,
      0.0,
      0.0,
      59.39993575297593,
      109.04471442117229,
      140.44124113717413,
      308.01371582637864,
      522.0968413017176,
      585.5503935667281,
      976.515744538661,
      2168.2632650714904,
      2284.699677275554,
      3945.9219406067455,
      6609.9297710896135,
      12261.453810608138,
      15451.979349638368,
      23686.992268026792,
      40628.83091118137,
      54788.67338281293,
      84358.91528887625,
      129073.43848149582,
      181967.30382062876,
      254003.8996571188,
      349435.6321991231,
      502105.5662525285,
      633065.1925148726,
      879521.1934031426,
      1110221.4939436929,
      1415766.3386449618,
      1734057.9366365264,
      2064375.5191520576,
      2454467.8912502998,
      2798780.4358883384,
      3234518.1267703236,
      3780706.8406404364,
      4437557.20005269,
      5388571.781003962,
      6466309.361699349,
      7482519.182360258,
      7869631.409204537,
      7159100.041872313,
      5336296.4272720115,
      2760408.8226080807,
      1234758.412185651,
      103096.8191163839
   ],
   "N pairs": [
      65280,
      0,
      0,
      130050,
      0,
      0,
      324104,
      0,
      0,
      193800,
      258060,
      257048,
      449570,
      575312,
      511036,
      700020,
      1203734,
      1007972,
      1445380,
      1937042,
      2859272,
      2897116,
      3674690,
      5155474,
      5773520,
      7491838,
      9701238,
      11757186,
      14320938,
      17540114,
      22734900,
      26303374,
      34062188,
      40733820,
      50149068,
      60431004,
      72289830,
      87731826,
      102476376,
      120332462,
      140368314,
      158782298,
      178392398,
      192781200,
      200564162,
      196929652,
      173862636,
      123283452,
      50816154,
      14282052,
      1557090
   ],
   "Unweighted B(r)": [
      2.729142535397877e-05,
      NaN,
      NaN,
      8.493274604682198e-05,
      NaN,
      NaN,
      0.0001912588214471495,
      NaN,
      NaN,
      0.000306501216475624,
      0.00042255566310614695,
      0.0005463619290450582,
      0.0006851296034574786,
      0.0009075020880873641,
      0.0011458104586892666,
      0.001394982635551357,
      0.0018012810679697427,
      0.0022666301021016,
      0.002730023897249682,
      0.0034123832994274847,
      0.004288313182729079,
      0.005333572887533108,
      0.006445983815784948,
      0.007880716867388211,
      0.009489648149276858,
      0.011260109373544415,
      0.013304841967746365,
      0.01547711364102165,
      0.017736540697063194,
      0.019922084440222174,
      0.022085233110879243,
      0.024067832229997286,
      0.025821042189161265,
      0.02725552118469844,
      0.02823115952314332,
      0.028694839103393457,
      0.028556928673812865,
      0.027976938394628875,
      0.027311469678517303,
      0.026879846659917286,
      0.026934190009865307,
      0.027947430261103096,
      0.030206285925950514,
      0.03354221968583736,
      0.03730735894062798,
      0.039961637718247414,
      0.041176760036425036,
      0.04328477456384018,
      0.054321482546831085,
      0.086455252521532,
      0.06621121394163722
   ],
   "Weighted B(r)": [
      2.729142535397877e-05,
      NaN,
      NaN,
      8.493274604682198e-05,
      NaN,
      NaN,
      0.0001912588214471495,
      NaN,
      NaN,
      0.000306501216475624,
      0.00042255566310614695,
      0.0005463619290450582,
      0.0006851296034574786,
      0.0009075020880873641,
      0.0011458104586892666,
      0.001394982635551357,
      0.0018012810679697427,
      0.0022666301021016,
      0.002730023897249682,
      0.0034123832994274847,
      0.004288313182729079,
      0.005333572887533108,
      0.006445983815784948,
      0.007880716867388211,
      0.009489648149276858,
      0.011260109373544415,
      0.013304841967746365,
      0.01547711364102165,
      0.017736540697063194,
      0.019922084440222174,
      0.022085233110879243,
      0.024067832229997286,
      0.025821042189161265,
      0.02725552118469844,
      0.02823115952314332,
      0.028694839103393457,
      0.028556928673812865,
      0.027976938394628875,
      0.027311469678517303,
      0.026879846659917286,
      0.026934190009865307,
      0.027947430261103096,
      0.030206285925950514,
      0.03354221968583736,
      0.03730735894062798,
      0.039961637718247414,
      0.041176760036425036,
      0.04328477456384018,
      0.054321482546831085,
      0.086455252521532,
      0.06621121394163722
   ],
   "Unweighted sigma^2": 0.016362249137470485,
   "Apparent r0": 23.457342402011687
}