{
   "log10 r": [
      0.0,
      0.05,
      0.1,
      0.15000000000000002,
      0.2,
      0.25,
      0.30000000000000004,
      0.35000000000000003,
      0.4,
      0.45,
      0.5,
      0.55,
      0.6000000000000001,
      0.65,
      0.7000000000000001,
      0.75,
      0.8,
      0.8500000000000001,
      0.9,
      0.9500000000000001,
      1.0,
      1.05,
      1.1,
      1.1500000000000001,
      1.2000000000000002,
      1.25,
      1.3,
      1.35,
      1.4000000000000001,
      1.4500000000000002,
      1.5,
      1.55,
      1.6,
      1.6500000000000001,
      1.7000000000000002,
      1.75,
      1.8,
      1.85,
      1.9000000000000001,
      1.9500000000000002,
      2.0,
      2.0500000000000003,
      2.1,
      2.15,
      2.2,
      2.25,
      2.3000000000000003,
      2.35,
      2.4000000000000004,
      2.45,
      2.5
   ],
   "Sum dv^2": [
      4.678257776744608,
      0.0,
      0.0,
      25.1238334223521,
      0.0,
      0.0,
      138.90325635526045,
      0.0,
      0.0,
      131.41931284293742,
      227.95707199646185,
      285.4917699124183,
      609.7736519578457,
      983.0968471650891,
      1046.286892148575,
      1665.060618663842,
      3430.4729077154448,
      3351.908641153989,
      5397.378779658552,
      8247.54792433045,
      13784.632245531358,
      15612.59636573514,
      21637.294953592747,
      33175.21393676308,
      40141.1129692349,
      55744.548210604844,
      77183.75039762132,
      99263.67752425838,
      127775.60292127213,
      163956.66467063135,
      221446.70685063698,
      264626.2239917037,
      351653.1375830157,
      431630.2626977497,
      546013.7114076662,
      670948.4337136365,
      803398.5208488815,
      967646.7095242303,
      1113848.7404895746,
      1283203.3998643386,
      1524136.5291711567,
      1787811.7755868423,
      2076508.025245149,
      2335486.291889563,
      2490583.572698566,
      2388202.4833333497,
      2130184.551702969,
      1531181.821412371,
      680371.2858916513,
      229797.36198536388,
      12519.58418202084
   ],
   "Sum weights": [
      65280.0,
      0.0,
      0.0,
      130050.0,
      0.0,
      0.0,
      324104.0,
      0.0,
      0.0,
      193800.0,
      258060.0,
      257048.0,
      449570.0,
      575312.0,
      511036.0,
      700020.0,
      1203734.0,
      1007972.0,
      1445380.0,
      1937042.0,
      2859272.0,
      2897116.0,
      3674690.0,
      5155474.0,
      5773520.0,
      7491838.0,
      9701238.0,
      11757186.0,
      14320938.0,
      17540114.0,
      22734900.0,
      26303374.0,
      34062188.0,
      40733820.0,
      50149068.0,
      60431004.0,
      72289830.0,
      87731826.0,
      102476376.0,
      120332462.0,
      140368314.0,
      158782298.0,
      178392398.0,
      192781200.0,
      200564162.0,
      196929652.0,
      173862636.0,
      123283452.0,
      50816154.0,
      14282052.0,
      1557090.0
   ],
   "Sum w * dv^2": [
      4.678257776744608,
      0.0,
      0.0,
      25.1238334223521,
      0.0,
      0.0,
      138.90325635526045,
      0.0,
      0.0,
      131.41931284293742,
      227.95707199646185,
      285.4917699124183,
      609.7736519578457,
      983.0968471650891,
      1046.286892148575,
      1665.060618663842,
      3430.4729077154448,
      3351.908641153989,
      5397.378779658552,
      8247.54792433045,
      13784.632245531358,
      15612.59636573514,
      21637.294953592747,
      33175.21393676308,
      40141.1129692349,
      55744.548210604844,
      77183.75039762132,
      99263.67752425838,
      127775.60292127213,
      163956.66467063135,
      221446.70685063698,
      264626.2239917037,
      351653.1375830157,
      431630.2626977497,
      546013.7114076662,
      670948.4337136365,
      803398.5208488815,
      967646.7095242303,
      1113848.7404895746,
      1283203.3998643386,
      1524136.5291711567,
      1787811.7755868423,
      2076508.025245149,
      2335486.291889563,
      2490583.572698566,
      2388202.4833333497,
      2130184.551702969,
      1531181.821412371,
      680371.2858916513,
      229797.36198536388,
      12519.58418202084
   ],
   "N pairs": [
      65280,
      0,
      0,
      130050,
      0,
      0,
      324104,
      0,
      0,
      193800,
      258060,
      257048,
      449570,
      575312,
      511036,
      700020,
      1203734,
      1007972,
      1445380,
      1937042,
      2859272,
      2897116,
      3674690,
      5155474,
      5773520,
      7491838,
      9701238,
      11757186,
      14320938,
      17540114,
      22734900,
      26303374,
      34062188,
      40733820,
      50149068,
      60431004,
      72289830,
      87731826,
      102476376,
      120332462,
      140368314,
      158782298,
      178392398,
      192781200,
      200564162,
      196929652,
      173862636,
      123283452,
      50816154,
      14282052,
      1557090
   ],
   "Unweighted B(r)": [
      7.166448800160245e-05,
      NaN,
      NaN,
      0.00019318595480470664,
      NaN,
      NaN,
      0.00042857618651809433,
      NaN,
      NaN,
      0.0006781182293237225,
      0.00088334911259576,
      0.0011106554803477105,
      0.0013563486263715233,
      0.0017088064340133513,
      0.0020473839262763775,
      0.002378590066946433,
      0.002849859609943264,
      0.0033253985638033484,
      0.003734228216564884,
      0.004257805418948299,
      0.0048210286553819846,
      0.005389013199932326,
      0.005888195998463203,
      0.006434949325079145,
      0.00695262387057374,
      0.0074407038981094955,
      0.00795607224537954,
      0.008442809148741747,
      0.00892229286386633,
      0.009347525601636987,
      0.009740386227809974,
      0.010060542955124454,
      0.010323856400035598,
      0.010596361026236914,
      0.010887813735793977,
      0.011102718626247489,
      0.011113576015448942,
      0.011029597281199075,
      0.010869322120540002,
      0.010663817381749728,
      0.010858123786905047,
      0.011259515689758076,
      0.011640114985421906,
      0.012114699420325028,
      0.012417889357015667,
      0.012127185820311862,
      0.012252112361295205,
      0.012420010930683309,
      0.013388877991271265,
      0.016089940156033874,
      0.008040372863495905
   ],
   "Weighted B(r)": [
      7.166448800160245e-05,
      NaN,
      NaN,
      0.00019318595480470664,
      NaN,
      NaN,
      0.00042857618651809433,
      NaN,
      NaN,
      0.0006781182293237225,
      0.00088334911259576,
      0.0011106554803477105,
      0.0013563486263715233,
      0.0017088064340133513,
      0.0020473839262763775,
      0.002378590066946433,
      0.002849859609943264,
      0.0033253985638033484,
      0.003734228216564884,
      0.004257805418948299,
      0.0048210286553819846,
      0.005389013199932326,
      0.005888195998463203,
      0.006434949325079145,
      0.00695262387057374,
      0.0074407038981094955,
      0.00795607224537954,
      0.008442809148741747,
      0.00892229286386633,
      0.009347525601636987,
      0.009740386227809974,
      0.010060542955124454,
      0.010323856400035598,
      0.010596361026236914,
      0.010887813735793977,
      0.011102718626247489,
      0.011113576015448942,
      0.011029597281199075,
      0.010869322120540002,
      0.010663817381749728,
      0.010858123786905047,
      0.011259515689758076,
      0.011640114985421906,
      0.012114699420325028,
      0.012417889357015667,
      0.012127185820311862,
      0.012252112361295205,
      0.012420010930683309,
      0.013388877991271265,
      0.016089940156033874,
      0.008040372863495905
   ],
   "Unweighted sigma^2": 0.005730140105231811,
   "Apparent r0": 12.15576659554092
}