{
   "log10 r": [
      0.0,
      0.05,
      0.1,
      0.15000000000000002,
      0.2,
      0.25,
      0.30000000000000004,
      0.35000000000000003,
      0.4,
      0.45,
      0.5,
      0.55,
      0.6000000000000001,
      0.65,
      0.7000000000000001,
      0.75,
      0.8,
      0.8500000000000001,
      0.9,
      0.9500000000000001,
      1.0,
      1.05,
      1.1,
      1.1500000000000001,
      1.2000000000000002,
      1.25,
      1.3,
      1.35,
      1.4000000000000001,
      1.4500000000000002,
      1.5,
      1.55,
      1.6,
      1.6500000000000001,
      1.7000000000000002,
      1.75,
      1.8,
      1.85,
      1.9000000000000001,
      1.9500000000000002,
      2.0,
      2.0500000000000003,
      2.1,
      2.15,
      2.2,
      2.25,
      2.3000000000000003,
      2.35,
      2.4000000000000004,
      2.45,
      2.5
   ],
   "Sum dv^2": [
      971.6752274106382,
      0.0,
      0.0,
      3378.4283637439703,
      0.0,
      0.0,
      13267.440388022493,
      0.0,
      0.0,
      10106.319019285458,
      15043.549973066207,
      16751.272889029842,
      32239.44025015176,
      45944.12224506247,
      44231.92430219988,
      65154.31062341323,
      121736.58258283201,
      109522.96437180431,
      166046.70587926518,
      237238.2961124111,
      372943.3788265313,
      400541.05560626625,
      533000.6376731811,
      785251.0099489631,
      918387.8829662515,
      1240520.3010780944,
      1667270.3438427285,
      2101516.6983583206,
      2659559.7010887144,
      3389738.8261591685,
      4572348.453527145,
      5468324.925910576,
      7300102.438560045,
      9019884.904923439,
      11433270.856667174,
      14112682.608727524,
      17248945.50392233,
      21258135.12799331,
      25138187.16598235,
      29424925.843784805,
      33525414.31467953,
      37120100.09571924,
      41487491.91535421,
      45471551.43326252,
      47882060.21978557,
      49053081.472461775,
      42427757.54029221,
      30231035.17674499,
      13654009.90656803,
      3832303.837942984,
      372603.2209252732
   ],
   "Sum weights": [
      65280.0,
      0.0,
      0.0,
      130050.0,
      0.0,
      0.0,
      324104.0,
      0.0,
      0.0,
      193800.0,
      258060.0,
      257048.0,
      449570.0,
      575312.0,
      511036.0,
      700020.0,
      1203734.0,
      1007972.0,
      1445380.0,
      1937042.0,
      2859272.0,
      2897116.0,
      3674690.0,
      5155474.0,
      5773520.0,
      7491838.0,
      9701238.0,
      11757186.0,
      14320938.0,
      17540114.0,
      22734900.0,
      26303374.0,
      34062188.0,
      40733820.0,
      50149068.0,
      60431004.0,
      72289830.0,
      87731826.0,
      102476376.0,
      120332462.0,
      140368314.0,
      158782298.0,
      178392398.0,
      192781200.0,
      200564162.0,
      196929652.0,
      173862636.0,
      123283452.0,
      50816154.0,
      14282052.0,
      1557090.0
   ],
   "Sum w * dv^2": [
      971.6752274106382,
      0.0,
      0.0,
      3378.4283637439703,
      0.0,
      0.0,
      13267.440388022493,
      0.0,
      0.0,
      10106.319019285458,
      15043.549973066207,
      16751.272889029842,
      32239.44025015176,
      45944.12224506247,
      44231.92430219988,
      65154.31062341323,
      121736.58258283201,
      109522.96437180431,
      166046.70587926518,
      237238.2961124111,
      372943.3788265313,
      400541.05560626625,
      533000.6376731811,
      785251.0099489631,
      918387.8829662515,
      1240520.3010780944,
      1667270.3438427285,
      2101516.6983583206,
      2659559.7010887144,
      3389738.8261591685,
      4572348.453527145,
      5468324.925910576,
      7300102.438560045,
      9019884.904923439,
      11433270.856667174,
      14112682.608727524,
      17248945.50392233,
      21258135.12799331,
      25138187.16598235,
      29424925.843784805,
      33525414.31467953,
      37120100.09571924,
      41487491.91535421,
      45471551.43326252,
      47882060.21978557,
      49053081.472461775,
      42427757.54029221,
      30231035.17674499,
      13654009.90656803,
      3832303.837942984,
      372603.2209252732
   ],
   "N pairs": [
      65280,
      0,
      0,
      130050,
      0,
      0,
      324104,
      0,
      0,
      193800,
      258060,
      257048,
      449570,
      575312,
      511036,
      700020,
      1203734,
      1007972,
      1445380,
      1937042,
      2859272,
      2897116,
      3674690,
      5155474,
      5773520,
      7491838,
      9701238,
      11757186,
      14320938,
      17540114,
      22734900,
      26303374,
      34062188,
      40733820,
      50149068,
      60431004,
      72289830,
      87731826,
      102476376,
      120332462,
      140368314,
      158782298,
      178392398,
      192781200,
      200564162,
      196929652,
      173862636,
      123283452,
      50816154,
      14282052,
      1557090
   ],
   "Unweighted B(r)": [
      0.014884730812050218,
      NaN,
      NaN,
      0.025977918983037064,
      NaN,
      NaN,
      0.040935750216049456,
      NaN,
      NaN,
      0.052148188954001334,
      0.05829477630421687,
      0.06516787871926583,
      0.07171172509320409,
      0.07985948884268444,
      0.08655344105346761,
      0.09307492732123829,
      0.10113246164254894,
      0.10865675273896924,
      0.11488100421983505,
      0.12247452358410975,
      0.13043298392966157,
      0.13825509769241764,
      0.14504642233036832,
      0.15231402775941902,
      0.1590689705701637,
      0.16558290516667531,
      0.17186160610045115,
      0.17874317020742214,
      0.18571127820598862,
      0.19325637371337315,
      0.20111583748013606,
      0.20789442928160382,
      0.2143168970402032,
      0.2214347906708342,
      0.22798570965799753,
      0.23353381004107635,
      0.23860819016896745,
      0.24230813488360897,
      0.24530714440938417,
      0.24453024025873255,
      0.23883890430342797,
      0.23377983920927534,
      0.232563115808075,
      0.23587129571380674,
      0.23873686974937014,
      0.24908936249205263,
      0.24403033634145643,
      0.24521567725687135,
      0.26869427990493006,
      0.26833005774961355,
      0.23929459499789557
   ],
   "Weighted B(r)": [
      0.014884730812050218,
      NaN,
      NaN,
      0.025977918983037064,
      NaN,
      NaN,
      0.040935750216049456,
      NaN,
      NaN,
      0.052148188954001334,
      0.05829477630421687,
      0.06516787871926583,
      0.07171172509320409,
      0.07985948884268444,
      0.08655344105346761,
      0.09307492732123829,
      0.10113246164254894,
      0.10865675273896924,
      0.11488100421983505,
      0.12247452358410975,
      0.13043298392966157,
      0.13825509769241764,
      0.14504642233036832,
      0.15231402775941902,
      0.1590689705701637,
      0.16558290516667531,
      0.17186160610045115,
      0.17874317020742214,
      0.18571127820598862,
      0.19325637371337315,
      0.20111583748013606,
      0.20789442928160382,
      0.2143168970402032,
      0.2214347906708342,
      0.22798570965799753,
      0.23353381004107635,
      0.23860819016896745,
      0.24230813488360897,
      0.24530714440938417,
      0.24453024025873255,
      0.23883890430342797,
      0.23377983920927534,
      0.232563115808075,
      0.23587129571380674,
      0.23873686974937014,
      0.24908936249205263,
      0.24403033634145643,
      0.24521567725687135,
      0.26869427990493006,
      0.26833005774961355,
      0.23929459499789557
   ],
   "Unweighted sigma^2": 0.11801708565059144,
   "Apparent r0": 8.343567742985876
}