{
   "log10 r": [
      0.0,
      0.05,
      0.1,
      0.15000000000000002,
      0.2,
      0.25,
      0.30000000000000004,
      0.35000000000000003,
      0.4,
      0.45,
      0.5,
      0.55,
      0.6000000000000001,
      0.65,
      0.7000000000000001,
      0.75,
      0.8,
      0.8500000000000001,
      0.9,
      0.9500000000000001,
      1.0,
      1.05,
      1.1,
      1.1500000000000001,
      1.2000000000000002,
      1.25,
      1.3,
      1.35,
      1.4000000000000001,
      1.4500000000000002,
      1.5,
      1.55,
      1.6,
      1.6500000000000001,
      1.7000000000000002,
      1.75,
      1.8,
      1.85,
      1.9000000000000001,
      1.9500000000000002,
      2.0,
      2.0500000000000003,
      2.1,
      2.15,
      2.2,
      2.25,
      2.3000000000000003,
      2.35,
      2.4000000000000004,
      2.45,
      2.5
   ],
   "Sum dv^2": [
      167.68548557123185,
      0.0,
      0.0,
      591.1271772734559,
      0.0,
      0.0,
      2332.69147721609,
      0.0,
      0.0,
      1786.432753071032,
      2700.8131685683056,
      3021.1412021066326,
      5847.863407233869,
      8400.704261622974,
      8136.126023390652,
      12052.62648525486,
      22675.95542617092,
      20493.643806598993,
      31253.728376310177,
      44827.203158539356,
      70798.61456214768,
      76120.86185521234,
      101707.82597767968,
      150425.6003420218,
      177453.3813402159,
      240856.5599872259,
      326076.34740423184,
      410649.0374559492,
      517344.1254084539,
      649595.5603975957,
      858589.9767568522,
      1007986.3830177465,
      1320282.7459235876,
      1595813.9382310477,
      1985623.0849902348,
      2424935.7224627146,
      2987376.0408354388,
      3789065.7453984753,
      4609372.236680567,
      5625883.3166042715,
      6710503.905199119,
      7714378.868418113,
      8772529.938903939,
      9486242.242021525,
      9844514.792271327,
      9531473.626886396,
      8138285.534217695,
      5483689.548869083,
      2204573.343125678,
      632690.1153555689,
      60756.28399475931
   ],
   "Sum weights": [
      65280.0,
      0.0,
      0.0,
      130050.0,
      0.0,
      0.0,
      324104.0,
      0.0,
      0.0,
      193800.0,
      258060.0,
      257048.0,
      449570.0,
      575312.0,
      511036.0,
      700020.0,
      1203734.0,
      1007972.0,
      1445380.0,
      1937042.0,
      2859272.0,
      2897116.0,
      3674690.0,
      5155474.0,
      5773520.0,
      7491838.0,
      9701238.0,
      11757186.0,
      14320938.0,
      17540114.0,
      22734900.0,
      26303374.0,
      34062188.0,
      40733820.0,
      50149068.0,
      60431004.0,
      72289830.0,
      87731826.0,
      102476376.0,
      120332462.0,
      140368314.0,
      158782298.0,
      178392398.0,
      192781200.0,
      200564162.0,
      196929652.0,
      173862636.0,
      123283452.0,
      50816154.0,
      14282052.0,
      1557090.0
   ],
   "Sum w * dv^2": [
      167.68548557123185,
      0.0,
      0.0,
      591.1271772734559,
      0.0,
      0.0,
      2332.69147721609,
      0.0,
      0.0,
      1786.432753071032,
      2700.8131685683056,
      3021.1412021066326,
      5847.863407233869,
      8400.704261622974,
      8136.126023390652,
      12052.62648525486,
      22675.95542617092,
      20493.643806598993,
      31253.728376310177,
      44827.203158539356,
      70798.61456214768,
      76120.86185521234,
      101707.82597767968,
      150425.6003420218,
      177453.3813402159,
      240856.5599872259,
      326076.34740423184,
      410649.0374559492,
      517344.1254084539,
      649595.5603975957,
      858589.9767568522,
      1007986.3830177465,
      1320282.7459235876,
      1595813.9382310477,
      1985623.0849902348,
      2424935.7224627146,
      2987376.0408354388,
      3789065.7453984753,
      4609372.236680567,
      5625883.3166042715,
      6710503.905199119,
      7714378.868418113,
      8772529.938903939,
      9486242.242021525,
      9844514.792271327,
      9531473.626886396,
      8138285.534217695,
      5483689.548869083,
      2204573.343125678,
      632690.1153555689,
      60756.28399475931
   ],
   "N pairs": [
      65280,
      0,
      0,
      130050,
      0,
      0,
      324104,
      0,
      0,
      193800,
      258060,
      257048,
      449570,
      575312,
      511036,
      700020,
      1203734,
      1007972,
      1445380,
      1937042,
      2859272,
      2897116,
      3674690,
      5155474,
      5773520,
      7491838,
      9701238,
      11757186,
      14320938,
      17540114,
      22734900,
      26303374,
      34062188,
      40733820,
      50149068,
      60431004,
      72289830,
      87731826,
      102476376,
      120332462,
      140368314,
      158782298,
      178392398,
      192781200,
      200564162,
      196929652,
      173862636,
      123283452,
      50816154,
      14282052,
      1557090
   ],
   "Unweighted B(r)": [
      0.0025687114824024487,
      NaN,
      NaN,
      0.004545383908292625,
      NaN,
      NaN,
      0.007197354791104367,
      NaN,
      NaN,
      0.009217919262492425,
      0.01046583418030034,
      0.011753218084196852,
      0.013007681578472471,
      0.014601997284296127,
      0.015920847109383005,
      0.017217545906195335,
      0.018838011908088433,
      0.020331560605452326,
      0.02162319139348142,
      0.02314209147687007,
      0.02476106315249045,
      0.026274702792436457,
      0.02767793364275073,
      0.02917784093994496,
      0.030735735104445105,
      0.03214919489546168,
      0.033611828449547555,
      0.03492749348831848,
      0.03612501676974329,
      0.03703485395805271,
      0.03776528494767306,
      0.03832156220786529,
      0.03876094941181076,
      0.039176633525435316,
      0.0395944164902573,
      0.04012734460712774,
      0.04132498362266779,
      0.043189181374139816,
      0.044979852104455445,
      0.046752831472892754,
      0.04780640098875248,
      0.04858462791877539,
      0.04917546956739681,
      0.049207299477446585,
      0.049084116993300765,
      0.048400398467603016,
      0.04680870899839397,
      0.04448033746547819,
      0.04338331750029092,
      0.04429966473694179,
      0.03901912156314619
   ],
   "Weighted B(r)": [
      0.0025687114824024487,
      NaN,
      NaN,
      0.004545383908292625,
      NaN,
      NaN,
      0.007197354791104367,
      NaN,
      NaN,
      0.009217919262492425,
      0.01046583418030034,
      0.011753218084196852,
      0.013007681578472471,
      0.014601997284296127,
      0.015920847109383005,
      0.017217545906195335,
      0.018838011908088433,
      0.020331560605452326,
      0.02162319139348142,
      0.02314209147687007,
      0.02476106315249045,
      0.026274702792436457,
      0.02767793364275073,
      0.02917784093994496,
      0.030735735104445105,
      0.03214919489546168,
      0.033611828449547555,
      0.03492749348831848,
      0.03612501676974329,
      0.03703485395805271,
      0.03776528494767306,
      0.03832156220786529,
      0.03876094941181076,
      0.039176633525435316,
      0.0395944164902573,
      0.04012734460712774,
      0.04132498362266779,
      0.043189181374139816,
      0.044979852104455445,
      0.046752831472892754,
      0.04780640098875248,
      0.04858462791877539,
      0.04917546956739681,
      0.049207299477446585,
      0.049084116993300765,
      0.048400398467603016,
      0.04680870899839397,
      0.04448033746547819,
      0.04338331750029092,
      0.04429966473694179,
      0.03901912156314619
   ],
   "Unweighted sigma^2": 0.0228281015833982,
   "Apparent r0": 8.712148938597547
}