{
   "log10 r": [
      0.0,
      0.05,
      0.1,
      0.15000000000000002,
      0.2,
      0.25,
      0.30000000000000004,
      0.35000000000000003,
      0.4,
      0.45,
      0.5,
      0.55,
      0.6000000000000001,
      0.65,
      0.7000000000000001,
      0.75,
      0.8,
      0.8500000000000001,
      0.9,
      0.9500000000000001,
      1.0,
      1.05,
      1.1,
      1.1500000000000001,
      1.2000000000000002,
      1.25,
      1.3,
      1.35,
      1.4000000000000001,
      1.4500000000000002,
      1.5,
      1.55,
      1.6,
      1.6500000000000001,
      1.7000000000000002,
      1.75,
      1.8,
      1.85,
      1.9000000000000001,
      1.9500000000000002,
      2.0,
      2.0500000000000003,
      2.1,
      2.15,
      2.2,
      2.25,
      2.3000000000000003,
      2.35,
      2.4000000000000004,
      2.45,
      2.5
   ],
   "Sum dv^2": [
      93.58477944000416,
      0.0,
      0.0,
      424.6453332781247,
      0.0,
      0.0,
      2402.51653076197,
      0.0,
      0.0,
      2338.0521601392093,
      3846.3980795965126,
      4817.913410537484,
      10469.164156778126,
      16826.994227308965,
      17574.16236317885,
      28281.18708183276,
      57772.31888348854,
      55789.75235488422,
      89953.77241093278,
      136368.48368988527,
      226591.2102092173,
      253579.52158738064,
      349395.1574986795,
      529233.3681528326,
      636068.6749031892,
      873464.268729167,
      1196631.4165493196,
      1517684.3290684188,
      1932293.6893894977,
      2454538.2191431844,
      3279949.797334741,
      3879659.4791119574,
      5113586.71509775,
      6152739.645249514,
      7563636.888580403,
      9149033.155859163,
      10967646.635426844,
      13176081.68167043,
      15088862.856022941,
      17573522.692380853,
      20313103.32413743,
      22699394.740645647,
      26314926.877944633,
      30187318.36067601,
      33380168.375514735,
      34321399.74536828,
      29624676.738247737,
      21240182.612541314,
      9924303.813229557,
      3905546.1400027373,
      443749.58491079207
   ],
   "Sum weights": [
      65280.0,
      0.0,
      0.0,
      130050.0,
      0.0,
      0.0,
      324104.0,
      0.0,
      0.0,
      193800.0,
      258060.0,
      257048.0,
      449570.0,
      575312.0,
      511036.0,
      700020.0,
      1203734.0,
      1007972.0,
      1445380.0,
      1937042.0,
      2859272.0,
      2897116.0,
      3674690.0,
      5155474.0,
      5773520.0,
      7491838.0,
      9701238.0,
      11757186.0,
      14320938.0,
      17540114.0,
      22734900.0,
      26303374.0,
      34062188.0,
      40733820.0,
      50149068.0,
      60431004.0,
      72289830.0,
      87731826.0,
      102476376.0,
      120332462.0,
      140368314.0,
      158782298.0,
      178392398.0,
      192781200.0,
      200564162.0,
      196929652.0,
      173862636.0,
      123283452.0,
      50816154.0,
      14282052.0,
      1557090.0
   ],
   "Sum w * dv^2": [
      93.58477944000416,
      0.0,
      0.0,
      424.6453332781247,
      0.0,
      0.0,
      2402.51653076197,
      0.0,
      0.0,
      2338.0521601392093,
      3846.3980795965126,
      4817.913410537484,
      10469.164156778126,
      16826.994227308965,
      17574.16236317885,
      28281.18708183276,
      57772.31888348854,
      55789.75235488422,
      89953.77241093278,
      136368.48368988527,
      226591.2102092173,
      253579.52158738064,
      349395.1574986795,
      529233.3681528326,
      636068.6749031892,
      873464.268729167,
      1196631.4165493196,
      1517684.3290684188,
      1932293.6893894977,
      2454538.2191431844,
      3279949.797334741,
      3879659.4791119574,
      5113586.71509775,
      6152739.645249514,
      7563636.888580403,
      9149033.155859163,
      10967646.635426844,
      13176081.68167043,
      15088862.856022941,
      17573522.692380853,
      20313103.32413743,
      22699394.740645647,
      26314926.877944633,
      30187318.36067601,
      33380168.375514735,
      34321399.74536828,
      29624676.738247737,
      21240182.612541314,
      9924303.813229557,
      3905546.1400027373,
      443749.58491079207
   ],
   "N pairs": [
      65280,
      0,
      0,
      130050,
      0,
      0,
      324104,
      0,
      0,
      193800,
      258060,
      257048,
      449570,
      575312,
      511036,
      700020,
      1203734,
      1007972,
      1445380,
      1937042,
      2859272,
      2897116,
      3674690,
      5155474,
      5773520,
      7491838,
      9701238,
      11757186,
      14320938,
      17540114,
      22734900,
      26303374,
      34062188,
      40733820,
      50149068,
      60431004,
      72289830,
      87731826,
      102476376,
      120332462,
      140368314,
      158782298,
      178392398,
      192781200,
      200564162,
      196929652,
      173862636,
      123283452,
      50816154,
      14282052,
      1557090
   ],
   "Unweighted B(r)": [
      0.001433590371323593,
      NaN,
      NaN,
      0.003265246699562666,
      NaN,
      NaN,
      0.0074127950619615,
      NaN,
      NaN,
      0.01206425263229726,
      0.014905053396870932,
      0.018743244104359826,
      0.023287061318099798,
      0.029248467313925254,
      0.03438928444019374,
      0.04040054153000308,
      0.04799425694006196,
      0.05534851400126613,
      0.062235379215799844,
      0.07040037525767912,
      0.0792478680619463,
      0.08752825968562551,
      0.09508153272757143,
      0.10265464788549658,
      0.11016999593024518,
      0.11658878218257882,
      0.12334832075548705,
      0.12908567824549333,
      0.13492787200038836,
      0.13993855565267047,
      0.14426937428071998,
      0.14749664735451648,
      0.15012502177187648,
      0.15104745013479007,
      0.15082307987419433,
      0.15139634542327252,
      0.15171769853970943,
      0.1501858821640214,
      0.14724235423804352,
      0.14604141226979012,
      0.14471288245392355,
      0.14295922799055125,
      0.1475114812792899,
      0.15658849701462596,
      0.16643137060306284,
      0.1742825389513626,
      0.17039127796410344,
      0.1722873773240979,
      0.1952982079916862,
      0.27345833357858784,
      0.28498647150183487
   ],
   "Weighted B(r)": [
      0.001433590371323593,
      NaN,
      NaN,
      0.003265246699562666,
      NaN,
      NaN,
      0.0074127950619615,
      NaN,
      NaN,
      0.01206425263229726,
      0.014905053396870932,
      0.018743244104359826,
      0.023287061318099798,
      0.029248467313925254,
      0.03438928444019374,
      0.04040054153000308,
      0.04799425694006196,
      0.05534851400126613,
      0.062235379215799844,
      0.07040037525767912,
      0.0792478680619463,
      0.08752825968562551,
      0.09508153272757143,
      0.10265464788549658,
      0.11016999593024518,
      0.11658878218257882,
      0.12334832075548705,
      0.12908567824549333,
      0.13492787200038836,
      0.13993855565267047,
      0.14426937428071998,
      0.14749664735451648,
      0.15012502177187648,
      0.15104745013479007,
      0.15082307987419433,
      0.15139634542327252,
      0.15171769853970943,
      0.1501858821640214,
      0.14724235423804352,
      0.14604141226979012,
      0.14471288245392355,
      0.14295922799055125,
      0.1475114812792899,
      0.15658849701462596,
      0.16643137060306284,
      0.1742825389513626,
      0.17039127796410344,
      0.1722873773240979,
      0.1952982079916862,
      0.27345833357858784,
      0.28498647150183487
   ],
   "Unweighted sigma^2": 0.07821790510936077,
   "Apparent r0": 9.873401982540578
}