{
   "log10 r": [
      0.0,
      0.05,
      0.1,
      0.15000000000000002,
      0.2,
      0.25,
      0.30000000000000004,
      0.35000000000000003,
      0.4,
      0.45,
      0.5,
      0.55,
      0.6000000000000001,
      0.65,
      0.7000000000000001,
      0.75,
      0.8,
      0.8500000000000001,
      0.9,
      0.9500000000000001,
      1.0,
      1.05,
      1.1,
      1.1500000000000001,
      1.2000000000000002,
      1.25,
      1.3,
      1.35,
      1.4000000000000001,
      1.4500000000000002,
      1.5,
      1.55,
      1.6,
      1.6500000000000001,
      1.7000000000000002,
      1.75,
      1.8,
      1.85,
      1.9000000000000001,
      1.9500000000000002,
      2.0,
      2.0500000000000003,
      2.1,
      2.15,
      2.2,
      2.25,
      2.3000000000000003,
      2.35,
      2.4000000000000004,
      2.45,
      2.5
   ],
   "Sum dv^2": [
      57.0416243921126,
      0.0,
      0.0,
      191.16144217957893,
      0.0,
      0.0,
      761.9245619024996,
      0.0,
      0.0,
      594.8347024966359,
      882.3510734170455,
      999.8998256395521,
      1975.2766362411978,
      2892.467723242738,
      2813.4937403612125,
      4291.918231924477,
      8293.322381687674,
      7712.622621399074,
      12131.32564338597,
      18103.822234122345,
      29902.754837207372,
      33773.11486507926,
      47177.51891712956,
      73265.96649851743,
      90619.4042149851,
      129719.74064358805,
      186272.12411450973,
      250939.17539171682,
      339445.5161805128,
      461645.8462381202,
      667291.7441761539,
      859223.9717900974,
      1239682.2583491954,
      1657620.8679915175,
      2285053.481813527,
      3086376.723240539,
      4138450.702246936,
      5664742.565166874,
      7526280.47767547,
      10119730.652609138,
      13667813.172926828,
      17851522.189864315,
      22901203.42489193,
      28269389.21416667,
      33593048.73421551,
      36621735.115031846,
      34317343.97689894,
      24110669.76286196,
      8894938.872782512,
      1951229.6521471513,
      154567.27738802356
   ],
   "Sum weights": [
      65280.0,
      0.0,
      0.0,
      130050.0,
      0.0,
      0.0,
      324104.0,
      0.0,
      0.0,
      193800.0,
      258060.0,
      257048.0,
      449570.0,
      575312.0,
      511036.0,
      700020.0,
      1203734.0,
      1007972.0,
      1445380.0,
      1937042.0,
      2859272.0,
      2897116.0,
      3674690.0,
      5155474.0,
      5773520.0,
      7491838.0,
      9701238.0,
      11757186.0,
      14320938.0,
      17540114.0,
      22734900.0,
      26303374.0,
      34062188.0,
      40733820.0,
      50149068.0,
      60431004.0,
      72289830.0,
      87731826.0,
      102476376.0,
      120332462.0,
      140368314.0,
      158782298.0,
      178392398.0,
      192781200.0,
      200564162.0,
      196929652.0,
      173862636.0,
      123283452.0,
      50816154.0,
      14282052.0,
      1557090.0
   ],
   "Sum w * dv^2": [
      57.0416243921126,
      0.0,
      0.0,
      191.16144217957893,
      0.0,
      0.0,
      761.9245619024996,
      0.0,
      0.0,
      594.8347024966359,
      882.3510734170455,
      999.8998256395521,
      1975.2766362411978,
      2892.467723242738,
      2813.4937403612125,
      4291.918231924477,
      8293.322381687674,
      7712.622621399074,
      12131.32564338597,
      18103.822234122345,
      29902.754837207372,
      33773.11486507926,
      47177.51891712956,
      73265.96649851743,
      90619.4042149851,
      129719.74064358805,
      186272.12411450973,
      250939.17539171682,
      339445.5161805128,
      461645.8462381202,
      667291.7441761539,
      859223.9717900974,
      1239682.2583491954,
      1657620.8679915175,
      2285053.481813527,
      3086376.723240539,
      4138450.702246936,
      5664742.565166874,
      7526280.47767547,
      10119730.652609138,
      13667813.172926828,
      17851522.189864315,
      22901203.42489193,
      28269389.21416667,
      33593048.73421551,
      36621735.115031846,
      34317343.97689894,
      24110669.76286196,
      8894938.872782512,
      1951229.6521471513,
      154567.27738802356
   ],
   "N pairs": [
      65280,
      0,
      0,
      130050,
      0,
      0,
      324104,
      0,
      0,
      193800,
      258060,
      257048,
      449570,
      575312,
      511036,
      700020,
      1203734,
      1007972,
      1445380,
      1937042,
      2859272,
      2897116,
      3674690,
      5155474,
      5773520,
      7491838,
      9701238,
      11757186,
      14320938,
      17540114,
      22734900,
      26303374,
      34062188,
      40733820,
      50149068,
      60431004,
      72289830,
      87731826,
      102476376,
      120332462,
      140368314,
      158782298,
      178392398,
      192781200,
      200564162,
      196929652,
      173862636,
      123283452,
      50816154,
      14282052,
      1557090
   ],
   "Unweighted B(r)": [
      0.0008737993932615288,
      NaN,
      NaN,
      0.001469907283195532,
      NaN,
      NaN,
      0.0023508644197618653,
      NaN,
      NaN,
      0.003069322510302559,
      0.0034191702449703383,
      0.0038899342754643183,
      0.004393702062506835,
      0.00502765060218236,
      0.005505470730753239,
      0.006131136584561123,
      0.0068896636480216345,
      0.007651623875860713,
      0.008393173866655114,
      0.009346117551463699,
      0.010458170764169121,
      0.0116574948552558,
      0.012838503089275437,
      0.014211295896074238,
      0.015695694171837127,
      0.017314808548127718,
      0.019200861180244184,
      0.02134347244244642,
      0.023702743226771374,
      0.0263194324870477,
      0.0293509865526637,
      0.032665922318182355,
      0.03639467489138382,
      0.04069397046462909,
      0.04556522330212651,
      0.051072736161069554,
      0.057248034782305286,
      0.06456884375308539,
      0.07344405385369472,
      0.08409809360178418,
      0.09737107174292076,
      0.11242765985074933,
      0.12837544470304127,
      0.14663976162699824,
      0.16749277836693233,
      0.18596353948277858,
      0.19738193764012033,
      0.19557101437151483,
      0.17504156006734614,
      0.1366210998354544,
      0.09926675875384439
   ],
   "Weighted B(r)": [
      0.0008737993932615288,
      NaN,
      NaN,
      0.001469907283195532,
      NaN,
      NaN,
      0.0023508644197618653,
      NaN,
      NaN,
      0.003069322510302559,
      0.0034191702449703383,
      0.0038899342754643183,
      0.004393702062506835,
      0.00502765060218236,
      0.005505470730753239,
      0.006131136584561123,
      0.0068896636480216345,
      0.007651623875860713,
      0.008393173866655114,
      0.009346117551463699,
      0.010458170764169121,
      0.0116574948552558,
      0.012838503089275437,
      0.014211295896074238,
      0.015695694171837127,
      0.017314808548127718,
      0.019200861180244184,
      0.02134347244244642,
      0.023702743226771374,
      0.0263194324870477,
      0.0293509865526637,
      0.032665922318182355,
      0.03639467489138382,
      0.04069397046462909,
      0.04556522330212651,
      0.051072736161069554,
      0.057248034782305286,
      0.06456884375308539,
      0.07344405385369472,
      0.08409809360178418,
      0.09737107174292076,
      0.11242765985074933,
      0.12837544470304127,
      0.14663976162699824,
      0.16749277836693233,
      0.18596353948277858,
      0.19738193764012033,
      0.19557101437151483,
      0.17504156006734614,
      0.1366210998354544,
      0.09926675875384439
   ],
   "Unweighted sigma^2": 0.06098122045128044,
   "Apparent r0": 67.0216959322395
}