{
   "log10 r": [
      0.0,
      0.05,
      0.1,
      0.15000000000000002,
      0.2,
      0.25,
      0.30000000000000004,
      0.35000000000000003,
      0.4,
      0.45,
      0.5,
      0.55,
      0.6000000000000001,
      0.65,
      0.7000000000000001,
      0.75,
      0.8,
      0.8500000000000001,
      0.9,
      0.9500000000000001,
      1.0,
      1.05,
      1.1,
      1.1500000000000001,
      1.2000000000000002,
      1.25,
      1.3,
      1.35,
      1.4000000000000001,
      1.4500000000000002,
      1.5,
      1.55,
      1.6,
      1.6500000000000001,
      1.7000000000000002,
      1.75,
      1.8,
      1.85,
      1.9000000000000001,
      1.9500000000000002,
      2.0,
      2.0500000000000003,
      2.1,
      2.15,
      2.2,
      2.25,
      2.3000000000000003,
      2.35,
      2.4000000000000004,
      2.45,
      2.5
   ],
   "Sum dv^2": [
      1.5635290960635133,
      0.0,
      0.0,
      7.815254204362122,
      0.0,
      0.0,
      45.11942741212483,
      0.0,
      0.0,
      44.830370911749554,
      77.4328529884744,
      99.84886381241448,
      224.1868273563135,
      380.2863830197986,
      419.2155895913502,
      712.0489003995675,
      1579.5956012155566,
      1658.7224795078175,
      2900.5352240923935,
      4894.321195352907,
      9204.250786284947,
      11728.830655168598,
      18306.62568231955,
      31973.476243755154,
      44262.965010241474,
      70183.48713402994,
      111337.35339056117,
      163764.9248121041,
      239390.95524422827,
      346706.6615508257,
      527286.347599411,
      704385.7100177289,
      1036731.2927729394,
      1384396.7803400531,
      1861619.2542230336,
      2396671.955132071,
      2987019.747749304,
      3675240.412670534,
      4222228.806926209,
      4736076.56265941,
      5184378.287138545,
      5586815.771751051,
      6369071.59461973,
      7488357.91244561,
      8626099.80131787,
      8990931.610491337,
      7969053.910509595,
      5664180.783411281,
      2546582.7431674018,
      1204909.8960252071,
      121272.09840234349
   ],
   "Sum weights": [
      65280.0,
      0.0,
      0.0,
      130050.0,
      0.0,
      0.0,
      324104.0,
      0.0,
      0.0,
      193800.0,
      258060.0,
      257048.0,
      449570.0,
      575312.0,
      511036.0,
      700020.0,
      1203734.0,
      1007972.0,
      1445380.0,
      1937042.0,
      2859272.0,
      2897116.0,
      3674690.0,
      5155474.0,
      5773520.0,
      7491838.0,
      9701238.0,
      11757186.0,
      14320938.0,
      17540114.0,
      22734900.0,
      26303374.0,
      34062188.0,
      40733820.0,
      50149068.0,
      60431004.0,
      72289830.0,
      87731826.0,
      102476376.0,
      120332462.0,
      140368314.0,
      158782298.0,
      178392398.0,
      192781200.0,
      200564162.0,
      196929652.0,
      173862636.0,
      123283452.0,
      50816154.0,
      14282052.0,
      1557090.0
   ],
   "Sum w * dv^2": [
      1.5635290960635133,
      0.0,
      0.0,
      7.815254204362122,
      0.0,
      0.0,
      45.11942741212483,
      0.0,
      0.0,
      44.830370911749554,
      77.4328529884744,
      99.84886381241448,
      224.1868273563135,
      380.2863830197986,
      419.2155895913502,
      712.0489003995675,
      1579.5956012155566,
      1658.7224795078175,
      2900.5352240923935,
      4894.321195352907,
      9204.250786284947,
      11728.830655168598,
      18306.62568231955,
      31973.476243755154,
      44262.965010241474,
      70183.48713402994,
      111337.35339056117,
      163764.9248121041,
      239390.95524422827,
      346706.6615508257,
      527286.347599411,
      704385.7100177289,
      1036731.2927729394,
      1384396.7803400531,
      1861619.2542230336,
      2396671.955132071,
      2987019.747749304,
      3675240.412670534,
      4222228.806926209,
      4736076.56265941,
      5184378.287138545,
      5586815.771751051,
      6369071.59461973,
      7488357.91244561,
      8626099.80131787,
      8990931.610491337,
      7969053.910509595,
      5664180.783411281,
      2546582.7431674018,
      1204909.8960252071,
      121272.09840234349
   ],
   "N pairs": [
      65280,
      0,
      0,
      130050,
      0,
      0,
      324104,
      0,
      0,
      193800,
      258060,
      257048,
      449570,
      575312,
      511036,
      700020,
      1203734,
      1007972,
      1445380,
      1937042,
      2859272,
      2897116,
      3674690,
      5155474,
      5773520,
      7491838,
      9701238,
      11757186,
      14320938,
      17540114,
      22734900,
      26303374,
      34062188,
      40733820,
      50149068,
      60431004,
      72289830,
      87731826,
      102476376,
      120332462,
      140368314,
      158782298,
      178392398,
      192781200,
      200564162,
      196929652,
      173862636,
      123283452,
      50816154,
      14282052,
      1557090
   ],
   "Unweighted B(r)": [
      2.3951119731365093e-05,
      NaN,
      NaN,
      6.009422686937426e-05,
      NaN,
      NaN,
      0.00013921280642054657,
      NaN,
      NaN,
      0.00023132286332172114,
      0.0003000575563375742,
      0.0003884444298824129,
      0.000498669456049811,
      0.0006610089534370891,
      0.0008203249665216348,
      0.0010171836524664546,
      0.001312246394315984,
      0.0016456037265993673,
      0.002006763082436725,
      0.002526698541050172,
      0.0032190889101438923,
      0.004048450478050792,
      0.00498181497822117,
      0.006201849964475654,
      0.00766654744596736,
      0.009367993159226073,
      0.011476612922037494,
      0.01392892183657757,
      0.01671615052339646,
      0.019766499895657787,
      0.023192815785396507,
      0.026779291128876805,
      0.030436426831210592,
      0.033986421610839666,
      0.037121711897478,
      0.039659641516663714,
      0.04132005494755354,
      0.041891757874394794,
      0.041201972315318885,
      0.039358261968074834,
      0.03693410670401402,
      0.035185381759313315,
      0.03570259532370729,
      0.03884381834144414,
      0.043009178286387326,
      0.04565555018850761,
      0.04583534503934241,
      0.04594437202659836,
      0.05011364581364032,
      0.08436532061535745,
      0.07788380787388237
   ],
   "Weighted B(r)": [
      2.3951119731365093e-05,
      NaN,
      NaN,
      6.009422686937426e-05,
      NaN,
      NaN,
      0.00013921280642054657,
      NaN,
      NaN,
      0.00023132286332172114,
      0.0003000575563375742,
      0.0003884444298824129,
      0.000498669456049811,
      0.0006610089534370891,
      0.0008203249665216348,
      0.0010171836524664546,
      0.001312246394315984,
      0.0016456037265993673,
      0.002006763082436725,
      0.002526698541050172,
      0.0032190889101438923,
      0.004048450478050792,
      0.00498181497822117,
      0.006201849964475654,
      0.00766654744596736,
      0.009367993159226073,
      0.011476612922037494,
      0.01392892183657757,
      0.01671615052339646,
      0.019766499895657787,
      0.023192815785396507,
      0.026779291128876805,
      0.030436426831210592,
      0.033986421610839666,
      0.037121711897478,
      0.039659641516663714,
      0.04132005494755354,
      0.041891757874394794,
      0.041201972315318885,
      0.039358261968074834,
      0.03693410670401402,
      0.035185381759313315,
      0.03570259532370729,
      0.03884381834144414,
      0.043009178286387326,
      0.04565555018850761,
      0.04583534503934241,
      0.04594437202659836,
      0.05011364581364032,
      0.08436532061535745,
      0.07788380787388237
   ],
   "Unweighted sigma^2": 0.019705692638193096,
   "Apparent r0": 28.12273069967221
}