{
   "log10 r": [
      0.0,
      0.05,
      0.1,
      0.15000000000000002,
      0.2,
      0.25,
      0.30000000000000004,
      0.35000000000000003,
      0.4,
      0.45,
      0.5,
      0.55,
      0.6000000000000001,
      0.65,
      0.7000000000000001,
      0.75,
      0.8,
      0.8500000000000001,
      0.9,
      0.9500000000000001,
      1.0,
      1.05,
      1.1,
      1.1500000000000001,
      1.2000000000000002,
      1.25,
      1.3,
      1.35,
      1.4000000000000001,
      1.4500000000000002,
      1.5,
      1.55,
      1.6,
      1.6500000000000001,
      1.7000000000000002,
      1.75,
      1.8,
      1.85,
      1.9000000000000001,
      1.9500000000000002,
      2.0,
      2.0500000000000003,
      2.1,
      2.15,
      2.2,
      2.25,
      2.3000000000000003,
      2.35,
      2.4000000000000004,
      2.45,
      2.5
   ],
   "Sum dv^2": [
      165.6853721959771,
      0.0,
      0.0,
      579.0171483208971,
      0.0,
      0.0,
      2263.4285621769745,
      0.0,
      0.0,
      1715.5443232744565,
      2589.777457513748,
      2872.243617408228,
      5550.310395761461,
      7911.231552963111,
      7688.934279881822,
      11315.74119203173,
      21239.75149356117,
      19148.3599382509,
      29230.470830230486,
      41994.235421297715,
      66630.80392486697,
      71929.42129713722,
      96495.12505015948,
      143284.50080218152,
      169309.52694189156,
      230972.36823798963,
      315136.297257205,
      400162.01242097974,
      510561.4095042064,
      652273.0325356402,
      878343.890579345,
      1053631.3432571837,
      1413236.8371299037,
      1738990.4408276875,
      2180431.7542681997,
      2669929.6521821073,
      3243364.6241475414,
      3969122.0269654356,
      4667230.1109764995,
      5426408.531505892,
      6377842.436505357,
      7321212.925462013,
      8201724.004759392,
      8937864.264751444,
      9785772.808663392,
      10059878.658750527,
      9384548.324521529,
      6943944.933640259,
      2652648.8367566154,
      885157.8942007545,
      144194.85623290678
   ],
   "Sum weights": [
      65280.0,
      0.0,
      0.0,
      130050.0,
      0.0,
      0.0,
      324104.0,
      0.0,
      0.0,
      193800.0,
      258060.0,
      257048.0,
      449570.0,
      575312.0,
      511036.0,
      700020.0,
      1203734.0,
      1007972.0,
      1445380.0,
      1937042.0,
      2859272.0,
      2897116.0,
      3674690.0,
      5155474.0,
      5773520.0,
      7491838.0,
      9701238.0,
      11757186.0,
      14320938.0,
      17540114.0,
      22734900.0,
      26303374.0,
      34062188.0,
      40733820.0,
      50149068.0,
      60431004.0,
      72289830.0,
      87731826.0,
      102476376.0,
      120332462.0,
      140368314.0,
      158782298.0,
      178392398.0,
      192781200.0,
      200564162.0,
      196929652.0,
      173862636.0,
      123283452.0,
      50816154.0,
      14282052.0,
      1557090.0
   ],
   "Sum w * dv^2": [
      165.6853721959771,
      0.0,
      0.0,
      579.0171483208971,
      0.0,
      0.0,
      2263.4285621769745,
      0.0,
      0.0,
      1715.5443232744565,
      2589.777457513748,
      2872.243617408228,
      5550.310395761461,
      7911.231552963111,
      7688.934279881822,
      11315.74119203173,
      21239.75149356117,
      19148.3599382509,
      29230.470830230486,
      41994.235421297715,
      66630.80392486697,
      71929.42129713722,
      96495.12505015948,
      143284.50080218152,
      169309.52694189156,
      230972.36823798963,
      315136.297257205,
      400162.01242097974,
      510561.4095042064,
      652273.0325356402,
      878343.890579345,
      1053631.3432571837,
      1413236.8371299037,
      1738990.4408276875,
      2180431.7542681997,
      2669929.6521821073,
      3243364.6241475414,
      3969122.0269654356,
      4667230.1109764995,
      5426408.531505892,
      6377842.436505357,
      7321212.925462013,
      8201724.004759392,
      8937864.264751444,
      9785772.808663392,
      10059878.658750527,
      9384548.324521529,
      6943944.933640259,
      2652648.8367566154,
      885157.8942007545,
      144194.85623290678
   ],
   "N pairs": [
      65280,
      0,
      0,
      130050,
      0,
      0,
      324104,
      0,
      0,
      193800,
      258060,
      257048,
      449570,
      575312,
      511036,
      700020,
      1203734,
      1007972,
      1445380,
      1937042,
      2859272,
      2897116,
      3674690,
      5155474,
      5773520,
      7491838,
      9701238,
      11757186,
      14320938,
      17540114,
      22734900,
      26303374,
      34062188,
      40733820,
      50149068,
      60431004,
      72289830,
      87731826,
      102476376,
      120332462,
      140368314,
      158782298,
      178392398,
      192781200,
      200564162,
      196929652,
      173862636,
      123283452,
      50816154,
      14282052,
      1557090
   ],
   "Unweighted B(r)": [
      0.0025380724907471982,
      NaN,
      NaN,
      0.004452265654139924,
      NaN,
      NaN,
      0.0069836489589050876,
      NaN,
      NaN,
      0.008852137890993067,
      0.010035563270223001,
      0.011173958238960148,
      0.01234582021879009,
      0.013751202048563407,
      0.015045778144556982,
      0.01616488270625372,
      0.017644887901779937,
      0.018996916519755408,
      0.020223381277055506,
      0.02167956885875356,
      0.023303415668347385,
      0.02482793968109569,
      0.02625939196235859,
      0.027792691962403752,
      0.029325182374338628,
      0.030829866881530225,
      0.03248413215480385,
      0.03403552622379026,
      0.03565139444805964,
      0.03718750246068185,
      0.03863416555952941,
      0.04005688940351088,
      0.04148990185627253,
      0.04269156295254625,
      0.043479008508556925,
      0.04418145447628352,
      0.044866126039410266,
      0.04524152987497873,
      0.04554444929801674,
      0.04509513427478856,
      0.045436482456470605,
      0.04610849583158201,
      0.045975748387884735,
      0.046362737988722154,
      0.04879123324466807,
      0.051083615679930854,
      0.053976797662963816,
      0.05632503649914231,
      0.052200897312232944,
      0.06197694100264825,
      0.09260534473466966
   ],
   "Weighted B(r)": [
      0.0025380724907471982,
      NaN,
      NaN,
      0.004452265654139924,
      NaN,
      NaN,
      0.0069836489589050876,
      NaN,
      NaN,
      0.008852137890993067,
      0.010035563270223001,
      0.011173958238960148,
      0.01234582021879009,
      0.013751202048563407,
      0.015045778144556982,
      0.01616488270625372,
      0.017644887901779937,
      0.018996916519755408,
      0.020223381277055506,
      0.02167956885875356,
      0.023303415668347385,
      0.02482793968109569,
      0.02625939196235859,
      0.027792691962403752,
      0.029325182374338628,
      0.030829866881530225,
      0.03248413215480385,
      0.03403552622379026,
      0.03565139444805964,
      0.03718750246068185,
      0.03863416555952941,
      0.04005688940351088,
      0.04148990185627253,
      0.04269156295254625,
      0.043479008508556925,
      0.04418145447628352,
      0.044866126039410266,
      0.04524152987497873,
      0.04554444929801674,
      0.04509513427478856,
      0.045436482456470605,
      0.04610849583158201,
      0.045975748387884735,
      0.046362737988722154,
      0.04879123324466807,
      0.051083615679930854,
      0.053976797662963816,
      0.05632503649914231,
      0.052200897312232944,
      0.06197694100264825,
      0.09260534473466966
   ],
   "Unweighted sigma^2": 0.023547510547320873,
   "Apparent r0": 10.195366419855056
}