{
   "log10 r": [
      0.0,
      0.05,
      0.1,
      0.15000000000000002,
      0.2,
      0.25,
      0.30000000000000004,
      0.35000000000000003,
      0.4,
      0.45,
      0.5,
      0.55,
      0.6000000000000001,
      0.65,
      0.7000000000000001,
      0.75,
      0.8,
      0.8500000000000001,
      0.9,
      0.9500000000000001,
      1.0,
      1.05,
      1.1,
      1.1500000000000001,
      1.2000000000000002,
      1.25,
      1.3,
      1.35,
      1.4000000000000001,
      1.4500000000000002,
      1.5,
      1.55,
      1.6,
      1.6500000000000001,
      1.7000000000000002,
      1.75,
      1.8,
      1.85,
      1.9000000000000001,
      1.9500000000000002,
      2.0,
      2.0500000000000003,
      2.1,
      2.15,
      2.2,
      2.25,
      2.3000000000000003,
      2.35,
      2.4000000000000004,
      2.45,
      2.5
   ],
   "Sum dv^2": [
      8.082125149419273,
      0.0,
      0.0,
      40.24660071058535,
      0.0,
      0.0,
      232.04979101733,
      0.0,
      0.0,
      230.28673422679435,
      396.59978251705644,
      510.34613433142954,
      1143.368151250903,
      1931.5788057297568,
      2121.19577343112,
      3586.1794705401494,
      7896.488338392381,
      8222.975983756158,
      14256.213678227035,
      23745.83886045257,
      43903.53144769594,
      54797.31888539274,
      83570.71461543774,
      141550.27648542472,
      189049.2996078377,
      287207.6343129947,
      432802.6281717779,
      598913.282073247,
      818638.6121732531,
      1100206.2746875805,
      1540049.9102903414,
      1888953.398614382,
      2553879.5420659734,
      3147278.170004251,
      3951414.5386463213,
      4819249.189615919,
      5774245.583975116,
      6924704.479034575,
      7909827.990585134,
      9053433.85894105,
      10235167.576747905,
      11326620.511044221,
      13207942.144580938,
      15752936.459701458,
      18154187.364441782,
      19309483.439932913,
      16968091.480192464,
      12272471.659463177,
      5792783.630276276,
      2499892.9381832182,
      239794.20415788022
   ],
   "Sum weights": [
      65280.0,
      0.0,
      0.0,
      130050.0,
      0.0,
      0.0,
      324104.0,
      0.0,
      0.0,
      193800.0,
      258060.0,
      257048.0,
      449570.0,
      575312.0,
      511036.0,
      700020.0,
      1203734.0,
      1007972.0,
      1445380.0,
      1937042.0,
      2859272.0,
      2897116.0,
      3674690.0,
      5155474.0,
      5773520.0,
      7491838.0,
      9701238.0,
      11757186.0,
      14320938.0,
      17540114.0,
      22734900.0,
      26303374.0,
      34062188.0,
      40733820.0,
      50149068.0,
      60431004.0,
      72289830.0,
      87731826.0,
      102476376.0,
      120332462.0,
      140368314.0,
      158782298.0,
      178392398.0,
      192781200.0,
      200564162.0,
      196929652.0,
      173862636.0,
      123283452.0,
      50816154.0,
      14282052.0,
      1557090.0
   ],
   "Sum w * dv^2": [
      8.082125149419273,
      0.0,
      0.0,
      40.24660071058535,
      0.0,
      0.0,
      232.04979101733,
      0.0,
      0.0,
      230.28673422679435,
      396.59978251705644,
      510.34613433142954,
      1143.368151250903,
      1931.5788057297568,
      2121.19577343112,
      3586.1794705401494,
      7896.488338392381,
      8222.975983756158,
      14256.213678227035,
      23745.83886045257,
      43903.53144769594,
      54797.31888539274,
      83570.71461543774,
      141550.27648542472,
      189049.2996078377,
      287207.6343129947,
      432802.6281717779,
      598913.282073247,
      818638.6121732531,
      1100206.2746875805,
      1540049.9102903414,
      1888953.398614382,
      2553879.5420659734,
      3147278.170004251,
      3951414.5386463213,
      4819249.189615919,
      5774245.583975116,
      6924704.479034575,
      7909827.990585134,
      9053433.85894105,
      10235167.576747905,
      11326620.511044221,
      13207942.144580938,
      15752936.459701458,
      18154187.364441782,
      19309483.439932913,
      16968091.480192464,
      12272471.659463177,
      5792783.630276276,
      2499892.9381832182,
      239794.20415788022
   ],
   "N pairs": [
      65280,
      0,
      0,
      130050,
      0,
      0,
      324104,
      0,
      0,
      193800,
      258060,
      257048,
      449570,
      575312,
      511036,
      700020,
      1203734,
      1007972,
      1445380,
      1937042,
      2859272,
      2897116,
      3674690,
      5155474,
      5773520,
      7491838,
      9701238,
      11757186,
      14320938,
      17540114,
      22734900,
      26303374,
      34062188,
      40733820,
      50149068,
      60431004,
      72289830,
      87731826,
      102476376,
      120332462,
      140368314,
      158782298,
      178392398,
      192781200,
      200564162,
      196929652,
      173862636,
      123283452,
      50816154,
      14282052,
      1557090
   ],
   "Unweighted B(r)": [
      0.00012380706417615308,
      NaN,
      NaN,
      0.00030947020923172125,
      NaN,
      NaN,
      0.0007159732401245588,
      NaN,
      NaN,
      0.0011882700424499192,
      0.0015368510521470062,
      0.0019854118076446017,
      0.0025432483289607915,
      0.0033574457089887867,
      0.004150775627218278,
      0.005122967158852818,
      0.0065599944326507195,
      0.008157940879068225,
      0.009863298010368924,
      0.012258814656807943,
      0.01535479361449206,
      0.018914437283627145,
      0.022742248901386986,
      0.027456306924528127,
      0.032744201043356166,
      0.03833607111005266,
      0.044613133722910196,
      0.05094018943591154,
      0.057163756464363794,
      0.06272514960208243,
      0.06773946268909656,
      0.07181411018276142,
      0.07497696689554921,
      0.07726449839480438,
      0.07879337934348693,
      0.07974795834297109,
      0.07987631986373624,
      0.07893035851134085,
      0.07718684343975175,
      0.07523683724630391,
      0.07291651003764216,
      0.07133427752156743,
      0.07403870508305482,
      0.08171406993888126,
      0.09051560948581523,
      0.09805269670579071,
      0.09759481318454452,
      0.09954678799441126,
      0.11399492433599512,
      0.17503737825511476,
      0.15400150547359512
   ],
   "Weighted B(r)": [
      0.00012380706417615308,
      NaN,
      NaN,
      0.00030947020923172125,
      NaN,
      NaN,
      0.0007159732401245588,
      NaN,
      NaN,
      0.0011882700424499192,
      0.0015368510521470062,
      0.0019854118076446017,
      0.0025432483289607915,
      0.0033574457089887867,
      0.004150775627218278,
      0.005122967158852818,
      0.0065599944326507195,
      0.008157940879068225,
      0.009863298010368924,
      0.012258814656807943,
      0.01535479361449206,
      0.018914437283627145,
      0.022742248901386986,
      0.027456306924528127,
      0.032744201043356166,
      0.03833607111005266,
      0.044613133722910196,
      0.05094018943591154,
      0.057163756464363794,
      0.06272514960208243,
      0.06773946268909656,
      0.07181411018276142,
      0.07497696689554921,
      0.07726449839480438,
      0.07879337934348693,
      0.07974795834297109,
      0.07987631986373624,
      0.07893035851134085,
      0.07718684343975175,
      0.07523683724630391,
      0.07291651003764216,
      0.07133427752156743,
      0.07403870508305482,
      0.08171406993888126,
      0.09051560948581523,
      0.09805269670579071,
      0.09759481318454452,
      0.09954678799441126,
      0.11399492433599512,
      0.17503737825511476,
      0.15400150547359512
   ],
   "Unweighted sigma^2": 0.04139265275866424,
   "Apparent r0": 18.839380606174316
}