{
   "log10 r": [
      0.0,
      0.05,
      0.1,
      0.15000000000000002,
      0.2,
      0.25,
      0.30000000000000004,
      0.35000000000000003,
      0.4,
      0.45,
      0.5,
      0.55,
      0.6000000000000001,
      0.65,
      0.7000000000000001,
      0.75,
      0.8,
      0.8500000000000001,
      0.9,
      0.9500000000000001,
      1.0,
      1.05,
      1.1,
      1.1500000000000001,
      1.2000000000000002,
      1.25,
      1.3,
      1.35,
      1.4000000000000001,
      1.4500000000000002,
      1.5,
      1.55,
      1.6,
      1.6500000000000001,
      1.7000000000000002,
      1.75,
      1.8,
      1.85,
      1.9000000000000001,
      1.9500000000000002,
      2.0,
      2.0500000000000003,
      2.1,
      2.15,
      2.2,
      2.25,
      2.3000000000000003,
      2.35,
      2.4000000000000004,
      2.45,
      2.5
   ],
   "Sum dv^2": [
      0.10403097682748057,
      0.0,
      0.0,
      0.7458824417680897,
      0.0,
      0.0,
      4.130754942028472,
      0.0,
      0.0,
      3.8928036266554447,
      7.4027227900019446,
      9.594407731062304,
      20.795693957255235,
      35.57229339316095,
      40.29345357304082,
      67.15829062231403,
      150.95834664463837,
      161.81468842598437,
      280.4696288855782,
      477.4109823181436,
      899.3192030007374,
      1164.8307525546497,
      1827.4725287226288,
      3256.519394174445,
      4556.284485971238,
      7375.392796152405,
      11925.173327517032,
      18068.495707048045,
      27226.37118599025,
      40976.53804673695,
      65130.39161378246,
      91508.22371137473,
      142569.9154556784,
      203275.44000170744,
      294408.17926557054,
      410778.85940582724,
      558537.3530078272,
      755395.4693135624,
      961567.4337998963,
      1199067.2150570839,
      1448517.722310842,
      1650082.7165047973,
      1833709.8235895638,
      1947996.6735706758,
      2027538.6287090317,
      2031629.9366893591,
      1822346.461671441,
      1343599.3440069065,
      647253.551576874,
      199108.55717797476,
      18097.675185047894
   ],
   "Sum weights": [
      65280.0,
      0.0,
      0.0,
      130050.0,
      0.0,
      0.0,
      324104.0,
      0.0,
      0.0,
      193800.0,
      258060.0,
      257048.0,
      449570.0,
      575312.0,
      511036.0,
      700020.0,
      1203734.0,
      1007972.0,
      1445380.0,
      1937042.0,
      2859272.0,
      2897116.0,
      3674690.0,
      5155474.0,
      5773520.0,
      7491838.0,
      9701238.0,
      11757186.0,
      14320938.0,
      17540114.0,
      22734900.0,
      26303374.0,
      34062188.0,
      40733820.0,
      50149068.0,
      60431004.0,
      72289830.0,
      87731826.0,
      102476376.0,
      120332462.0,
      140368314.0,
      158782298.0,
      178392398.0,
      192781200.0,
      200564162.0,
      196929652.0,
      173862636.0,
      123283452.0,
      50816154.0,
      14282052.0,
      1557090.0
   ],
   "Sum w * dv^2": [
      0.10403097682748057,
      0.0,
      0.0,
      0.7458824417680897,
      0.0,
      0.0,
      4.130754942028472,
      0.0,
      0.0,
      3.8928036266554447,
      7.4027227900019446,
      9.594407731062304,
      20.795693957255235,
      35.57229339316095,
      40.29345357304082,
      67.15829062231403,
      150.95834664463837,
      161.81468842598437,
      280.4696288855782,
      477.4109823181436,
      899.3192030007374,
      1164.8307525546497,
      1827.4725287226288,
      3256.519394174445,
      4556.284485971238,
      7375.392796152405,
      11925.173327517032,
      18068.495707048045,
      27226.37118599025,
      40976.53804673695,
      65130.39161378246,
      91508.22371137473,
      142569.9154556784,
      203275.44000170744,
      294408.17926557054,
      410778.85940582724,
      558537.3530078272,
      755395.4693135624,
      961567.4337998963,
      1199067.2150570839,
      1448517.722310842,
      1650082.7165047973,
      1833709.8235895638,
      1947996.6735706758,
      2027538.6287090317,
      2031629.9366893591,
      1822346.461671441,
      1343599.3440069065,
      647253.551576874,
      199108.55717797476,
      18097.675185047894
   ],
   "N pairs": [
      65280,
      0,
      0,
      130050,
      0,
      0,
      324104,
      0,
      0,
      193800,
      258060,
      257048,
      449570,
      575312,
      511036,
      700020,
      1203734,
      1007972,
      1445380,
      1937042,
      2859272,
      2897116,
      3674690,
      5155474,
      5773520,
      7491838,
      9701238,
      11757186,
      14320938,
      17540114,
      22734900,
      26303374,
      34062188,
      40733820,
      50149068,
      60431004,
      72289830,
      87731826,
      102476376,
      120332462,
      140368314,
      158782298,
      178392398,
      192781200,
      200564162,
      196929652,
      173862636,
      123283452,
      50816154,
      14282052,
      1557090
   ],
   "Unweighted B(r)": [
      1.593611777381749e-06,
      NaN,
      NaN,
      5.735351340008379e-06,
      NaN,
      NaN,
      1.2745152611595266e-05,
      NaN,
      NaN,
      2.0086706019893936e-05,
      2.8686052817181834e-05,
      3.732535452935757e-05,
      4.625685423238925e-05,
      6.183130786974884e-05,
      7.884660488310182e-05,
      9.593767409833152e-05,
      0.0001254083930873751,
      0.0001605349041699416,
      0.00019404559969390622,
      0.00024646392918591526,
      0.0003145273352800074,
      0.00040206562407395826,
      0.0004973133866319686,
      0.0006316624609443176,
      0.0007891692565317583,
      0.0009844570579545908,
      0.0012292424252984032,
      0.001536804445132368,
      0.0019011583728656776,
      0.002336161443804581,
      0.0028647758122438394,
      0.0034789538297016467,
      0.004185577140719157,
      0.0049903357947206385,
      0.005870661031339017,
      0.006797485267758041,
      0.007726361412218388,
      0.008610278661173226,
      0.009383308342206562,
      0.009964619647332437,
      0.01031940671675263,
      0.010392107541514466,
      0.010279080522195592,
      0.010104702499884198,
      0.01010917707575809,
      0.0103165263131088,
      0.010481530152754851,
      0.010898456542301448,
      0.012737161328204294,
      0.013941172961558657,
      0.011622754744457862
   ],
   "Weighted B(r)": [
      1.593611777381749e-06,
      NaN,
      NaN,
      5.735351340008379e-06,
      NaN,
      NaN,
      1.2745152611595266e-05,
      NaN,
      NaN,
      2.0086706019893936e-05,
      2.8686052817181834e-05,
      3.732535452935757e-05,
      4.625685423238925e-05,
      6.183130786974884e-05,
      7.884660488310182e-05,
      9.593767409833152e-05,
      0.0001254083930873751,
      0.0001605349041699416,
      0.00019404559969390622,
      0.00024646392918591526,
      0.0003145273352800074,
      0.00040206562407395826,
      0.0004973133866319686,
      0.0006316624609443176,
      0.0007891692565317583,
      0.0009844570579545908,
      0.0012292424252984032,
      0.001536804445132368,
      0.0019011583728656776,
      0.002336161443804581,
      0.0028647758122438394,
      0.0034789538297016467,
      0.004185577140719157,
      0.0049903357947206385,
      0.005870661031339017,
      0.006797485267758041,
      0.007726361412218388,
      0.008610278661173226,
      0.009383308342206562,
      0.009964619647332437,
      0.01031940671675263,
      0.010392107541514466,
      0.010279080522195592,
      0.010104702499884198,
      0.01010917707575809,
      0.0103165263131088,
      0.010481530152754851,
      0.010898456542301448,
      0.012737161328204294,
      0.013941172961558657,
      0.011622754744457862
   ],
   "Unweighted sigma^2": 0.004619366669825845,
   "Apparent r0": 42.42913475681553
}