{
   "log10 r": [
      0.0,
      0.05,
      0.1,
      0.15000000000000002,
      0.2,
      0.25,
      0.30000000000000004,
      0.35000000000000003,
      0.4,
      0.45,
      0.5,
      0.55,
      0.6000000000000001,
      0.65,
      0.7000000000000001,
      0.75,
      0.8,
      0.8500000000000001,
      0.9,
      0.9500000000000001,
      1.0,
      1.05,
      1.1,
      1.1500000000000001,
      1.2000000000000002,
      1.25,
      1.3,
      1.35,
      1.4000000000000001,
      1.4500000000000002,
      1.5,
      1.55,
      1.6,
      1.6500000000000001,
      1.7000000000000002,
      1.75,
      1.8,
      1.85,
      1.9000000000000001,
      1.9500000000000002,
      2.0,
      2.0500000000000003,
      2.1,
      2.15,
      2.2,
      2.25,
      2.3000000000000003,
      2.35,
      2.4000000000000004,
      2.45,
      2.5
   ],
   "Sum dv^2": [
      0.049456329190143075,
      0.0,
      0.0,
      0.2618540103616529,
      0.0,
      0.0,
      1.497288343618411,
      0.0,
      0.0,
      1.4764942883326693,
      2.580049507421551,
      3.3346713915292656,
      7.430959599605112,
      12.639011679166966,
      13.928323320788529,
      23.633689615865816,
      52.51919143298791,
      55.34590820070883,
      96.61835110360582,
      163.4192630941035,
      307.78853351723774,
      394.4353633080596,
      618.3848654491345,
      1089.0771158980222,
      1520.5396714723092,
      2442.4777622450038,
      3933.9177635637798,
      5911.145659105816,
      8851.68540611708,
      13212.507074706253,
      20845.65902955943,
      29050.790922251646,
      44900.98235534413,
      63415.885364741334,
      90671.73604378344,
      124644.08186281928,
      166366.5681252861,
      220321.34029711282,
      274252.70717245847,
      336994.1707716417,
      410057.347127007,
      489778.4677330663,
      601516.1679122866,
      741411.0806141499,
      910541.6892389236,
      1069032.7531321966,
      1122851.7296577687,
      921314.926357891,
      429039.53301168565,
      143769.65596981748,
      19373.318815506635
   ],
   "Sum weights": [
      65280.0,
      0.0,
      0.0,
      130050.0,
      0.0,
      0.0,
      324104.0,
      0.0,
      0.0,
      193800.0,
      258060.0,
      257048.0,
      449570.0,
      575312.0,
      511036.0,
      700020.0,
      1203734.0,
      1007972.0,
      1445380.0,
      1937042.0,
      2859272.0,
      2897116.0,
      3674690.0,
      5155474.0,
      5773520.0,
      7491838.0,
      9701238.0,
      11757186.0,
      14320938.0,
      17540114.0,
      22734900.0,
      26303374.0,
      34062188.0,
      40733820.0,
      50149068.0,
      60431004.0,
      72289830.0,
      87731826.0,
      102476376.0,
      120332462.0,
      140368314.0,
      158782298.0,
      178392398.0,
      192781200.0,
      200564162.0,
      196929652.0,
      173862636.0,
      123283452.0,
      50816154.0,
      14282052.0,
      1557090.0
   ],
   "Sum w * dv^2": [
      0.049456329190143075,
      0.0,
      0.0,
      0.2618540103616529,
      0.0,
      0.0,
      1.497288343618411,
      0.0,
      0.0,
      1.4764942883326693,
      2.580049507421551,
      3.3346713915292656,
      7.430959599605112,
      12.639011679166966,
      13.928323320788529,
      23.633689615865816,
      52.51919143298791,
      55.34590820070883,
      96.61835110360582,
      163.4192630941035,
      307.78853351723774,
      394.4353633080596,
      618.3848654491345,
      1089.0771158980222,
      1520.5396714723092,
      2442.4777622450038,
      3933.9177635637798,
      5911.145659105816,
      8851.68540611708,
      13212.507074706253,
      20845.65902955943,
      29050.790922251646,
      44900.98235534413,
      63415.885364741334,
      90671.73604378344,
      124644.08186281928,
      166366.5681252861,
      220321.34029711282,
      274252.70717245847,
      336994.1707716417,
      410057.347127007,
      489778.4677330663,
      601516.1679122866,
      741411.0806141499,
      910541.6892389236,
      1069032.7531321966,
      1122851.7296577687,
      921314.926357891,
      429039.53301168565,
      143769.65596981748,
      19373.318815506635
   ],
   "N pairs": [
      65280,
      0,
      0,
      130050,
      0,
      0,
      324104,
      0,
      0,
      193800,
      258060,
      257048,
      449570,
      575312,
      511036,
      700020,
      1203734,
      1007972,
      1445380,
      1937042,
      2859272,
      2897116,
      3674690,
      5155474,
      5773520,
      7491838,
      9701238,
      11757186,
      14320938,
      17540114,
      22734900,
      26303374,
      34062188,
      40733820,
      50149068,
      60431004,
      72289830,
      87731826,
      102476376,
      120332462,
      140368314,
      158782298,
      178392398,
      192781200,
      200564162,
      196929652,
      173862636,
      123283452,
      50816154,
      14282052,
      1557090
   ],
   "Unweighted B(r)": [
      7.576030819568486e-07,
      NaN,
      NaN,
      2.0134872000127097e-06,
      NaN,
      NaN,
      4.619777428289718e-06,
      NaN,
      NaN,
      7.618649578599944e-06,
      9.997866803927578e-06,
      1.2972952100499773e-05,
      1.652903796873704e-05,
      2.1968969323022927e-05,
      2.725507267744059e-05,
      3.376144912411905e-05,
      4.363023012807473e-05,
      5.4908180188248115e-05,
      6.684633183218657e-05,
      8.436536899773135e-05,
      0.00010764576910389699,
      0.00013614759067571324,
      0.00016828218583040598,
      0.00021124674780592865,
      0.0002633644070640284,
      0.0003260184966953375,
      0.0004055067779559454,
      0.0005027687457786086,
      0.0006180939688529536,
      0.0007532737287058826,
      0.0009169012852292919,
      0.0011044511218314293,
      0.0013182060516882864,
      0.0015568361956904934,
      0.0018080442899513795,
      0.002062584991353433,
      0.0023013827550194283,
      0.0025113046239013974,
      0.0026762529851022294,
      0.002800525852879514,
      0.002921295664540125,
      0.0030845911282444487,
      0.0033718710811448736,
      0.003845868168753747,
      0.004539902244544185,
      0.005428500696950384,
      0.006458269329689495,
      0.007473143486912509,
      0.00844297529899027,
      0.010066456554689584,
      0.012442003233921375
   ],
   "Weighted B(r)": [
      7.576030819568486e-07,
      NaN,
      NaN,
      2.0134872000127097e-06,
      NaN,
      NaN,
      4.619777428289718e-06,
      NaN,
      NaN,
      7.618649578599944e-06,
      9.997866803927578e-06,
      1.2972952100499773e-05,
      1.652903796873704e-05,
      2.1968969323022927e-05,
      2.725507267744059e-05,
      3.376144912411905e-05,
      4.363023012807473e-05,
      5.4908180188248115e-05,
      6.684633183218657e-05,
      8.436536899773135e-05,
      0.00010764576910389699,
      0.00013614759067571324,
      0.00016828218583040598,
      0.00021124674780592865,
      0.0002633644070640284,
      0.0003260184966953375,
      0.0004055067779559454,
      0.0005027687457786086,
      0.0006180939688529536,
      0.0007532737287058826,
      0.0009169012852292919,
      0.0011044511218314293,
      0.0013182060516882864,
      0.0015568361956904934,
      0.0018080442899513795,
      0.002062584991353433,
      0.0023013827550194283,
      0.0025113046239013974,
      0.0026762529851022294,
      0.002800525852879514,
      0.002921295664540125,
      0.0030845911282444487,
      0.0033718710811448736,
      0.003845868168753747,
      0.004539902244544185,
      0.005428500696950384,
      0.006458269329689495,
      0.007473143486912509,
      0.00844297529899027,
      0.010066456554689584,
      0.012442003233921375
   ],
   "Unweighted sigma^2": 0.0019310474170060811,
   "Apparent r0": 53.0739067393011
}