{
   "log10 r": [
      0.0,
      0.05,
      0.1,
      0.15000000000000002,
      0.2,
      0.25,
      0.30000000000000004,
      0.35000000000000003,
      0.4,
      0.45,
      0.5,
      0.55,
      0.6000000000000001,
      0.65,
      0.7000000000000001,
      0.75,
      0.8,
      0.8500000000000001,
      0.9,
      0.9500000000000001,
      1.0,
      1.05,
      1.1,
      1.1500000000000001,
      1.2000000000000002,
      1.25,
      1.3,
      1.35,
      1.4000000000000001,
      1.4500000000000002,
      1.5,
      1.55,
      1.6,
      1.6500000000000001,
      1.7000000000000002,
      1.75,
      1.8,
      1.85,
      1.9000000000000001,
      1.9500000000000002,
      2.0,
      2.0500000000000003,
      2.1,
      2.15,
      2.2,
      2.25,
      2.3000000000000003,
      2.35,
      2.4000000000000004,
      2.45,
      2.5
   ],
   "Sum dv^2": [
      71.64305920991157,
      0.0,
      0.0,
      247.29887104882206,
      0.0,
      0.0,
      935.698245926615,
      0.0,
      0.0,
      693.0022105403687,
      1048.1150450744901,
      1148.3399548796917,
      2208.495966915643,
      3115.4902503232124,
      3033.0754774619672,
      4424.147180569871,
      8272.839623355309,
      7456.935061719457,
      11362.425781772557,
      16289.58369745402,
      25750.427487069104,
      27709.82727346468,
      37089.180538050874,
      54997.395605776685,
      65094.59885155351,
      88491.80454288256,
      119913.01439875225,
      150799.24588981323,
      190716.0558094989,
      240819.42179087416,
      319772.046035953,
      376839.046539344,
      492039.40909894026,
      586192.6831255154,
      711082.8558868023,
      838778.4945082171,
      989147.6614751228,
      1208015.1910077932,
      1435407.573789496,
      1728818.3274032415,
      2069038.8008106113,
      2285814.99089394,
      2537469.1997648776,
      2835683.465331366,
      3100287.9484702637,
      3125757.678471467,
      2983389.47972591,
      2283181.3218783876,
      975361.1298734905,
      294326.40950243163,
      21876.904890216443
   ],
   "Sum weights": [
      65280.0,
      0.0,
      0.0,
      130050.0,
      0.0,
      0.0,
      324104.0,
      0.0,
      0.0,
      193800.0,
      258060.0,
      257048.0,
      449570.0,
      575312.0,
      511036.0,
      700020.0,
      1203734.0,
      1007972.0,
      1445380.0,
      1937042.0,
      2859272.0,
      2897116.0,
      3674690.0,
      5155474.0,
      5773520.0,
      7491838.0,
      9701238.0,
      11757186.0,
      14320938.0,
      17540114.0,
      22734900.0,
      26303374.0,
      34062188.0,
      40733820.0,
      50149068.0,
      60431004.0,
      72289830.0,
      87731826.0,
      102476376.0,
      120332462.0,
      140368314.0,
      158782298.0,
      178392398.0,
      192781200.0,
      200564162.0,
      196929652.0,
      173862636.0,
      123283452.0,
      50816154.0,
      14282052.0,
      1557090.0
   ],
   "Sum w * dv^2": [
      71.64305920991157,
      0.0,
      0.0,
      247.29887104882206,
      0.0,
      0.0,
      935.698245926615,
      0.0,
      0.0,
      693.0022105403687,
      1048.1150450744901,
      1148.3399548796917,
      2208.495966915643,
      3115.4902503232124,
      3033.0754774619672,
      4424.147180569871,
      8272.839623355309,
      7456.935061719457,
      11362.425781772557,
      16289.58369745402,
      25750.427487069104,
      27709.82727346468,
      37089.180538050874,
      54997.395605776685,
      65094.59885155351,
      88491.80454288256,
      119913.01439875225,
      150799.24588981323,
      190716.0558094989,
      240819.42179087416,
      319772.046035953,
      376839.046539344,
      492039.40909894026,
      586192.6831255154,
      711082.8558868023,
      838778.4945082171,
      989147.6614751228,
      1208015.1910077932,
      1435407.573789496,
      1728818.3274032415,
      2069038.8008106113,
      2285814.99089394,
      2537469.1997648776,
      2835683.465331366,
      3100287.9484702637,
      3125757.678471467,
      2983389.47972591,
      2283181.3218783876,
      975361.1298734905,
      294326.40950243163,
      21876.904890216443
   ],
   "N pairs": [
      65280,
      0,
      0,
      130050,
      0,
      0,
      324104,
      0,
      0,
      193800,
      258060,
      257048,
      449570,
      575312,
      511036,
      700020,
      1203734,
      1007972,
      1445380,
      1937042,
      2859272,
      2897116,
      3674690,
      5155474,
      5773520,
      7491838,
      9701238,
      11757186,
      14320938,
      17540114,
      22734900,
      26303374,
      34062188,
      40733820,
      50149068,
      60431004,
      72289830,
      87731826,
      102476376,
      120332462,
      140368314,
      158782298,
      178392398,
      192781200,
      200564162,
      196929652,
      173862636,
      123283452,
      50816154,
      14282052,
      1557090
   ],
   "Unweighted B(r)": [
      0.001097473333485165,
      NaN,
      NaN,
      0.0019015676359002082,
      NaN,
      NaN,
      0.0028870308478964003,
      NaN,
      NaN,
      0.0035758627994859063,
      0.004061516876208983,
      0.0044674144707591255,
      0.004912462946628207,
      0.0054153055217398775,
      0.005935150317124365,
      0.006320029685680225,
      0.006872647630917884,
      0.007397958536268325,
      0.0078612031311991,
      0.00840951497048284,
      0.009005938395182097,
      0.009564624707282926,
      0.010093145418538944,
      0.010667767038642166,
      0.011274681451099763,
      0.011811761618828725,
      0.012360588864921388,
      0.012826134237377313,
      0.0133172880023291,
      0.013729638347326257,
      0.01406524972777329,
      0.014326642906698737,
      0.014445325975505163,
      0.01439081046475669,
      0.014179383271625353,
      0.013879936439715896,
      0.013683081859165013,
      0.013769406680396612,
      0.014007204682857793,
      0.014367015339578454,
      0.014740070189990394,
      0.014395905712952586,
      0.014224088179838681,
      0.014709336103994403,
      0.015457836123635407,
      0.015872458244487565,
      0.017159463058675297,
      0.018519771184525136,
      0.01919391872658231,
      0.020608131765829703,
      0.014049865383642848
   ],
   "Weighted B(r)": [
      0.001097473333485165,
      NaN,
      NaN,
      0.0019015676359002082,
      NaN,
      NaN,
      0.0028870308478964003,
      NaN,
      NaN,
      0.0035758627994859063,
      0.004061516876208983,
      0.0044674144707591255,
      0.004912462946628207,
      0.0054153055217398775,
      0.005935150317124365,
      0.006320029685680225,
      0.006872647630917884,
      0.007397958536268325,
      0.0078612031311991,
      0.00840951497048284,
      0.009005938395182097,
      0.009564624707282926,
      0.010093145418538944,
      0.010667767038642166,
      0.011274681451099763,
      0.011811761618828725,
      0.012360588864921388,
      0.012826134237377313,
      0.0133172880023291,
      0.013729638347326257,
      0.01406524972777329,
      0.014326642906698737,
      0.014445325975505163,
      0.01439081046475669,
      0.014179383271625353,
      0.013879936439715896,
      0.013683081859165013,
      0.013769406680396612,
      0.014007204682857793,
      0.014367015339578454,
      0.014740070189990394,
      0.014395905712952586,
      0.014224088179838681,
      0.014709336103994403,
      0.015457836123635407,
      0.015872458244487565,
      0.017159463058675297,
      0.018519771184525136,
      0.01919391872658231,
      0.020608131765829703,
      0.014049865383642848
   ],
   "Unweighted sigma^2": 0.007539661635808015,
   "Apparent r0": 7.343695378245011
}