{
   "log10 r": [
      0.0,
      0.05,
      0.1,
      0.15000000000000002,
      0.2,
      0.25,
      0.30000000000000004,
      0.35000000000000003,
      0.4,
      0.45,
      0.5,
      0.55,
      0.6000000000000001,
      0.65,
      0.7000000000000001,
      0.75,
      0.8,
      0.8500000000000001,
      0.9,
      0.9500000000000001,
      1.0,
      1.05,
      1.1,
      1.1500000000000001,
      1.2000000000000002,
      1.25,
      1.3,
      1.35,
      1.4000000000000001,
      1.4500000000000002,
      1.5,
      1.55,
      1.6,
      1.6500000000000001,
      1.7000000000000002,
      1.75,
      1.8,
      1.85,
      1.9000000000000001,
      1.9500000000000002,
      2.0,
      2.0500000000000003,
      2.1,
      2.15,
      2.2,
      2.25,
      2.3000000000000003,
      2.35,
      2.4000000000000004,
      2.45,
      2.5
   ],
   "Sum dv^2": [
      0.39170808467995133,
      0.0,
      0.0,
      2.4482731320982865,
      0.0,
      0.0,
      13.743983224076917,
      0.0,
      0.0,
      13.178102122906306,
      24.25074040642298,
      31.293395183773054,
      68.70239583084548,
      116.85421276019284,
      131.32098487694174,
      219.81197874794094,
      490.79195742532056,
      520.664945074875,
      904.4476028059253,
      1529.9122484776176,
      2872.101055265071,
      3678.470045842967,
      5734.361443299924,
      10071.769550388919,
      13937.309025756651,
      22166.718407294724,
      35184.39080148013,
      51904.61829790709,
      75938.80522818271,
      110109.39731232349,
      167249.06779603986,
      222644.25730085454,
      325277.07250376017,
      429721.9605667944,
      570358.2129113788,
      723083.7980854972,
      890104.9222765983,
      1091475.5589989019,
      1268257.5259483713,
      1462135.169115494,
      1663482.5472074104,
      1839076.5736219168,
      2074575.350440436,
      2400094.494269429,
      2783699.7675383687,
      3015512.284410777,
      3041689.7929283516,
      2519172.6937577804,
      1113837.5671283202,
      348665.65859008126,
      36042.12599370668
   ],
   "Sum weights": [
      65280.0,
      0.0,
      0.0,
      130050.0,
      0.0,
      0.0,
      324104.0,
      0.0,
      0.0,
      193800.0,
      258060.0,
      257048.0,
      449570.0,
      575312.0,
      511036.0,
      700020.0,
      1203734.0,
      1007972.0,
      1445380.0,
      1937042.0,
      2859272.0,
      2897116.0,
      3674690.0,
      5155474.0,
      5773520.0,
      7491838.0,
      9701238.0,
      11757186.0,
      14320938.0,
      17540114.0,
      22734900.0,
      26303374.0,
      34062188.0,
      40733820.0,
      50149068.0,
      60431004.0,
      72289830.0,
      87731826.0,
      102476376.0,
      120332462.0,
      140368314.0,
      158782298.0,
      178392398.0,
      192781200.0,
      200564162.0,
      196929652.0,
      173862636.0,
      123283452.0,
      50816154.0,
      14282052.0,
      1557090.0
   ],
   "Sum w * dv^2": [
      0.39170808467995133,
      0.0,
      0.0,
      2.4482731320982865,
      0.0,
      0.0,
      13.743983224076917,
      0.0,
      0.0,
      13.178102122906306,
      24.25074040642298,
      31.293395183773054,
      68.70239583084548,
      116.85421276019284,
      131.32098487694174,
      219.81197874794094,
      490.79195742532056,
      520.664945074875,
      904.4476028059253,
      1529.9122484776176,
      2872.101055265071,
      3678.470045842967,
      5734.361443299924,
      10071.769550388919,
      13937.309025756651,
      22166.718407294724,
      35184.39080148013,
      51904.61829790709,
      75938.80522818271,
      110109.39731232349,
      167249.06779603986,
      222644.25730085454,
      325277.07250376017,
      429721.9605667944,
      570358.2129113788,
      723083.7980854972,
      890104.9222765983,
      1091475.5589989019,
      1268257.5259483713,
      1462135.169115494,
      1663482.5472074104,
      1839076.5736219168,
      2074575.350440436,
      2400094.494269429,
      2783699.7675383687,
      3015512.284410777,
      3041689.7929283516,
      2519172.6937577804,
      1113837.5671283202,
      348665.65859008126,
      36042.12599370668
   ],
   "N pairs": [
      65280,
      0,
      0,
      130050,
      0,
      0,
      324104,
      0,
      0,
      193800,
      258060,
      257048,
      449570,
      575312,
      511036,
      700020,
      1203734,
      1007972,
      1445380,
      1937042,
      2859272,
      2897116,
      3674690,
      5155474,
      5773520,
      7491838,
      9701238,
      11757186,
      14320938,
      17540114,
      22734900,
      26303374,
      34062188,
      40733820,
      50149068,
      60431004,
      72289830,
      87731826,
      102476376,
      120332462,
      140368314,
      158782298,
      178392398,
      192781200,
      200564162,
      196929652,
      173862636,
      123283452,
      50816154,
      14282052,
      1557090
   ],
   "Unweighted B(r)": [
      6.000430218749254e-06,
      NaN,
      NaN,
      1.8825629620132923e-05,
      NaN,
      NaN,
      4.2406089477689005e-05,
      NaN,
      NaN,
      6.799846296649281e-05,
      9.397326360700217e-05,
      0.0001217414458924911,
      0.0001528180168401928,
      0.0002031145061465654,
      0.0002569701251515387,
      0.00031400814083589173,
      0.0004077245948235412,
      0.0005165470321346973,
      0.0006257507387717592,
      0.0007898188312270036,
      0.0010044868257602184,
      0.0012697006422397194,
      0.0015605020949522065,
      0.0019536068944172582,
      0.002414005498509861,
      0.0029587823985642407,
      0.003626793900065139,
      0.0044147143966172765,
      0.005302641854058911,
      0.0062775759218168985,
      0.007356490144933114,
      0.008464475215265332,
      0.009549506112283808,
      0.010549512924807799,
      0.011373256486269672,
      0.011965444063869884,
      0.01231300339586631,
      0.01244104458738727,
      0.012376096574183803,
      0.012150795760461495,
      0.011850840832977523,
      0.011582377864451343,
      0.01162928114481894,
      0.012449836883832183,
      0.013879347834526733,
      0.015312637044678152,
      0.017494787050901215,
      0.020433988932738355,
      0.021918966302099923,
      0.024412854580706,
      0.023147105172923003
   ],
   "Weighted B(r)": [
      6.000430218749254e-06,
      NaN,
      NaN,
      1.8825629620132923e-05,
      NaN,
      NaN,
      4.2406089477689005e-05,
      NaN,
      NaN,
      6.799846296649281e-05,
      9.397326360700217e-05,
      0.0001217414458924911,
      0.0001528180168401928,
      0.0002031145061465654,
      0.0002569701251515387,
      0.00031400814083589173,
      0.0004077245948235412,
      0.0005165470321346973,
      0.0006257507387717592,
      0.0007898188312270036,
      0.0010044868257602184,
      0.0012697006422397194,
      0.0015605020949522065,
      0.0019536068944172582,
      0.002414005498509861,
      0.0029587823985642407,
      0.003626793900065139,
      0.0044147143966172765,
      0.005302641854058911,
      0.0062775759218168985,
      0.007356490144933114,
      0.008464475215265332,
      0.009549506112283808,
      0.010549512924807799,
      0.011373256486269672,
      0.011965444063869884,
      0.01231300339586631,
      0.01244104458738727,
      0.012376096574183803,
      0.012150795760461495,
      0.011850840832977523,
      0.011582377864451343,
      0.01162928114481894,
      0.012449836883832183,
      0.013879347834526733,
      0.015312637044678152,
      0.017494787050901215,
      0.020433988932738355,
      0.021918966302099923,
      0.024412854580706,
      0.023147105172923003
   ],
   "Unweighted sigma^2": 0.00661619015844557,
   "Apparent r0": 29.263133381619486
}