{
   "log10 r": [
      0.0,
      0.05,
      0.1,
      0.15000000000000002,
      0.2,
      0.25,
      0.30000000000000004,
      0.35000000000000003,
      0.4,
      0.45,
      0.5,
      0.55,
      0.6000000000000001,
      0.65,
      0.7000000000000001,
      0.75,
      0.8,
      0.8500000000000001,
      0.9,
      0.9500000000000001,
      1.0,
      1.05,
      1.1,
      1.1500000000000001,
      1.2000000000000002,
      1.25,
      1.3,
      1.35,
      1.4000000000000001,
      1.4500000000000002,
      1.5,
      1.55,
      1.6,
      1.6500000000000001,
      1.7000000000000002,
      1.75,
      1.8,
      1.85,
      1.9000000000000001,
      1.9500000000000002,
      2.0,
      2.0500000000000003,
      2.1,
      2.15,
      2.2,
      2.25,
      2.3000000000000003,
      2.35,
      2.4000000000000004,
      2.45,
      2.5
   ],
   "Sum dv^2": [
      170.4036949553742,
      0.0,
      0.0,
      596.2707242194757,
      0.0,
      0.0,
      2343.8070589311124,
      0.0,
      0.0,
      1790.588735230202,
      2706.270198081167,
      3023.0398956962254,
      5872.068073204728,
      8448.836917137647,
      8261.433645207959,
      12265.034153548922,
      23297.527934615788,
      21292.411936109987,
      32755.27861419727,
      47594.201897575214,
      76138.9292543947,
      83167.53722932468,
      112366.25776588343,
      168973.07574563584,
      201615.4120553675,
      278190.36354587716,
      383194.04571062414,
      492189.8313231739,
      631929.0408970687,
      811125.494501845,
      1099235.4943293927,
      1329507.555868823,
      1792639.9902148526,
      2218110.8021192085,
      2803643.2039233847,
      3423777.3203913537,
      4068615.119730105,
      4911128.016406319,
      5680875.572667168,
      6611604.027774538,
      7607426.041512318,
      8672978.395959118,
      10310702.787772354,
      12045785.895188393,
      13074797.412574725,
      11869471.229932161,
      9741481.916518195,
      7136054.500693031,
      3300277.0738210618,
      1058221.5096504367,
      117425.46818607008
   ],
   "Sum weights": [
      65280.0,
      0.0,
      0.0,
      130050.0,
      0.0,
      0.0,
      324104.0,
      0.0,
      0.0,
      193800.0,
      258060.0,
      257048.0,
      449570.0,
      575312.0,
      511036.0,
      700020.0,
      1203734.0,
      1007972.0,
      1445380.0,
      1937042.0,
      2859272.0,
      2897116.0,
      3674690.0,
      5155474.0,
      5773520.0,
      7491838.0,
      9701238.0,
      11757186.0,
      14320938.0,
      17540114.0,
      22734900.0,
      26303374.0,
      34062188.0,
      40733820.0,
      50149068.0,
      60431004.0,
      72289830.0,
      87731826.0,
      102476376.0,
      120332462.0,
      140368314.0,
      158782298.0,
      178392398.0,
      192781200.0,
      200564162.0,
      196929652.0,
      173862636.0,
      123283452.0,
      50816154.0,
      14282052.0,
      1557090.0
   ],
   "Sum w * dv^2": [
      170.4036949553742,
      0.0,
      0.0,
      596.2707242194757,
      0.0,
      0.0,
      2343.8070589311124,
      0.0,
      0.0,
      1790.588735230202,
      2706.270198081167,
      3023.0398956962254,
      5872.068073204728,
      8448.836917137647,
      8261.433645207959,
      12265.034153548922,
      23297.527934615788,
      21292.411936109987,
      32755.27861419727,
      47594.201897575214,
      76138.9292543947,
      83167.53722932468,
      112366.25776588343,
      168973.07574563584,
      201615.4120553675,
      278190.36354587716,
      383194.04571062414,
      492189.8313231739,
      631929.0408970687,
      811125.494501845,
      1099235.4943293927,
      1329507.555868823,
      1792639.9902148526,
      2218110.8021192085,
      2803643.2039233847,
      3423777.3203913537,
      4068615.119730105,
      4911128.016406319,
      5680875.572667168,
      6611604.027774538,
      7607426.041512318,
      8672978.395959118,
      10310702.787772354,
      12045785.895188393,
      13074797.412574725,
      11869471.229932161,
      9741481.916518195,
      7136054.500693031,
      3300277.0738210618,
      1058221.5096504367,
      117425.46818607008
   ],
   "N pairs": [
      65280,
      0,
      0,
      130050,
      0,
      0,
      324104,
      0,
      0,
      193800,
      258060,
      257048,
      449570,
      575312,
      511036,
      700020,
      1203734,
      1007972,
      1445380,
      1937042,
      2859272,
      2897116,
      3674690,
      5155474,
      5773520,
      7491838,
      9701238,
      11757186,
      14320938,
      17540114,
      22734900,
      26303374,
      34062188,
      40733820,
      50149068,
      60431004,
      72289830,
      87731826,
      102476376,
      120332462,
      140368314,
      158782298,
      178392398,
      192781200,
      200564162,
      196929652,
      173862636,
      123283452,
      50816154,
      14282052,
      1557090
   ],
   "Unweighted B(r)": [
      0.002610350719291884,
      NaN,
      NaN,
      0.004584934442287395,
      NaN,
      NaN,
      0.007231651133374202,
      NaN,
      NaN,
      0.009239363958876172,
      0.010486980539723969,
      0.011760604617410854,
      0.013061521171796889,
      0.014685660853828265,
      0.016166050229744985,
      0.017520976762876665,
      0.019354382226152777,
      0.021124011317883818,
      0.022662053310684573,
      0.024570557529250896,
      0.02662878147108589,
      0.02870700973979802,
      0.030578431858437973,
      0.032775468510875205,
      0.03492070903978292,
      0.03713245848960925,
      0.039499499518579395,
      0.04186289400568928,
      0.04412623257618102,
      0.04624402637872507,
      0.048350135445037926,
      0.05054513371055831,
      0.052628445072725585,
      0.05445378808369086,
      0.05590618760698374,
      0.05665597282466718,
      0.05628198488957721,
      0.05597886468710134,
      0.05543595308900432,
      0.05494447564593616,
      0.05419617736173933,
      0.05462182186051444,
      0.05779788210354319,
      0.06248423547103345,
      0.0651900981820208,
      0.060272646142350166,
      0.056029760853954814,
      0.05788331187135343,
      0.06494543199434301,
      0.07409450054168944,
      0.07541341103344706
   ],
   "Weighted B(r)": [
      0.002610350719291884,
      NaN,
      NaN,
      0.004584934442287395,
      NaN,
      NaN,
      0.007231651133374202,
      NaN,
      NaN,
      0.009239363958876172,
      0.010486980539723969,
      0.011760604617410854,
      0.013061521171796889,
      0.014685660853828265,
      0.016166050229744985,
      0.017520976762876665,
      0.019354382226152777,
      0.021124011317883818,
      0.022662053310684573,
      0.024570557529250896,
      0.02662878147108589,
      0.02870700973979802,
      0.030578431858437973,
      0.032775468510875205,
      0.03492070903978292,
      0.03713245848960925,
      0.039499499518579395,
      0.04186289400568928,
      0.04412623257618102,
      0.04624402637872507,
      0.048350135445037926,
      0.05054513371055831,
      0.052628445072725585,
      0.05445378808369086,
      0.05590618760698374,
      0.05665597282466718,
      0.05628198488957721,
      0.05597886468710134,
      0.05543595308900432,
      0.05494447564593616,
      0.05419617736173933,
      0.05462182186051444,
      0.05779788210354319,
      0.06248423547103345,
      0.0651900981820208,
      0.060272646142350166,
      0.056029760853954814,
      0.05788331187135343,
      0.06494543199434301,
      0.07409450054168944,
      0.07541341103344706
   ],
   "Unweighted sigma^2": 0.028579161045333864,
   "Apparent r0": 11.145121084794676
}