{
   "log10 r": [
      0.0,
      0.05,
      0.1,
      0.15000000000000002,
      0.2,
      0.25,
      0.30000000000000004,
      0.35000000000000003,
      0.4,
      0.45,
      0.5,
      0.55,
      0.6000000000000001,
      0.65,
      0.7000000000000001,
      0.75,
      0.8,
      0.8500000000000001,
      0.9,
      0.9500000000000001,
      1.0,
      1.05,
      1.1,
      1.1500000000000001,
      1.2000000000000002,
      1.25,
      1.3,
      1.35,
      1.4000000000000001,
      1.4500000000000002,
      1.5,
      1.55,
      1.6,
      1.6500000000000001,
      1.7000000000000002,
      1.75,
      1.8,
      1.85,
      1.9000000000000001,
      1.9500000000000002,
      2.0,
      2.0500000000000003,
      2.1,
      2.15,
      2.2,
      2.25,
      2.3000000000000003,
      2.35,
      2.4000000000000004,
      2.45,
      2.5
   ],
   "Sum dv^2": [
      6.560123035183446,
      0.0,
      0.0,
      34.84835215470138,
      0.0,
      0.0,
      199.3147802482279,
      0.0,
      0.0,
      195.9470419385582,
      343.74528587354916,
      443.80041838241044,
      985.9433386024228,
      1672.4124975061002,
      1843.0780955389048,
      3109.0438023735223,
      6874.808375405138,
      7212.9870278775725,
      12474.077605466593,
      20866.189045816216,
      38626.46973453191,
      48643.336178955156,
      74485.15978022463,
      127685.2856867752,
      171809.00695403293,
      265093.3570072967,
      405119.34255842987,
      574604.274236596,
      804980.273894496,
      1119308.8048207392,
      1629577.869849457,
      2088057.337576017,
      2955461.3406122895,
      3822774.852144498,
      5040546.75279878,
      6441187.827609744,
      8079045.308892641,
      10138364.186916796,
      12041006.789046116,
      14035413.564071283,
      15836637.333334308,
      17262887.643476374,
      19197852.01084327,
      21008204.50874674,
      22207552.64887718,
      22888804.963552777,
      19043108.021127615,
      12888132.315181024,
      6087675.287729944,
      1369370.4425766584,
      50680.25322441654
   ],
   "Sum weights": [
      65280.0,
      0.0,
      0.0,
      130050.0,
      0.0,
      0.0,
      324104.0,
      0.0,
      0.0,
      193800.0,
      258060.0,
      257048.0,
      449570.0,
      575312.0,
      511036.0,
      700020.0,
      1203734.0,
      1007972.0,
      1445380.0,
      1937042.0,
      2859272.0,
      2897116.0,
      3674690.0,
      5155474.0,
      5773520.0,
      7491838.0,
      9701238.0,
      11757186.0,
      14320938.0,
      17540114.0,
      22734900.0,
      26303374.0,
      34062188.0,
      40733820.0,
      50149068.0,
      60431004.0,
      72289830.0,
      87731826.0,
      102476376.0,
      120332462.0,
      140368314.0,
      158782298.0,
      178392398.0,
      192781200.0,
      200564162.0,
      196929652.0,
      173862636.0,
      123283452.0,
      50816154.0,
      14282052.0,
      1557090.0
   ],
   "Sum w * dv^2": [
      6.560123035183446,
      0.0,
      0.0,
      34.84835215470138,
      0.0,
      0.0,
      199.3147802482279,
      0.0,
      0.0,
      195.9470419385582,
      343.74528587354916,
      443.80041838241044,
      985.9433386024228,
      1672.4124975061002,
      1843.0780955389048,
      3109.0438023735223,
      6874.808375405138,
      7212.9870278775725,
      12474.077605466593,
      20866.189045816216,
      38626.46973453191,
      48643.336178955156,
      74485.15978022463,
      127685.2856867752,
      171809.00695403293,
      265093.3570072967,
      405119.34255842987,
      574604.274236596,
      804980.273894496,
      1119308.8048207392,
      1629577.869849457,
      2088057.337576017,
      2955461.3406122895,
      3822774.852144498,
      5040546.75279878,
      6441187.827609744,
      8079045.308892641,
      10138364.186916796,
      12041006.789046116,
      14035413.564071283,
      15836637.333334308,
      17262887.643476374,
      19197852.01084327,
      21008204.50874674,
      22207552.64887718,
      22888804.963552777,
      19043108.021127615,
      12888132.315181024,
      6087675.287729944,
      1369370.4425766584,
      50680.25322441654
   ],
   "N pairs": [
      65280,
      0,
      0,
      130050,
      0,
      0,
      324104,
      0,
      0,
      193800,
      258060,
      257048,
      449570,
      575312,
      511036,
      700020,
      1203734,
      1007972,
      1445380,
      1937042,
      2859272,
      2897116,
      3674690,
      5155474,
      5773520,
      7491838,
      9701238,
      11757186,
      14320938,
      17540114,
      22734900,
      26303374,
      34062188,
      40733820,
      50149068,
      60431004,
      72289830,
      87731826,
      102476376,
      120332462,
      140368314,
      158782298,
      178392398,
      192781200,
      200564162,
      196929652,
      173862636,
      123283452,
      50816154,
      14282052,
      1557090
   ],
   "Unweighted B(r)": [
      0.00010049208080856995,
      NaN,
      NaN,
      0.0002679611853494916,
      NaN,
      NaN,
      0.0006149716765242882,
      NaN,
      NaN,
      0.001011078647773778,
      0.0013320362933951374,
      0.001726527412710507,
      0.002193080807443608,
      0.002906966128824186,
      0.0036065523672283457,
      0.004441364250126457,
      0.005711235518316453,
      0.007155939875192537,
      0.00863031009524595,
      0.01077219236641034,
      0.013509197353218549,
      0.016790261825537934,
      0.0202697805203227,
      0.024766934269627817,
      0.02975810371385791,
      0.035384288475978354,
      0.04175955095199498,
      0.04887260218870365,
      0.05621002436394153,
      0.06381422633973412,
      0.07167737134755187,
      0.07938363107242505,
      0.08676663227307328,
      0.09384768853361894,
      0.10051127476185161,
      0.10658747002796352,
      0.11175908573713123,
      0.11556084774659536,
      0.11750031821037579,
      0.11663863043100774,
      0.11282202430196824,
      0.10872047993332591,
      0.10761586382645784,
      0.1089743424605031,
      0.11072542785025163,
      0.11622833195050168,
      0.10952961751441302,
      0.10454065088298325,
      0.11979803288005511,
      0.09588051090814251,
      0.032548056454293935
   ],
   "Weighted B(r)": [
      0.00010049208080856995,
      NaN,
      NaN,
      0.0002679611853494916,
      NaN,
      NaN,
      0.0006149716765242882,
      NaN,
      NaN,
      0.001011078647773778,
      0.0013320362933951374,
      0.001726527412710507,
      0.002193080807443608,
      0.002906966128824186,
      0.0036065523672283457,
      0.004441364250126457,
      0.005711235518316453,
      0.007155939875192537,
      0.00863031009524595,
      0.01077219236641034,
      0.013509197353218549,
      0.016790261825537934,
      0.0202697805203227,
      0.024766934269627817,
      0.02975810371385791,
      0.035384288475978354,
      0.04175955095199498,
      0.04887260218870365,
      0.05621002436394153,
      0.06381422633973412,
      0.07167737134755187,
      0.07938363107242505,
      0.08676663227307328,
      0.09384768853361894,
      0.10051127476185161,
      0.10658747002796352,
      0.11175908573713123,
      0.11556084774659536,
      0.11750031821037579,
      0.11663863043100774,
      0.11282202430196824,
      0.10872047993332591,
      0.10761586382645784,
      0.1089743424605031,
      0.11072542785025163,
      0.11622833195050168,
      0.10952961751441302,
      0.10454065088298325,
      0.11979803288005511,
      0.09588051090814251,
      0.032548056454293935
   ],
   "Unweighted sigma^2": 0.053232631575375194,
   "Apparent r0": 24.01040911943509
}