{
   "log10 r": [
      0.0,
      0.05,
      0.1,
      0.15000000000000002,
      0.2,
      0.25,
      0.30000000000000004,
      0.35000000000000003,
      0.4,
      0.45,
      0.5,
      0.55,
      0.6000000000000001,
      0.65,
      0.7000000000000001,
      0.75,
      0.8,
      0.8500000000000001,
      0.9,
      0.9500000000000001,
      1.0,
      1.05,
      1.1,
      1.1500000000000001,
      1.2000000000000002,
      1.25,
      1.3,
      1.35,
      1.4000000000000001,
      1.4500000000000002,
      1.5,
      1.55,
      1.6,
      1.6500000000000001,
      1.7000000000000002,
      1.75,
      1.8,
      1.85,
      1.9000000000000001,
      1.9500000000000002,
      2.0,
      2.0500000000000003,
      2.1,
      2.15,
      2.2,
      2.25,
      2.3000000000000003,
      2.35,
      2.4000000000000004,
      2.45,
      2.5
   ],
   "Sum dv^2": [
      236.02478989891534,
      0.0,
      0.0,
      1041.391957375859,
      0.0,
      0.0,
      5500.274054012336,
      0.0,
      0.0,
      4996.674273787391,
      7958.8873631775095,
      9520.801436877082,
      19592.15536786679,
      29711.938842842224,
      29737.937063544814,
      45625.32831826991,
      88648.36083358077,
      82139.07686152833,
      127838.5032663938,
      187046.3414472481,
      300827.6283731776,
      328112.3198687108,
      443111.30955549283,
      659393.7477256523,
      779942.5012245114,
      1057380.1183237855,
      1431787.588929251,
      1799217.8709410154,
      2272536.4660901036,
      2871954.6230071643,
      3820829.4368002764,
      4502126.148474478,
      5929276.57725829,
      7125982.213003411,
      8756127.403378015,
      10589784.021691829,
      12685326.516928114,
      15267032.848290496,
      17535041.83737014,
      20454094.439002875,
      23678496.03730675,
      26474576.454524882,
      30531826.043226793,
      34657084.584140345,
      37972210.129613146,
      38720273.57499111,
      33399151.8124034,
      23855841.15070166,
      11041382.211369295,
      4243467.794136245,
      494786.6707261053
   ],
   "Sum weights": [
      65280.0,
      0.0,
      0.0,
      130050.0,
      0.0,
      0.0,
      324104.0,
      0.0,
      0.0,
      193800.0,
      258060.0,
      257048.0,
      449570.0,
      575312.0,
      511036.0,
      700020.0,
      1203734.0,
      1007972.0,
      1445380.0,
      1937042.0,
      2859272.0,
      2897116.0,
      3674690.0,
      5155474.0,
      5773520.0,
      7491838.0,
      9701238.0,
      11757186.0,
      14320938.0,
      17540114.0,
      22734900.0,
      26303374.0,
      34062188.0,
      40733820.0,
      50149068.0,
      60431004.0,
      72289830.0,
      87731826.0,
      102476376.0,
      120332462.0,
      140368314.0,
      158782298.0,
      178392398.0,
      192781200.0,
      200564162.0,
      196929652.0,
      173862636.0,
      123283452.0,
      50816154.0,
      14282052.0,
      1557090.0
   ],
   "Sum w * dv^2": [
      236.02478989891534,
      0.0,
      0.0,
      1041.391957375859,
      0.0,
      0.0,
      5500.274054012336,
      0.0,
      0.0,
      4996.674273787391,
      7958.8873631775095,
      9520.801436877082,
      19592.15536786679,
      29711.938842842224,
      29737.937063544814,
      45625.32831826991,
      88648.36083358077,
      82139.07686152833,
      127838.5032663938,
      187046.3414472481,
      300827.6283731776,
      328112.3198687108,
      443111.30955549283,
      659393.7477256523,
      779942.5012245114,
      1057380.1183237855,
      1431787.588929251,
      1799217.8709410154,
      2272536.4660901036,
      2871954.6230071643,
      3820829.4368002764,
      4502126.148474478,
      5929276.57725829,
      7125982.213003411,
      8756127.403378015,
      10589784.021691829,
      12685326.516928114,
      15267032.848290496,
      17535041.83737014,
      20454094.439002875,
      23678496.03730675,
      26474576.454524882,
      30531826.043226793,
      34657084.584140345,
      37972210.129613146,
      38720273.57499111,
      33399151.8124034,
      23855841.15070166,
      11041382.211369295,
      4243467.794136245,
      494786.6707261053
   ],
   "N pairs": [
      65280,
      0,
      0,
      130050,
      0,
      0,
      324104,
      0,
      0,
      193800,
      258060,
      257048,
      449570,
      575312,
      511036,
      700020,
      1203734,
      1007972,
      1445380,
      1937042,
      2859272,
      2897116,
      3674690,
      5155474,
      5773520,
      7491838,
      9701238,
      11757186,
      14320938,
      17540114,
      22734900,
      26303374,
      34062188,
      40733820,
      50149068,
      60431004,
      72289830,
      87731826,
      102476376,
      120332462,
      140368314,
      158782298,
      178392398,
      192781200,
      200564162,
      196929652,
      173862636,
      123283452,
      50816154,
      14282052,
      1557090
   ],
   "Unweighted B(r)": [
      0.003615575825657404,
      NaN,
      NaN,
      0.008007627507695955,
      NaN,
      NaN,
      0.016970707100228122,
      NaN,
      NaN,
      0.025782632991679003,
      0.03084122825380729,
      0.03703900219755486,
      0.04357976592714548,
      0.05164491413848872,
      0.05819147195803195,
      0.06517717824957846,
      0.07364447696383151,
      0.08148944302175887,
      0.0884462932006765,
      0.09656287341588261,
      0.10521126649482022,
      0.11325480922017303,
      0.12058467777023173,
      0.12790167261548643,
      0.13508959893176284,
      0.14113761113411494,
      0.14758813142500485,
      0.15303133512908748,
      0.15868628619788058,
      0.16373637155420792,
      0.16806009425158133,
      0.17116154560530822,
      0.1740720994569782,
      0.1749401900681893,
      0.17460199665880163,
      0.17523759859577756,
      0.1754787155666034,
      0.1740193216574621,
      0.17111301669538098,
      0.16997985497049728,
      0.1686883268919704,
      0.16673506296353566,
      0.1711498157181944,
      0.1797741926294698,
      0.1893269951668292,
      0.19661982429639954,
      0.19210080199407192,
      0.1935040004452638,
      0.21728094989969715,
      0.29711891499458515,
      0.3177636942797817
   ],
   "Weighted B(r)": [
      0.003615575825657404,
      NaN,
      NaN,
      0.008007627507695955,
      NaN,
      NaN,
      0.016970707100228122,
      NaN,
      NaN,
      0.025782632991679003,
      0.03084122825380729,
      0.03703900219755486,
      0.04357976592714548,
      0.05164491413848872,
      0.05819147195803195,
      0.06517717824957846,
      0.07364447696383151,
      0.08148944302175887,
      0.0884462932006765,
      0.09656287341588261,
      0.10521126649482022,
      0.11325480922017303,
      0.12058467777023173,
      0.12790167261548643,
      0.13508959893176284,
      0.14113761113411494,
      0.14758813142500485,
      0.15303133512908748,
      0.15868628619788058,
      0.16373637155420792,
      0.16806009425158133,
      0.17116154560530822,
      0.1740720994569782,
      0.1749401900681893,
      0.17460199665880163,
      0.17523759859577756,
      0.1754787155666034,
      0.1740193216574621,
      0.17111301669538098,
      0.16997985497049728,
      0.1686883268919704,
      0.16673506296353566,
      0.1711498157181944,
      0.1797741926294698,
      0.1893269951668292,
      0.19661982429639954,
      0.19210080199407192,
      0.1935040004452638,
      0.21728094989969715,
      0.29711891499458515,
      0.3177636942797817
   ],
   "Unweighted sigma^2": 0.08981679089473021,
   "Apparent r0": 8.106937899214405
}