{
   "log10 r": [
      0.0,
      0.05,
      0.1,
      0.15000000000000002,
      0.2,
      0.25,
      0.30000000000000004,
      0.35000000000000003,
      0.4,
      0.45,
      0.5,
      0.55,
      0.6000000000000001,
      0.65,
      0.7000000000000001,
      0.75,
      0.8,
      0.8500000000000001,
      0.9,
      0.9500000000000001,
      1.0,
      1.05,
      1.1,
      1.1500000000000001,
      1.2000000000000002,
      1.25,
      1.3,
      1.35,
      1.4000000000000001,
      1.4500000000000002,
      1.5,
      1.55,
      1.6,
      1.6500000000000001,
      1.7000000000000002,
      1.75,
      1.8,
      1.85,
      1.9000000000000001,
      1.9500000000000002,
      2.0,
      2.0500000000000003,
      2.1,
      2.15,
      2.2,
      2.25,
      2.3000000000000003,
      2.35,
      2.4000000000000004,
      2.45,
      2.5
   ],
   "Sum dv^2": [
      168.45937706206433,
      0.0,
      0.0,
      593.5669397701854,
      0.0,
      0.0,
      2325.201821091699,
      0.0,
      0.0,
      1767.8972531069708,
      2684.4194252802963,
      2994.8074661429555,
      5801.150133986845,
      8314.943803008193,
      8139.772531174646,
      12017.370378594314,
      22729.680825955085,
      20678.560861290218,
      31719.575608915424,
      45935.30615405403,
      73358.08677719219,
      80037.59579920468,
      108199.80889913964,
      162431.42929381444,
      192935.1032617567,
      264090.5823555884,
      359222.6456111037,
      455411.0942148384,
      576828.1599519867,
      729842.5384475417,
      977549.7994658959,
      1169363.033444171,
      1562483.8625170505,
      1915732.4942152936,
      2398099.2940093186,
      2911705.5976564093,
      3457173.335110362,
      4127392.0092361784,
      4774343.168642437,
      5626128.370295069,
      6735543.231059621,
      7721829.759649355,
      8965436.478583872,
      10202358.635187311,
      11162946.442305421,
      11287853.449805742,
      9374173.741042895,
      5927378.916318367,
      2317719.089913074,
      689750.5167633829,
      71434.08696129324
   ],
   "Sum weights": [
      65280.0,
      0.0,
      0.0,
      130050.0,
      0.0,
      0.0,
      324104.0,
      0.0,
      0.0,
      193800.0,
      258060.0,
      257048.0,
      449570.0,
      575312.0,
      511036.0,
      700020.0,
      1203734.0,
      1007972.0,
      1445380.0,
      1937042.0,
      2859272.0,
      2897116.0,
      3674690.0,
      5155474.0,
      5773520.0,
      7491838.0,
      9701238.0,
      11757186.0,
      14320938.0,
      17540114.0,
      22734900.0,
      26303374.0,
      34062188.0,
      40733820.0,
      50149068.0,
      60431004.0,
      72289830.0,
      87731826.0,
      102476376.0,
      120332462.0,
      140368314.0,
      158782298.0,
      178392398.0,
      192781200.0,
      200564162.0,
      196929652.0,
      173862636.0,
      123283452.0,
      50816154.0,
      14282052.0,
      1557090.0
   ],
   "Sum w * dv^2": [
      168.45937706206433,
      0.0,
      0.0,
      593.5669397701854,
      0.0,
      0.0,
      2325.201821091699,
      0.0,
      0.0,
      1767.8972531069708,
      2684.4194252802963,
      2994.8074661429555,
      5801.150133986845,
      8314.943803008193,
      8139.772531174646,
      12017.370378594314,
      22729.680825955085,
      20678.560861290218,
      31719.575608915424,
      45935.30615405403,
      73358.08677719219,
      80037.59579920468,
      108199.80889913964,
      162431.42929381444,
      192935.1032617567,
      264090.5823555884,
      359222.6456111037,
      455411.0942148384,
      576828.1599519867,
      729842.5384475417,
      977549.7994658959,
      1169363.033444171,
      1562483.8625170505,
      1915732.4942152936,
      2398099.2940093186,
      2911705.5976564093,
      3457173.335110362,
      4127392.0092361784,
      4774343.168642437,
      5626128.370295069,
      6735543.231059621,
      7721829.759649355,
      8965436.478583872,
      10202358.635187311,
      11162946.442305421,
      11287853.449805742,
      9374173.741042895,
      5927378.916318367,
      2317719.089913074,
      689750.5167633829,
      71434.08696129324
   ],
   "N pairs": [
      65280,
      0,
      0,
      130050,
      0,
      0,
      324104,
      0,
      0,
      193800,
      258060,
      257048,
      449570,
      575312,
      511036,
      700020,
      1203734,
      1007972,
      1445380,
      1937042,
      2859272,
      2897116,
      3674690,
      5155474,
      5773520,
      7491838,
      9701238,
      11757186,
      14320938,
      17540114,
      22734900,
      26303374,
      34062188,
      40733820,
      50149068,
      60431004,
      72289830,
      87731826,
      102476376,
      120332462,
      140368314,
      158782298,
      178392398,
      192781200,
      200564162,
      196929652,
      173862636,
      123283452,
      50816154,
      14282052,
      1557090
   ],
   "Unweighted B(r)": [
      0.0025805664378379953,
      NaN,
      NaN,
      0.004564144096656559,
      NaN,
      NaN,
      0.007174245986139322,
      NaN,
      NaN,
      0.009122276847817187,
      0.010402307313339132,
      0.011650771319531588,
      0.012903775016097258,
      0.01445292954606925,
      0.015927982629745548,
      0.017167181478521063,
      0.018882644193779594,
      0.02051501516043126,
      0.021945492264259518,
      0.023714150831037235,
      0.02565621136330933,
      0.027626645187560552,
      0.029444608633419318,
      0.031506594600964805,
      0.03341723996136788,
      0.035250439525732986,
      0.03702853652400896,
      0.03873470184233187,
      0.040278657721441624,
      0.041609908490192346,
      0.04299776112786491,
      0.04445676944121964,
      0.045871506038221925,
      0.04703051405970011,
      0.047819418977224436,
      0.048182313794694016,
      0.04782378565712995,
      0.047045550029201244,
      0.04658969564499858,
      0.04675486794490309,
      0.04798478402369085,
      0.048631553119664224,
      0.05025683033076259,
      0.05292195834027027,
      0.05565773232361134,
      0.057319216964877094,
      0.053917126512696464,
      0.04807927438889663,
      0.045609887948487284,
      0.04829491705837389,
      0.045876658999347016
   ],
   "Weighted B(r)": [
      0.0025805664378379953,
      NaN,
      NaN,
      0.004564144096656559,
      NaN,
      NaN,
      0.007174245986139322,
      NaN,
      NaN,
      0.009122276847817187,
      0.010402307313339132,
      0.011650771319531588,
      0.012903775016097258,
      0.01445292954606925,
      0.015927982629745548,
      0.017167181478521063,
      0.018882644193779594,
      0.02051501516043126,
      0.021945492264259518,
      0.023714150831037235,
      0.02565621136330933,
      0.027626645187560552,
      0.029444608633419318,
      0.031506594600964805,
      0.03341723996136788,
      0.035250439525732986,
      0.03702853652400896,
      0.03873470184233187,
      0.040278657721441624,
      0.041609908490192346,
      0.04299776112786491,
      0.04445676944121964,
      0.045871506038221925,
      0.04703051405970011,
      0.047819418977224436,
      0.048182313794694016,
      0.04782378565712995,
      0.047045550029201244,
      0.04658969564499858,
      0.04675486794490309,
      0.04798478402369085,
      0.048631553119664224,
      0.05025683033076259,
      0.05292195834027027,
      0.05565773232361134,
      0.057319216964877094,
      0.053917126512696464,
      0.04807927438889663,
      0.045609887948487284,
      0.04829491705837389,
      0.045876658999347016
   ],
   "Unweighted sigma^2": 0.024901971376927838,
   "Apparent r0": 9.57765018351389
}