{
   "log10 r": [
      0.0,
      0.05,
      0.1,
      0.15000000000000002,
      0.2,
      0.25,
      0.30000000000000004,
      0.35000000000000003,
      0.4,
      0.45,
      0.5,
      0.55,
      0.6000000000000001,
      0.65,
      0.7000000000000001,
      0.75,
      0.8,
      0.8500000000000001,
      0.9,
      0.9500000000000001,
      1.0,
      1.05,
      1.1,
      1.1500000000000001,
      1.2000000000000002,
      1.25,
      1.3,
      1.35,
      1.4000000000000001,
      1.4500000000000002,
      1.5,
      1.55,
      1.6,
      1.6500000000000001,
      1.7000000000000002,
      1.75,
      1.8,
      1.85,
      1.9000000000000001,
      1.9500000000000002,
      2.0,
      2.0500000000000003,
      2.1,
      2.15,
      2.2,
      2.25,
      2.3000000000000003,
      2.35,
      2.4000000000000004,
      2.45,
      2.5
   ],
   "Sum dv^2": [
      121.58625419987295,
      0.0,
      0.0,
      430.42146911074354,
      0.0,
      0.0,
      1751.47198379946,
      0.0,
      0.0,
      1376.743420787054,
      2090.1590457384887,
      2375.203434045784,
      4688.8782508582,
      6866.71228787221,
      6767.574157479776,
      10224.49653278926,
      19719.599297555476,
      18258.427455329365,
      28566.715443288635,
      42285.76285145874,
      69194.30504139485,
      77318.02149883617,
      107092.80546139237,
      164836.17518402368,
      201659.77497556806,
      284294.15588777105,
      400235.3694971529,
      526783.7980257387,
      695069.4754596021,
      921712.3060463888,
      1303269.253278209,
      1651865.50906187,
      2355335.2911505597,
      3111182.671967275,
      4222588.01355405,
      5595357.107447731,
      7337148.946658747,
      9757762.54569121,
      12508788.313178938,
      16107521.328665808,
      20452989.272837657,
      24804612.77952356,
      29702843.889226053,
      34795468.72216564,
      40215834.955599636,
      43516624.38780683,
      40436715.93006754,
      27869577.332368642,
      9581584.847342856,
      2395829.806320672,
      282311.6855623767
   ],
   "Sum weights": [
      65280.0,
      0.0,
      0.0,
      130050.0,
      0.0,
      0.0,
      324104.0,
      0.0,
      0.0,
      193800.0,
      258060.0,
      257048.0,
      449570.0,
      575312.0,
      511036.0,
      700020.0,
      1203734.0,
      1007972.0,
      1445380.0,
      1937042.0,
      2859272.0,
      2897116.0,
      3674690.0,
      5155474.0,
      5773520.0,
      7491838.0,
      9701238.0,
      11757186.0,
      14320938.0,
      17540114.0,
      22734900.0,
      26303374.0,
      34062188.0,
      40733820.0,
      50149068.0,
      60431004.0,
      72289830.0,
      87731826.0,
      102476376.0,
      120332462.0,
      140368314.0,
      158782298.0,
      178392398.0,
      192781200.0,
      200564162.0,
      196929652.0,
      173862636.0,
      123283452.0,
      50816154.0,
      14282052.0,
      1557090.0
   ],
   "Sum w * dv^2": [
      121.58625419987295,
      0.0,
      0.0,
      430.42146911074354,
      0.0,
      0.0,
      1751.47198379946,
      0.0,
      0.0,
      1376.743420787054,
      2090.1590457384887,
      2375.203434045784,
      4688.8782508582,
      6866.71228787221,
      6767.574157479776,
      10224.49653278926,
      19719.599297555476,
      18258.427455329365,
      28566.715443288635,
      42285.76285145874,
      69194.30504139485,
      77318.02149883617,
      107092.80546139237,
      164836.17518402368,
      201659.77497556806,
      284294.15588777105,
      400235.3694971529,
      526783.7980257387,
      695069.4754596021,
      921712.3060463888,
      1303269.253278209,
      1651865.50906187,
      2355335.2911505597,
      3111182.671967275,
      4222588.01355405,
      5595357.107447731,
      7337148.946658747,
      9757762.54569121,
      12508788.313178938,
      16107521.328665808,
      20452989.272837657,
      24804612.77952356,
      29702843.889226053,
      34795468.72216564,
      40215834.955599636,
      43516624.38780683,
      40436715.93006754,
      27869577.332368642,
      9581584.847342856,
      2395829.806320672,
      282311.6855623767
   ],
   "N pairs": [
      65280,
      0,
      0,
      130050,
      0,
      0,
      324104,
      0,
      0,
      193800,
      258060,
      257048,
      449570,
      575312,
      511036,
      700020,
      1203734,
      1007972,
      1445380,
      1937042,
      2859272,
      2897116,
      3674690,
      5155474,
      5773520,
      7491838,
      9701238,
      11757186,
      14320938,
      17540114,
      22734900,
      26303374,
      34062188,
      40733820,
      50149068,
      60431004,
      72289830,
      87731826,
      102476376,
      120332462,
      140368314,
      158782298,
      178392398,
      192781200,
      200564162,
      196929652,
      173862636,
      123283452,
      50816154,
      14282052,
      1557090
   ],
   "Unweighted B(r)": [
      0.001862534531248054,
      NaN,
      NaN,
      0.0033096614310706924,
      NaN,
      NaN,
      0.005404043096658665,
      NaN,
      NaN,
      0.007103939219747441,
      0.008099508043627407,
      0.009240310891529145,
      0.010429695599924817,
      0.01193563194905062,
      0.013242852083766654,
      0.014606006303804549,
      0.016382024016564686,
      0.018114022468212775,
      0.019764155753703962,
      0.021830070205735727,
      0.024199972944649845,
      0.026687927407406598,
      0.02914335779654675,
      0.031973039760073214,
      0.0349283928999238,
      0.0379471841072606,
      0.04125611282778063,
      0.044805261907546474,
      0.048535192000663786,
      0.052548820722966155,
      0.05732460900545896,
      0.0628005178750783,
      0.0691480914599661,
      0.07637836745896347,
      0.08420072758987365,
      0.09259083478817812,
      0.10149628165758236,
      0.11122260860831976,
      0.12206509247730363,
      0.13385848723568713,
      0.14570944602809477,
      0.15621774651179038,
      0.16650285674855972,
      0.18049202267734424,
      0.20051356411121762,
      0.22097548005521706,
      0.23257852785613775,
      0.22606097477193163,
      0.18855391628699125,
      0.16775109111216455,
      0.18130723693709208
   ],
   "Weighted B(r)": [
      0.001862534531248054,
      NaN,
      NaN,
      0.0033096614310706924,
      NaN,
      NaN,
      0.005404043096658665,
      NaN,
      NaN,
      0.007103939219747441,
      0.008099508043627407,
      0.009240310891529145,
      0.010429695599924817,
      0.01193563194905062,
      0.013242852083766654,
      0.014606006303804549,
      0.016382024016564686,
      0.018114022468212775,
      0.019764155753703962,
      0.021830070205735727,
      0.024199972944649845,
      0.026687927407406598,
      0.02914335779654675,
      0.031973039760073214,
      0.0349283928999238,
      0.0379471841072606,
      0.04125611282778063,
      0.044805261907546474,
      0.048535192000663786,
      0.052548820722966155,
      0.05732460900545896,
      0.0628005178750783,
      0.0691480914599661,
      0.07637836745896347,
      0.08420072758987365,
      0.09259083478817812,
      0.10149628165758236,
      0.11122260860831976,
      0.12206509247730363,
      0.13385848723568713,
      0.14570944602809477,
      0.15621774651179038,
      0.16650285674855972,
      0.18049202267734424,
      0.20051356411121762,
      0.22097548005521706,
      0.23257852785613775,
      0.22606097477193163,
      0.18855391628699125,
      0.16775109111216455,
      0.18130723693709208
   ],
   "Unweighted sigma^2": 0.07974219481188967,
   "Apparent r0": 47.012163859267815
}