{
   "log10 r": [
      0.0,
      0.05,
      0.1,
      0.15000000000000002,
      0.2,
      0.25,
      0.30000000000000004,
      0.35000000000000003,
      0.4,
      0.45,
      0.5,
      0.55,
      0.6000000000000001,
      0.65,
      0.7000000000000001,
      0.75,
      0.8,
      0.8500000000000001,
      0.9,
      0.9500000000000001,
      1.0,
      1.05,
      1.1,
      1.1500000000000001,
      1.2000000000000002,
      1.25,
      1.3,
      1.35,
      1.4000000000000001,
      1.4500000000000002,
      1.5,
      1.55,
      1.6,
      1.6500000000000001,
      1.7000000000000002,
      1.75,
      1.8,
      1.85,
      1.9000000000000001,
      1.9500000000000002,
      2.0,
      2.0500000000000003,
      2.1,
      2.15,
      2.2,
      2.25,
      2.3000000000000003,
      2.35,
      2.4000000000000004,
      2.45,
      2.5
   ],
   "Sum dv^2": [
      36.26205157380618,
      0.0,
      0.0,
      173.30389959713887,
      0.0,
      0.0,
      927.848234089714,
      0.0,
      0.0,
      852.8636433490609,
      1408.8608857860868,
      1713.580777296176,
      3575.698663952181,
      5561.442845215159,
      5726.017581967518,
      8934.035124109654,
      17892.449649602462,
      17081.295992159125,
      27186.994852006377,
      41019.07353872968,
      68132.06815066338,
      76804.26751872592,
      106655.77988712049,
      163752.95040681504,
      199355.2552436828,
      278295.7593769743,
      388346.7955672623,
      502780.7897515986,
      652371.299903993,
      844802.9302146987,
      1152506.1372545778,
      1389574.495036589,
      1857281.144113513,
      2267503.6942042983,
      2829602.733332565,
      3437630.5085166385,
      4072425.756396444,
      4837834.7646449115,
      5542076.580673537,
      6456254.146086539,
      7551358.18256419,
      8720221.38255108,
      10311525.794451432,
      11901194.523109403,
      13259649.912969597,
      13612075.425525812,
      12200656.068151422,
      8894053.99556292,
      4354039.239274122,
      1809224.6384972008,
      154961.5763301213
   ],
   "Sum weights": [
      65280.0,
      0.0,
      0.0,
      130050.0,
      0.0,
      0.0,
      324104.0,
      0.0,
      0.0,
      193800.0,
      258060.0,
      257048.0,
      449570.0,
      575312.0,
      511036.0,
      700020.0,
      1203734.0,
      1007972.0,
      1445380.0,
      1937042.0,
      2859272.0,
      2897116.0,
      3674690.0,
      5155474.0,
      5773520.0,
      7491838.0,
      9701238.0,
      11757186.0,
      14320938.0,
      17540114.0,
      22734900.0,
      26303374.0,
      34062188.0,
      40733820.0,
      50149068.0,
      60431004.0,
      72289830.0,
      87731826.0,
      102476376.0,
      120332462.0,
      140368314.0,
      158782298.0,
      178392398.0,
      192781200.0,
      200564162.0,
      196929652.0,
      173862636.0,
      123283452.0,
      50816154.0,
      14282052.0,
      1557090.0
   ],
   "Sum w * dv^2": [
      36.26205157380618,
      0.0,
      0.0,
      173.30389959713887,
      0.0,
      0.0,
      927.848234089714,
      0.0,
      0.0,
      852.8636433490609,
      1408.8608857860868,
      1713.580777296176,
      3575.698663952181,
      5561.442845215159,
      5726.017581967518,
      8934.035124109654,
      17892.449649602462,
      17081.295992159125,
      27186.994852006377,
      41019.07353872968,
      68132.06815066338,
      76804.26751872592,
      106655.77988712049,
      163752.95040681504,
      199355.2552436828,
      278295.7593769743,
      388346.7955672623,
      502780.7897515986,
      652371.299903993,
      844802.9302146987,
      1152506.1372545778,
      1389574.495036589,
      1857281.144113513,
      2267503.6942042983,
      2829602.733332565,
      3437630.5085166385,
      4072425.756396444,
      4837834.7646449115,
      5542076.580673537,
      6456254.146086539,
      7551358.18256419,
      8720221.38255108,
      10311525.794451432,
      11901194.523109403,
      13259649.912969597,
      13612075.425525812,
      12200656.068151422,
      8894053.99556292,
      4354039.239274122,
      1809224.6384972008,
      154961.5763301213
   ],
   "N pairs": [
      65280,
      0,
      0,
      130050,
      0,
      0,
      324104,
      0,
      0,
      193800,
      258060,
      257048,
      449570,
      575312,
      511036,
      700020,
      1203734,
      1007972,
      1445380,
      1937042,
      2859272,
      2897116,
      3674690,
      5155474,
      5773520,
      7491838,
      9701238,
      11757186,
      14320938,
      17540114,
      22734900,
      26303374,
      34062188,
      40733820,
      50149068,
      60431004,
      72289830,
      87731826,
      102476376,
      120332462,
      140368314,
      158782298,
      178392398,
      192781200,
      200564162,
      196929652,
      173862636,
      123283452,
      50816154,
      14282052,
      1557090
   ],
   "Unweighted B(r)": [
      0.0005554848586673742,
      NaN,
      NaN,
      0.0013325943836765772,
      NaN,
      NaN,
      0.002862810190832924,
      NaN,
      NaN,
      0.004400741193751604,
      0.005459431472471855,
      0.006666384400174971,
      0.007953597134933783,
      0.009666829207830114,
      0.011204724485099911,
      0.01276254267608019,
      0.014864122513447707,
      0.0169462008787537,
      0.01880958284465426,
      0.021176140496039674,
      0.023828466879213795,
      0.026510594508030026,
      0.02902442924086671,
      0.031762928182125456,
      0.03452923957025918,
      0.03714652657691935,
      0.04003064305475881,
      0.042763701259093685,
      0.04555367112852475,
      0.04816405014327151,
      0.050693257382024015,
      0.052828754783952395,
      0.05452618440463992,
      0.05566636505499112,
      0.056423834902227195,
      0.05688521257261651,
      0.056334698205770355,
      0.055143440929234865,
      0.05408150441106092,
      0.053653470051053545,
      0.05379674349129954,
      0.0549193549431504,
      0.057802495566270894,
      0.06173420708611318,
      0.06611176084872829,
      0.06912151261774338,
      0.07017411186697653,
      0.07214312911649262,
      0.08568218758299027,
      0.12667819991813506,
      0.09951998685376008
   ],
   "Weighted B(r)": [
      0.0005554848586673742,
      NaN,
      NaN,
      0.0013325943836765772,
      NaN,
      NaN,
      0.002862810190832924,
      NaN,
      NaN,
      0.004400741193751604,
      0.005459431472471855,
      0.006666384400174971,
      0.007953597134933783,
      0.009666829207830114,
      0.011204724485099911,
      0.01276254267608019,
      0.014864122513447707,
      0.0169462008787537,
      0.01880958284465426,
      0.021176140496039674,
      0.023828466879213795,
      0.026510594508030026,
      0.02902442924086671,
      0.031762928182125456,
      0.03452923957025918,
      0.03714652657691935,
      0.04003064305475881,
      0.042763701259093685,
      0.04555367112852475,
      0.04816405014327151,
      0.050693257382024015,
      0.052828754783952395,
      0.05452618440463992,
      0.05566636505499112,
      0.056423834902227195,
      0.05688521257261651,
      0.056334698205770355,
      0.055143440929234865,
      0.05408150441106092,
      0.053653470051053545,
      0.05379674349129954,
      0.0549193549431504,
      0.057802495566270894,
      0.06173420708611318,
      0.06611176084872829,
      0.06912151261774338,
      0.07017411186697653,
      0.07214312911649262,
      0.08568218758299027,
      0.12667819991813506,
      0.09951998685376008
   ],
   "Unweighted sigma^2": 0.03038961836421917,
   "Apparent r0": 13.355037189072489
}