{
   "log10 r": [
      0.0,
      0.05,
      0.1,
      0.15000000000000002,
      0.2,
      0.25,
      0.30000000000000004,
      0.35000000000000003,
      0.4,
      0.45,
      0.5,
      0.55,
      0.6000000000000001,
      0.65,
      0.7000000000000001,
      0.75,
      0.8,
      0.8500000000000001,
      0.9,
      0.9500000000000001,
      1.0,
      1.05,
      1.1,
      1.1500000000000001,
      1.2000000000000002,
      1.25,
      1.3,
      1.35,
      1.4000000000000001,
      1.4500000000000002,
      1.5,
      1.55,
      1.6,
      1.6500000000000001,
      1.7000000000000002,
      1.75,
      1.8,
      1.85,
      1.9000000000000001,
      1.9500000000000002,
      2.0,
      2.0500000000000003,
      2.1,
      2.15,
      2.2,
      2.25,
      2.3000000000000003,
      2.35,
      2.4000000000000004,
      2.45,
      2.5
   ],
   "Sum dv^2": [
      35.60506548535324,
      0.0,
      0.0,
      170.12742932180083,
      0.0,
      0.0,
      910.7045444708682,
      0.0,
      0.0,
      836.548476635822,
      1383.169065626192,
      1681.0589585838443,
      3510.653292742033,
      5458.455657277674,
      5634.582372859915,
      8789.94101556999,
      17629.035317482107,
      16854.4430928964,
      26873.294866266613,
      40617.5595217399,
      67551.30297428987,
      76373.71043444936,
      106359.22033060348,
      164333.79042982362,
      200929.8200282745,
      282339.64775418694,
      394896.7074438124,
      513077.76546425367,
      663997.4127385797,
      855818.183509487,
      1158448.7823345775,
      1391034.1195614662,
      1851018.5778730607,
      2232754.0520342467,
      2723167.5401257765,
      3213581.3944121646,
      3776683.0838467074,
      4555745.13592334,
      5359968.399304038,
      6400661.651342623,
      7498557.541104993,
      8164029.08437774,
      9036653.652176447,
      10223329.94007335,
      11255117.220339157,
      11077594.633510655,
      10505552.854419542,
      7777791.981362928,
      3231598.9604265895,
      913097.5618613618,
      95207.34980662295
   ],
   "Sum weights": [
      65280.0,
      0.0,
      0.0,
      130050.0,
      0.0,
      0.0,
      324104.0,
      0.0,
      0.0,
      193800.0,
      258060.0,
      257048.0,
      449570.0,
      575312.0,
      511036.0,
      700020.0,
      1203734.0,
      1007972.0,
      1445380.0,
      1937042.0,
      2859272.0,
      2897116.0,
      3674690.0,
      5155474.0,
      5773520.0,
      7491838.0,
      9701238.0,
      11757186.0,
      14320938.0,
      17540114.0,
      22734900.0,
      26303374.0,
      34062188.0,
      40733820.0,
      50149068.0,
      60431004.0,
      72289830.0,
      87731826.0,
      102476376.0,
      120332462.0,
      140368314.0,
      158782298.0,
      178392398.0,
      192781200.0,
      200564162.0,
      196929652.0,
      173862636.0,
      123283452.0,
      50816154.0,
      14282052.0,
      1557090.0
   ],
   "Sum w * dv^2": [
      35.60506548535324,
      0.0,
      0.0,
      170.12742932180083,
      0.0,
      0.0,
      910.7045444708682,
      0.0,
      0.0,
      836.548476635822,
      1383.169065626192,
      1681.0589585838443,
      3510.653292742033,
      5458.455657277674,
      5634.582372859915,
      8789.94101556999,
      17629.035317482107,
      16854.4430928964,
      26873.294866266613,
      40617.5595217399,
      67551.30297428987,
      76373.71043444936,
      106359.22033060348,
      164333.79042982362,
      200929.8200282745,
      282339.64775418694,
      394896.7074438124,
      513077.76546425367,
      663997.4127385797,
      855818.183509487,
      1158448.7823345775,
      1391034.1195614662,
      1851018.5778730607,
      2232754.0520342467,
      2723167.5401257765,
      3213581.3944121646,
      3776683.0838467074,
      4555745.13592334,
      5359968.399304038,
      6400661.651342623,
      7498557.541104993,
      8164029.08437774,
      9036653.652176447,
      10223329.94007335,
      11255117.220339157,
      11077594.633510655,
      10505552.854419542,
      7777791.981362928,
      3231598.9604265895,
      913097.5618613618,
      95207.34980662295
   ],
   "N pairs": [
      65280,
      0,
      0,
      130050,
      0,
      0,
      324104,
      0,
      0,
      193800,
      258060,
      257048,
      449570,
      575312,
      511036,
      700020,
      1203734,
      1007972,
      1445380,
      1937042,
      2859272,
      2897116,
      3674690,
      5155474,
      5773520,
      7491838,
      9701238,
      11757186,
      14320938,
      17540114,
      22734900,
      26303374,
      34062188,
      40733820,
      50149068,
      60431004,
      72289830,
      87731826,
      102476376,
      120332462,
      140368314,
      158782298,
      178392398,
      192781200,
      200564162,
      196929652,
      173862636,
      123283452,
      50816154,
      14282052,
      1557090
   ],
   "Unweighted B(r)": [
      0.0005454207335378866,
      NaN,
      NaN,
      0.0013081693911710945,
      NaN,
      NaN,
      0.002809914547401045,
      NaN,
      NaN,
      0.004316555606995985,
      0.005359873927095218,
      0.006539863988764138,
      0.007808913612434177,
      0.009487818187831426,
      0.01102580321711174,
      0.012556699830819106,
      0.014645291499186785,
      0.016721142147694976,
      0.018592546504218,
      0.02096885845621308,
      0.02362535042986112,
      0.026361978752127757,
      0.028943725955278807,
      0.031875592899862096,
      0.03480196137335187,
      0.03768629911033673,
      0.040705805531604564,
      0.043639503999022694,
      0.04636549733953039,
      0.048792053661081504,
      0.05095464604350921,
      0.05288424669631608,
      0.05434232756489574,
      0.05481327437579502,
      0.05430145860588628,
      0.05317769326506911,
      0.05224362934380545,
      0.0519280783683146,
      0.05230442965024483,
      0.05319147921483251,
      0.053420585653718065,
      0.051416494075288796,
      0.05065604674576126,
      0.05303074127598205,
      0.05611728988920342,
      0.05625153206237654,
      0.06042444251460413,
      0.06308869402328975,
      0.06359393039517688,
      0.06393321925038235,
      0.061144410282400474
   ],
   "Weighted B(r)": [
      0.0005454207335378866,
      NaN,
      NaN,
      0.0013081693911710945,
      NaN,
      NaN,
      0.002809914547401045,
      NaN,
      NaN,
      0.004316555606995985,
      0.005359873927095218,
      0.006539863988764138,
      0.007808913612434177,
      0.009487818187831426,
      0.01102580321711174,
      0.012556699830819106,
      0.014645291499186785,
      0.016721142147694976,
      0.018592546504218,
      0.02096885845621308,
      0.02362535042986112,
      0.026361978752127757,
      0.028943725955278807,
      0.031875592899862096,
      0.03480196137335187,
      0.03768629911033673,
      0.040705805531604564,
      0.043639503999022694,
      0.04636549733953039,
      0.048792053661081504,
      0.05095464604350921,
      0.05288424669631608,
      0.05434232756489574,
      0.05481327437579502,
      0.05430145860588628,
      0.05317769326506911,
      0.05224362934380545,
      0.0519280783683146,
      0.05230442965024483,
      0.05319147921483251,
      0.053420585653718065,
      0.051416494075288796,
      0.05065604674576126,
      0.05303074127598205,
      0.05611728988920342,
      0.05625153206237654,
      0.06042444251460413,
      0.06308869402328975,
      0.06359393039517688,
      0.06393321925038235,
      0.061144410282400474
   ],
   "Unweighted sigma^2": 0.027084500097610403,
   "Apparent r0": 11.603328946207027
}