{
   "log10 r": [
      0.0,
      0.05,
      0.1,
      0.15000000000000002,
      0.2,
      0.25,
      0.30000000000000004,
      0.35000000000000003,
      0.4,
      0.45,
      0.5,
      0.55,
      0.6000000000000001,
      0.65,
      0.7000000000000001,
      0.75,
      0.8,
      0.8500000000000001,
      0.9,
      0.9500000000000001,
      1.0,
      1.05,
      1.1,
      1.1500000000000001,
      1.2000000000000002,
      1.25,
      1.3,
      1.35,
      1.4000000000000001,
      1.4500000000000002,
      1.5,
      1.55,
      1.6,
      1.6500000000000001,
      1.7000000000000002,
      1.75,
      1.8,
      1.85,
      1.9000000000000001,
      1.9500000000000002,
      2.0,
      2.0500000000000003,
      2.1,
      2.15,
      2.2,
      2.25,
      2.3000000000000003,
      2.35,
      2.4000000000000004,
      2.45,
      2.5
   ],
   "Sum dv^2": [
      0.06529234583971125,
      0.0,
      0.0,
      0.48199991384145885,
      0.0,
      0.0,
      2.657231795030744,
      0.0,
      0.0,
      2.4889324162500084,
      4.765926649559228,
      6.153224597455201,
      13.313392704181112,
      22.67747011156351,
      25.7615659005596,
      42.72163302004295,
      95.67840396107655,
      102.01286248269452,
      176.33640833816253,
      298.2861421234453,
      558.5642172948618,
      715.8463456010114,
      1113.0833942456802,
      1955.0314972928884,
      2698.9082092770554,
      4284.773390159799,
      6790.030894455807,
      9996.700459794563,
      14622.283121497823,
      21191.62425462941,
      32229.88940492958,
      43068.79859256071,
      63409.02166560577,
      84695.0098342442,
      113939.71038191712,
      147192.30984365917,
      185570.6125943908,
      235030.28799326462,
      284585.2119561266,
      344737.44106482924,
      411866.7357756227,
      467479.88591194537,
      512493.81841861975,
      522658.17491461686,
      506055.1298883798,
      460974.38114280684,
      392349.422752529,
      351383.6087563864,
      216144.2763708203,
      57956.373521776375,
      1665.1151767576746
   ],
   "Sum weights": [
      65280.0,
      0.0,
      0.0,
      130050.0,
      0.0,
      0.0,
      324104.0,
      0.0,
      0.0,
      193800.0,
      258060.0,
      257048.0,
      449570.0,
      575312.0,
      511036.0,
      700020.0,
      1203734.0,
      1007972.0,
      1445380.0,
      1937042.0,
      2859272.0,
      2897116.0,
      3674690.0,
      5155474.0,
      5773520.0,
      7491838.0,
      9701238.0,
      11757186.0,
      14320938.0,
      17540114.0,
      22734900.0,
      26303374.0,
      34062188.0,
      40733820.0,
      50149068.0,
      60431004.0,
      72289830.0,
      87731826.0,
      102476376.0,
      120332462.0,
      140368314.0,
      158782298.0,
      178392398.0,
      192781200.0,
      200564162.0,
      196929652.0,
      173862636.0,
      123283452.0,
      50816154.0,
      14282052.0,
      1557090.0
   ],
   "Sum w * dv^2": [
      0.06529234583971125,
      0.0,
      0.0,
      0.48199991384145885,
      0.0,
      0.0,
      2.657231795030744,
      0.0,
      0.0,
      2.4889324162500084,
      4.765926649559228,
      6.153224597455201,
      13.313392704181112,
      22.67747011156351,
      25.7615659005596,
      42.72163302004295,
      95.67840396107655,
      102.01286248269452,
      176.33640833816253,
      298.2861421234453,
      558.5642172948618,
      715.8463456010114,
      1113.0833942456802,
      1955.0314972928884,
      2698.9082092770554,
      4284.773390159799,
      6790.030894455807,
      9996.700459794563,
      14622.283121497823,
      21191.62425462941,
      32229.88940492958,
      43068.79859256071,
      63409.02166560577,
      84695.0098342442,
      113939.71038191712,
      147192.30984365917,
      185570.6125943908,
      235030.28799326462,
      284585.2119561266,
      344737.44106482924,
      411866.7357756227,
      467479.88591194537,
      512493.81841861975,
      522658.17491461686,
      506055.1298883798,
      460974.38114280684,
      392349.422752529,
      351383.6087563864,
      216144.2763708203,
      57956.373521776375,
      1665.1151767576746
   ],
   "N pairs": [
      65280,
      0,
      0,
      130050,
      0,
      0,
      324104,
      0,
      0,
      193800,
      258060,
      257048,
      449570,
      575312,
      511036,
      700020,
      1203734,
      1007972,
      1445380,
      1937042,
      2859272,
      2897116,
      3674690,
      5155474,
      5773520,
      7491838,
      9701238,
      11757186,
      14320938,
      17540114,
      22734900,
      26303374,
      34062188,
      40733820,
      50149068,
      60431004,
      72289830,
      87731826,
      102476376,
      120332462,
      140368314,
      158782298,
      178392398,
      192781200,
      200564162,
      196929652,
      173862636,
      123283452,
      50816154,
      14282052,
      1557090
   ],
   "Unweighted B(r)": [
      1.0001891213191061e-06,
      NaN,
      NaN,
      3.7062661579504717e-06,
      NaN,
      NaN,
      8.198701018903635e-06,
      NaN,
      NaN,
      1.2842788525541838e-05,
      1.8468288962098844e-05,
      2.3938037243842396e-05,
      2.9613614574329052e-05,
      3.9417690073496656e-05,
      5.0410471866090845e-05,
      6.102916062404353e-05,
      7.948467349188155e-05,
      0.0001012060478690822,
      0.00012200003344322083,
      0.00015399053924666854,
      0.00019535189981745765,
      0.00024708929349084104,
      0.0003029053863715525,
      0.00037921469437977737,
      0.00046746321295796246,
      0.0005719255261739241,
      0.0006999138557837471,
      0.0008502630187014617,
      0.001021042275408065,
      0.001208180531473707,
      0.0014176393740429729,
      0.0016373868459825995,
      0.001861566311171959,
      0.0020792307187060825,
      0.0022720204966105674,
      0.00243570849565331,
      0.0025670362289466004,
      0.002678962683317051,
      0.002777081148499305,
      0.002864874825421832,
      0.0029341859572069996,
      0.002944156192473958,
      0.0028728456154203373,
      0.0027111470149299667,
      0.0025231582992797075,
      0.002340807371877176,
      0.002256663258875984,
      0.00285020903499998,
      0.004253456024452781,
      0.004057986451931163,
      0.00106937632170117
   ],
   "Weighted B(r)": [
      1.0001891213191061e-06,
      NaN,
      NaN,
      3.7062661579504717e-06,
      NaN,
      NaN,
      8.198701018903635e-06,
      NaN,
      NaN,
      1.2842788525541838e-05,
      1.8468288962098844e-05,
      2.3938037243842396e-05,
      2.9613614574329052e-05,
      3.9417690073496656e-05,
      5.0410471866090845e-05,
      6.102916062404353e-05,
      7.948467349188155e-05,
      0.0001012060478690822,
      0.00012200003344322083,
      0.00015399053924666854,
      0.00019535189981745765,
      0.00024708929349084104,
      0.0003029053863715525,
      0.00037921469437977737,
      0.00046746321295796246,
      0.0005719255261739241,
      0.0006999138557837471,
      0.0008502630187014617,
      0.001021042275408065,
      0.001208180531473707,
      0.0014176393740429729,
      0.0016373868459825995,
      0.001861566311171959,
      0.0020792307187060825,
      0.0022720204966105674,
      0.00243570849565331,
      0.0025670362289466004,
      0.002678962683317051,
      0.002777081148499305,
      0.002864874825421832,
      0.0029341859572069996,
      0.002944156192473958,
      0.0028728456154203373,
      0.0027111470149299667,
      0.0025231582992797075,
      0.002340807371877176,
      0.002256663258875984,
      0.00285020903499998,
      0.004253456024452781,
      0.004057986451931163,
      0.00106937632170117
   ],
   "Unweighted sigma^2": 0.0012855826442314219,
   "Apparent r0": 29.454636419993243
}