{
   "log10 r": [
      0.0,
      0.05,
      0.1,
      0.15000000000000002,
      0.2,
      0.25,
      0.30000000000000004,
      0.35000000000000003,
      0.4,
      0.45,
      0.5,
      0.55,
      0.6000000000000001,
      0.65,
      0.7000000000000001,
      0.75,
      0.8,
      0.8500000000000001,
      0.9,
      0.9500000000000001,
      1.0,
      1.05,
      1.1,
      1.1500000000000001,
      1.2000000000000002,
      1.25,
      1.3,
      1.35,
      1.4000000000000001,
      1.4500000000000002,
      1.5,
      1.55,
      1.6,
      1.6500000000000001,
      1.7000000000000002,
      1.75,
      1.8,
      1.85,
      1.9000000000000001,
      1.9500000000000002,
      2.0,
      2.0500000000000003,
      2.1,
      2.15,
      2.2,
      2.25,
      2.3000000000000003,
      2.35,
      2.4000000000000004,
      2.45,
      2.5
   ],
   "Sum dv^2": [
      5.035215597191432,
      0.0,
      0.0,
      27.9482231096617,
      0.0,
      0.0,
      157.72284130918422,
      0.0,
      0.0,
      152.65978094736835,
      270.32598143605895,
      346.8705079501715,
      759.5281507913004,
      1273.7603883390302,
      1395.7875401282029,
      2312.7392455030295,
      5021.38162538103,
      5172.13013126548,
      8730.505071517771,
      14172.411015254838,
      25253.81796914758,
      30538.447711218447,
      44802.054080943635,
      73131.48809960233,
      93523.80141247282,
      137031.51424275353,
      198924.7464641855,
      267804.3874501583,
      358298.5396009929,
      477045.10394497943,
      668465.8482324618,
      830085.0823048465,
      1144112.5063960159,
      1442516.1559245882,
      1850720.4930717417,
      2277302.6127662747,
      2723703.9246853525,
      3274574.674923497,
      3771720.535269288,
      4359175.694285951,
      5000009.309420595,
      5740581.3885821,
      6985610.663077017,
      8397106.725156715,
      9204322.359425329,
      8125480.13346986,
      6374935.193665692,
      4667837.106961733,
      2245674.3702106415,
      733521.9027442134,
      85067.10647702024
   ],
   "Sum weights": [
      65280.0,
      0.0,
      0.0,
      130050.0,
      0.0,
      0.0,
      324104.0,
      0.0,
      0.0,
      193800.0,
      258060.0,
      257048.0,
      449570.0,
      575312.0,
      511036.0,
      700020.0,
      1203734.0,
      1007972.0,
      1445380.0,
      1937042.0,
      2859272.0,
      2897116.0,
      3674690.0,
      5155474.0,
      5773520.0,
      7491838.0,
      9701238.0,
      11757186.0,
      14320938.0,
      17540114.0,
      22734900.0,
      26303374.0,
      34062188.0,
      40733820.0,
      50149068.0,
      60431004.0,
      72289830.0,
      87731826.0,
      102476376.0,
      120332462.0,
      140368314.0,
      158782298.0,
      178392398.0,
      192781200.0,
      200564162.0,
      196929652.0,
      173862636.0,
      123283452.0,
      50816154.0,
      14282052.0,
      1557090.0
   ],
   "Sum w * dv^2": [
      5.035215597191432,
      0.0,
      0.0,
      27.9482231096617,
      0.0,
      0.0,
      157.72284130918422,
      0.0,
      0.0,
      152.65978094736835,
      270.32598143605895,
      346.8705079501715,
      759.5281507913004,
      1273.7603883390302,
      1395.7875401282029,
      2312.7392455030295,
      5021.38162538103,
      5172.13013126548,
      8730.505071517771,
      14172.411015254838,
      25253.81796914758,
      30538.447711218447,
      44802.054080943635,
      73131.48809960233,
      93523.80141247282,
      137031.51424275353,
      198924.7464641855,
      267804.3874501583,
      358298.5396009929,
      477045.10394497943,
      668465.8482324618,
      830085.0823048465,
      1144112.5063960159,
      1442516.1559245882,
      1850720.4930717417,
      2277302.6127662747,
      2723703.9246853525,
      3274574.674923497,
      3771720.535269288,
      4359175.694285951,
      5000009.309420595,
      5740581.3885821,
      6985610.663077017,
      8397106.725156715,
      9204322.359425329,
      8125480.13346986,
      6374935.193665692,
      4667837.106961733,
      2245674.3702106415,
      733521.9027442134,
      85067.10647702024
   ],
   "N pairs": [
      65280,
      0,
      0,
      130050,
      0,
      0,
      324104,
      0,
      0,
      193800,
      258060,
      257048,
      449570,
      575312,
      511036,
      700020,
      1203734,
      1007972,
      1445380,
      1937042,
      2859272,
      2897116,
      3674690,
      5155474,
      5773520,
      7491838,
      9701238,
      11757186,
      14320938,
      17540114,
      22734900,
      26303374,
      34062188,
      40733820,
      50149068,
      60431004,
      72289830,
      87731826,
      102476376,
      120332462,
      140368314,
      158782298,
      178392398,
      192781200,
      200564162,
      196929652,
      173862636,
      123283452,
      50816154,
      14282052,
      1557090
   ],
   "Unweighted B(r)": [
      7.713259186874131e-05,
      NaN,
      NaN,
      0.00021490367635264667,
      NaN,
      NaN,
      0.00048664268663510546,
      NaN,
      NaN,
      0.0007877181679430772,
      0.001047531509866151,
      0.001349438657177537,
      0.0016894547029190124,
      0.0022140341038237167,
      0.0027312900463532957,
      0.003303818813038241,
      0.004171504356760738,
      0.005131224013430412,
      0.006040283573536213,
      0.007316522313535193,
      0.008832254493153356,
      0.010540982035658375,
      0.01219206357024501,
      0.014185211311239728,
      0.016198749014894348,
      0.018290773805140145,
      0.020505088779822277,
      0.022777932359848548,
      0.02501920890942988,
      0.02719737761938032,
      0.029402629799667554,
      0.03155812187078534,
      0.03358893170327214,
      0.0354132304783737,
      0.03690438460534783,
      0.037684341844895955,
      0.037677553325071486,
      0.037324820697605184,
      0.03680575643374906,
      0.03622609910770338,
      0.03562064091915071,
      0.036153787046098174,
      0.03915867907710405,
      0.043557705446157176,
      0.045892158736840175,
      0.04126082614247376,
      0.03666650489335553,
      0.037862641183682405,
      0.044192135638809686,
      0.05135969976472662,
      0.0546321063503203
   ],
   "Weighted B(r)": [
      7.713259186874131e-05,
      NaN,
      NaN,
      0.00021490367635264667,
      NaN,
      NaN,
      0.00048664268663510546,
      NaN,
      NaN,
      0.0007877181679430772,
      0.001047531509866151,
      0.001349438657177537,
      0.0016894547029190124,
      0.0022140341038237167,
      0.0027312900463532957,
      0.003303818813038241,
      0.004171504356760738,
      0.005131224013430412,
      0.006040283573536213,
      0.007316522313535193,
      0.008832254493153356,
      0.010540982035658375,
      0.01219206357024501,
      0.014185211311239728,
      0.016198749014894348,
      0.018290773805140145,
      0.020505088779822277,
      0.022777932359848548,
      0.02501920890942988,
      0.02719737761938032,
      0.029402629799667554,
      0.03155812187078534,
      0.03358893170327214,
      0.0354132304783737,
      0.03690438460534783,
      0.037684341844895955,
      0.037677553325071486,
      0.037324820697605184,
      0.03680575643374906,
      0.03622609910770338,
      0.03562064091915071,
      0.036153787046098174,
      0.03915867907710405,
      0.043557705446157176,
      0.045892158736840175,
      0.04126082614247376,
      0.03666650489335553,
      0.037862641183682405,
      0.044192135638809686,
      0.05135969976472662,
      0.0546321063503203
   ],
   "Unweighted sigma^2": 0.01908153527139237,
   "Apparent r0": 18.557669048243973
}