{
   "log10 r": [
      0.0,
      0.05,
      0.1,
      0.15000000000000002,
      0.2,
      0.25,
      0.30000000000000004,
      0.35000000000000003,
      0.4,
      0.45,
      0.5,
      0.55,
      0.6000000000000001,
      0.65,
      0.7000000000000001,
      0.75,
      0.8,
      0.8500000000000001,
      0.9,
      0.9500000000000001,
      1.0,
      1.05,
      1.1,
      1.1500000000000001,
      1.2000000000000002,
      1.25,
      1.3,
      1.35,
      1.4000000000000001,
      1.4500000000000002,
      1.5,
      1.55,
      1.6,
      1.6500000000000001,
      1.7000000000000002,
      1.75,
      1.8,
      1.85,
      1.9000000000000001,
      1.9500000000000002,
      2.0,
      2.0500000000000003,
      2.1,
      2.15,
      2.2,
      2.25,
      2.3000000000000003,
      2.35,
      2.4000000000000004,
      2.45,
      2.5
   ],
   "Sum dv^2": [
      13.390512609025985,
      0.0,
      0.0,
      65.69167825500124,
      0.0,
      0.0,
      339.79330703941974,
      0.0,
      0.0,
      301.0241947864671,
      497.13656169619213,
      590.8020430760821,
      1200.5738282182897,
      1815.1438748314397,
      1845.8013608712881,
      2799.536771673035,
      5469.2682236714245,
      5110.1786885813235,
      7963.637272588718,
      11748.207638592217,
      19036.87680647922,
      20997.85130755699,
      28499.314681927415,
      42783.64331237859,
      50836.651758010565,
      69560.37798599305,
      95129.10717843389,
      121065.79699585176,
      154381.86799685657,
      196508.65181307142,
      263755.38860209193,
      313481.47693445097,
      414518.9895319559,
      506738.6683166296,
      639346.5372589112,
      784188.3656951317,
      938457.394524354,
      1131699.5220818047,
      1305254.291145101,
      1505922.6912209992,
      1785074.5619940364,
      2081668.8423174222,
      2406369.6889014975,
      2691996.4553085654,
      2858800.9991330355,
      2742541.173010309,
      2442232.9287018827,
      1751739.1818229791,
      770133.1668602992,
      255514.34015184216,
      14882.14321356427
   ],
   "Sum weights": [
      65280.0,
      0.0,
      0.0,
      130050.0,
      0.0,
      0.0,
      324104.0,
      0.0,
      0.0,
      193800.0,
      258060.0,
      257048.0,
      449570.0,
      575312.0,
      511036.0,
      700020.0,
      1203734.0,
      1007972.0,
      1445380.0,
      1937042.0,
      2859272.0,
      2897116.0,
      3674690.0,
      5155474.0,
      5773520.0,
      7491838.0,
      9701238.0,
      11757186.0,
      14320938.0,
      17540114.0,
      22734900.0,
      26303374.0,
      34062188.0,
      40733820.0,
      50149068.0,
      60431004.0,
      72289830.0,
      87731826.0,
      102476376.0,
      120332462.0,
      140368314.0,
      158782298.0,
      178392398.0,
      192781200.0,
      200564162.0,
      196929652.0,
      173862636.0,
      123283452.0,
      50816154.0,
      14282052.0,
      1557090.0
   ],
   "Sum w * dv^2": [
      13.390512609025985,
      0.0,
      0.0,
      65.69167825500124,
      0.0,
      0.0,
      339.79330703941974,
      0.0,
      0.0,
      301.0241947864671,
      497.13656169619213,
      590.8020430760821,
      1200.5738282182897,
      1815.1438748314397,
      1845.8013608712881,
      2799.536771673035,
      5469.2682236714245,
      5110.1786885813235,
      7963.637272588718,
      11748.207638592217,
      19036.87680647922,
      20997.85130755699,
      28499.314681927415,
      42783.64331237859,
      50836.651758010565,
      69560.37798599305,
      95129.10717843389,
      121065.79699585176,
      154381.86799685657,
      196508.65181307142,
      263755.38860209193,
      313481.47693445097,
      414518.9895319559,
      506738.6683166296,
      639346.5372589112,
      784188.3656951317,
      938457.394524354,
      1131699.5220818047,
      1305254.291145101,
      1505922.6912209992,
      1785074.5619940364,
      2081668.8423174222,
      2406369.6889014975,
      2691996.4553085654,
      2858800.9991330355,
      2742541.173010309,
      2442232.9287018827,
      1751739.1818229791,
      770133.1668602992,
      255514.34015184216,
      14882.14321356427
   ],
   "N pairs": [
      65280,
      0,
      0,
      130050,
      0,
      0,
      324104,
      0,
      0,
      193800,
      258060,
      257048,
      449570,
      575312,
      511036,
      700020,
      1203734,
      1007972,
      1445380,
      1937042,
      2859272,
      2897116,
      3674690,
      5155474,
      5773520,
      7491838,
      9701238,
      11757186,
      14320938,
      17540114,
      22734900,
      26303374,
      34062188,
      40733820,
      50149068,
      60431004,
      72289830,
      87731826,
      102476376,
      120332462,
      140368314,
      158782298,
      178392398,
      192781200,
      200564162,
      196929652,
      173862636,
      123283452,
      50816154,
      14282052,
      1557090
   ],
   "Unweighted B(r)": [
      0.0002051242740353245,
      NaN,
      NaN,
      0.0005051263226066992,
      NaN,
      NaN,
      0.0010484082487085002,
      NaN,
      NaN,
      0.0015532724189188188,
      0.0019264378892358061,
      0.002298411359263959,
      0.0026704936455241445,
      0.003155059993240954,
      0.0036118812781707906,
      0.0039992239817048586,
      0.004543585396500742,
      0.005069762541599691,
      0.0055097187401158985,
      0.006065024732861867,
      0.006657945381369531,
      0.007247846240039056,
      0.007755569771035765,
      0.008298682781132945,
      0.008805139976653855,
      0.009284821426463447,
      0.009805872938941801,
      0.010297174595677212,
      0.01078015057371637,
      0.011203385098470365,
      0.011601343687550503,
      0.011917918854609716,
      0.012169476298232982,
      0.012440244207801517,
      0.012748921620216574,
      0.012976590057896965,
      0.01298187303143961,
      0.012899532286969665,
      0.012737123833741945,
      0.012514683620625989,
      0.01271707631961752,
      0.013110207299792462,
      0.013489194135399746,
      0.013963998851073472,
      0.014253797740460908,
      0.013926501901350585,
      0.014046910738785088,
      0.014209037412604078,
      0.015155282449362444,
      0.01789059024234348,
      0.009557664112905657
   ],
   "Weighted B(r)": [
      0.0002051242740353245,
      NaN,
      NaN,
      0.0005051263226066992,
      NaN,
      NaN,
      0.0010484082487085002,
      NaN,
      NaN,
      0.0015532724189188188,
      0.0019264378892358061,
      0.002298411359263959,
      0.0026704936455241445,
      0.003155059993240954,
      0.0036118812781707906,
      0.0039992239817048586,
      0.004543585396500742,
      0.005069762541599691,
      0.0055097187401158985,
      0.006065024732861867,
      0.006657945381369531,
      0.007247846240039056,
      0.007755569771035765,
      0.008298682781132945,
      0.008805139976653855,
      0.009284821426463447,
      0.009805872938941801,
      0.010297174595677212,
      0.01078015057371637,
      0.011203385098470365,
      0.011601343687550503,
      0.011917918854609716,
      0.012169476298232982,
      0.012440244207801517,
      0.012748921620216574,
      0.012976590057896965,
      0.01298187303143961,
      0.012899532286969665,
      0.012737123833741945,
      0.012514683620625989,
      0.01271707631961752,
      0.013110207299792462,
      0.013489194135399746,
      0.013963998851073472,
      0.014253797740460908,
      0.013926501901350585,
      0.014046910738785088,
      0.014209037412604078,
      0.015155282449362444,
      0.01789059024234348,
      0.009557664112905657
   ],
   "Unweighted sigma^2": 0.006648246281969783,
   "Apparent r0": 9.982210638753687
}