{
   "log10 r": [
      0.0,
      0.05,
      0.1,
      0.15000000000000002,
      0.2,
      0.25,
      0.30000000000000004,
      0.35000000000000003,
      0.4,
      0.45,
      0.5,
      0.55,
      0.6000000000000001,
      0.65,
      0.7000000000000001,
      0.75,
      0.8,
      0.8500000000000001,
      0.9,
      0.9500000000000001,
      1.0,
      1.05,
      1.1,
      1.1500000000000001,
      1.2000000000000002,
      1.25,
      1.3,
      1.35,
      1.4000000000000001,
      1.4500000000000002,
      1.5,
      1.55,
      1.6,
      1.6500000000000001,
      1.7000000000000002,
      1.75,
      1.8,
      1.85,
      1.9000000000000001,
      1.9500000000000002,
      2.0,
      2.0500000000000003,
      2.1,
      2.15,
      2.2,
      2.25,
      2.3000000000000003,
      2.35,
      2.4000000000000004,
      2.45,
      2.5
   ],
   "Sum dv^2": [
      16.108125170987606,
      0.0,
      0.0,
      85.02283920572307,
      0.0,
      0.0,
      475.00357494247675,
      0.0,
      0.0,
      454.5419992103221,
      787.8116308360292,
      994.4305965291593,
      2146.042943692522,
      3502.612465386612,
      3755.336849854299,
      6062.97800130966,
      12701.775318070211,
      12630.019008540057,
      20673.893904930774,
      32288.28893866483,
      55290.57274193865,
      64381.64631035216,
      91523.73618570609,
      144845.12594444054,
      180150.21923449304,
      257919.22519716134,
      366543.9890430714,
      487352.79263312963,
      647695.1409004093,
      863920.8529656371,
      1215624.3609898353,
      1513140.9014649265,
      2089547.3188969826,
      2648444.221556743,
      3432153.403641905,
      4329853.152210464,
      5403608.208081982,
      6793444.032591226,
      8130362.044542985,
      9559130.825348003,
      10896050.315880623,
      11916392.74819698,
      13021961.7073544,
      13749871.871487623,
      13906557.081499442,
      14752045.403838579,
      13368990.754021205,
      9733217.314410057,
      4470625.499227369,
      1037356.4284348503,
      44583.288808235826
   ],
   "Sum weights": [
      65280.0,
      0.0,
      0.0,
      130050.0,
      0.0,
      0.0,
      324104.0,
      0.0,
      0.0,
      193800.0,
      258060.0,
      257048.0,
      449570.0,
      575312.0,
      511036.0,
      700020.0,
      1203734.0,
      1007972.0,
      1445380.0,
      1937042.0,
      2859272.0,
      2897116.0,
      3674690.0,
      5155474.0,
      5773520.0,
      7491838.0,
      9701238.0,
      11757186.0,
      14320938.0,
      17540114.0,
      22734900.0,
      26303374.0,
      34062188.0,
      40733820.0,
      50149068.0,
      60431004.0,
      72289830.0,
      87731826.0,
      102476376.0,
      120332462.0,
      140368314.0,
      158782298.0,
      178392398.0,
      192781200.0,
      200564162.0,
      196929652.0,
      173862636.0,
      123283452.0,
      50816154.0,
      14282052.0,
      1557090.0
   ],
   "Sum w * dv^2": [
      16.108125170987606,
      0.0,
      0.0,
      85.02283920572307,
      0.0,
      0.0,
      475.00357494247675,
      0.0,
      0.0,
      454.5419992103221,
      787.8116308360292,
      994.4305965291593,
      2146.042943692522,
      3502.612465386612,
      3755.336849854299,
      6062.97800130966,
      12701.775318070211,
      12630.019008540057,
      20673.893904930774,
      32288.28893866483,
      55290.57274193865,
      64381.64631035216,
      91523.73618570609,
      144845.12594444054,
      180150.21923449304,
      257919.22519716134,
      366543.9890430714,
      487352.79263312963,
      647695.1409004093,
      863920.8529656371,
      1215624.3609898353,
      1513140.9014649265,
      2089547.3188969826,
      2648444.221556743,
      3432153.403641905,
      4329853.152210464,
      5403608.208081982,
      6793444.032591226,
      8130362.044542985,
      9559130.825348003,
      10896050.315880623,
      11916392.74819698,
      13021961.7073544,
      13749871.871487623,
      13906557.081499442,
      14752045.403838579,
      13368990.754021205,
      9733217.314410057,
      4470625.499227369,
      1037356.4284348503,
      44583.288808235826
   ],
   "N pairs": [
      65280,
      0,
      0,
      130050,
      0,
      0,
      324104,
      0,
      0,
      193800,
      258060,
      257048,
      449570,
      575312,
      511036,
      700020,
      1203734,
      1007972,
      1445380,
      1937042,
      2859272,
      2897116,
      3674690,
      5155474,
      5773520,
      7491838,
      9701238,
      11757186,
      14320938,
      17540114,
      22734900,
      26303374,
      34062188,
      40733820,
      50149068,
      60431004,
      72289830,
      87731826,
      102476376,
      120332462,
      140368314,
      158782298,
      178392398,
      192781200,
      200564162,
      196929652,
      173862636,
      123283452,
      50816154,
      14282052,
      1557090
   ],
   "Unweighted B(r)": [
      0.000246754368428119,
      NaN,
      NaN,
      0.0006537703898940644,
      NaN,
      NaN,
      0.0014655899801991853,
      NaN,
      NaN,
      0.0023454179525816414,
      0.0030528234939007563,
      0.0038686572022702346,
      0.004773545707437155,
      0.006088196431478244,
      0.007348478091277912,
      0.008661149683308562,
      0.010551978525214218,
      0.012530128821574466,
      0.014303431557743137,
      0.01666886362746127,
      0.019337290310938816,
      0.022222667753155952,
      0.02490651896777853,
      0.02809540421393659,
      0.031202839729401306,
      0.03442669545139141,
      0.037783217878282274,
      0.04145148274707312,
      0.0452271451004403,
      0.04925400444749887,
      0.05346952751012036,
      0.05752649456548527,
      0.061345070343014445,
      0.06501831209439093,
      0.0684390266962071,
      0.07164953195565746,
      0.07474921725617534,
      0.07743420309741673,
      0.07933889118544732,
      0.07943933554146015,
      0.07762471461957307,
      0.07504862253723636,
      0.07299616941835381,
      0.07132371762125987,
      0.06933719834503356,
      0.07491022938403699,
      0.07689398401863184,
      0.07894990898218893,
      0.08797646313861866,
      0.07263357033252997,
      0.02863244180377231
   ],
   "Weighted B(r)": [
      0.000246754368428119,
      NaN,
      NaN,
      0.0006537703898940644,
      NaN,
      NaN,
      0.0014655899801991853,
      NaN,
      NaN,
      0.0023454179525816414,
      0.0030528234939007563,
      0.0038686572022702346,
      0.004773545707437155,
      0.006088196431478244,
      0.007348478091277912,
      0.008661149683308562,
      0.010551978525214218,
      0.012530128821574466,
      0.014303431557743137,
      0.01666886362746127,
      0.019337290310938816,
      0.022222667753155952,
      0.02490651896777853,
      0.02809540421393659,
      0.031202839729401306,
      0.03442669545139141,
      0.037783217878282274,
      0.04145148274707312,
      0.0452271451004403,
      0.04925400444749887,
      0.05346952751012036,
      0.05752649456548527,
      0.061345070343014445,
      0.06501831209439093,
      0.0684390266962071,
      0.07164953195565746,
      0.07474921725617534,
      0.07743420309741673,
      0.07933889118544732,
      0.07943933554146015,
      0.07762471461957307,
      0.07504862253723636,
      0.07299616941835381,
      0.07132371762125987,
      0.06933719834503356,
      0.07491022938403699,
      0.07689398401863184,
      0.07894990898218893,
      0.08797646313861866,
      0.07263357033252997,
      0.02863244180377231
   ],
   "Unweighted sigma^2": 0.03628629135509608,
   "Apparent r0": 18.984932712510613
}