{
   "log10 r": [
      0.0,
      0.05,
      0.1,
      0.15000000000000002,
      0.2,
      0.25,
      0.30000000000000004,
      0.35000000000000003,
      0.4,
      0.45,
      0.5,
      0.55,
      0.6000000000000001,
      0.65,
      0.7000000000000001,
      0.75,
      0.8,
      0.8500000000000001,
      0.9,
      0.9500000000000001,
      1.0,
      1.05,
      1.1,
      1.1500000000000001,
      1.2000000000000002,
      1.25,
      1.3,
      1.35,
      1.4000000000000001,
      1.4500000000000002,
      1.5,
      1.55,
      1.6,
      1.6500000000000001,
      1.7000000000000002,
      1.75,
      1.8,
      1.85,
      1.9000000000000001,
      1.9500000000000002,
      2.0,
      2.0500000000000003,
      2.1,
      2.15,
      2.2,
      2.25,
      2.3000000000000003,
      2.35,
      2.4000000000000004,
      2.45,
      2.5
   ],
   "Sum dv^2": [
      58.99572264356988,
      0.0,
      0.0,
      196.62801827408117,
      0.0,
      0.0,
      794.4643260750535,
      0.0,
      0.0,
      627.5320313295159,
      934.3011854281376,
      1063.0947847198477,
      2117.468286198159,
      3115.8009874521686,
      3059.310194554886,
      4682.110621525164,
      9092.551073716977,
      8477.980053504709,
      13385.328326793662,
      20014.384264029763,
      33149.3366080046,
      37462.59861205795,
      52503.7687484162,
      81717.97359656039,
      101185.04891223116,
      144421.55789708204,
      205779.02865472823,
      274074.2105906714,
      365393.70416699926,
      487536.1576786989,
      686749.2253490706,
      860736.0481205691,
      1208350.2922752516,
      1564919.6257757882,
      2085071.1048560934,
      2717797.3021617164,
      3498536.266198952,
      4550056.265138423,
      5724877.023940674,
      7187696.693476282,
      8844662.162022367,
      10523495.852346715,
      12315285.781896846,
      13636143.742358679,
      14518076.040027527,
      14721877.718423273,
      13099087.598703735,
      9414761.481668932,
      3457473.8333563465,
      659740.8564419262,
      89770.95226335776
   ],
   "Sum weights": [
      65280.0,
      0.0,
      0.0,
      130050.0,
      0.0,
      0.0,
      324104.0,
      0.0,
      0.0,
      193800.0,
      258060.0,
      257048.0,
      449570.0,
      575312.0,
      511036.0,
      700020.0,
      1203734.0,
      1007972.0,
      1445380.0,
      1937042.0,
      2859272.0,
      2897116.0,
      3674690.0,
      5155474.0,
      5773520.0,
      7491838.0,
      9701238.0,
      11757186.0,
      14320938.0,
      17540114.0,
      22734900.0,
      26303374.0,
      34062188.0,
      40733820.0,
      50149068.0,
      60431004.0,
      72289830.0,
      87731826.0,
      102476376.0,
      120332462.0,
      140368314.0,
      158782298.0,
      178392398.0,
      192781200.0,
      200564162.0,
      196929652.0,
      173862636.0,
      123283452.0,
      50816154.0,
      14282052.0,
      1557090.0
   ],
   "Sum w * dv^2": [
      58.99572264356988,
      0.0,
      0.0,
      196.62801827408117,
      0.0,
      0.0,
      794.4643260750535,
      0.0,
      0.0,
      627.5320313295159,
      934.3011854281376,
      1063.0947847198477,
      2117.468286198159,
      3115.8009874521686,
      3059.310194554886,
      4682.110621525164,
      9092.551073716977,
      8477.980053504709,
      13385.328326793662,
      20014.384264029763,
      33149.3366080046,
      37462.59861205795,
      52503.7687484162,
      81717.97359656039,
      101185.04891223116,
      144421.55789708204,
      205779.02865472823,
      274074.2105906714,
      365393.70416699926,
      487536.1576786989,
      686749.2253490706,
      860736.0481205691,
      1208350.2922752516,
      1564919.6257757882,
      2085071.1048560934,
      2717797.3021617164,
      3498536.266198952,
      4550056.265138423,
      5724877.023940674,
      7187696.693476282,
      8844662.162022367,
      10523495.852346715,
      12315285.781896846,
      13636143.742358679,
      14518076.040027527,
      14721877.718423273,
      13099087.598703735,
      9414761.481668932,
      3457473.8333563465,
      659740.8564419262,
      89770.95226335776
   ],
   "N pairs": [
      65280,
      0,
      0,
      130050,
      0,
      0,
      324104,
      0,
      0,
      193800,
      258060,
      257048,
      449570,
      575312,
      511036,
      700020,
      1203734,
      1007972,
      1445380,
      1937042,
      2859272,
      2897116,
      3674690,
      5155474,
      5773520,
      7491838,
      9701238,
      11757186,
      14320938,
      17540114,
      22734900,
      26303374,
      34062188,
      40733820,
      50149068,
      60431004,
      72289830,
      87731826,
      102476376,
      120332462,
      140368314,
      158782298,
      178392398,
      192781200,
      200564162,
      196929652,
      173862636,
      123283452,
      50816154,
      14282052,
      1557090
   ],
   "Unweighted B(r)": [
      0.000903733496378215,
      NaN,
      NaN,
      0.0015119417014539114,
      NaN,
      NaN,
      0.0024512635637790755,
      NaN,
      NaN,
      0.0032380393773452833,
      0.0036204804519419423,
      0.004135783140580155,
      0.004709985733474563,
      0.00541584564106462,
      0.005986486655646346,
      0.006688538358225714,
      0.007553621542398053,
      0.008410928134417135,
      0.00926076763674166,
      0.010332447238640031,
      0.01159362824103639,
      0.012930997106107574,
      0.014287945037109579,
      0.0158507197585635,
      0.017525712028750424,
      0.019277186439039664,
      0.021211625635277502,
      0.023311208191370912,
      0.02551464884262464,
      0.027795495381540785,
      0.03020682850371326,
      0.03272340833995552,
      0.03547482892981659,
      0.038418189744438114,
      0.04157746470694318,
      0.04497355864154957,
      0.048395967540647865,
      0.05186323450213407,
      0.05586533450344374,
      0.059731983988462585,
      0.06301038966687572,
      0.06627625361831402,
      0.06903481269362637,
      0.07073378390817507,
      0.07238619250445913,
      0.0747570392214133,
      0.07534159092528503,
      0.07636678993762222,
      0.06803887270485576,
      0.04619370216842273,
      0.05765302729023869
   ],
   "Weighted B(r)": [
      0.000903733496378215,
      NaN,
      NaN,
      0.0015119417014539114,
      NaN,
      NaN,
      0.0024512635637790755,
      NaN,
      NaN,
      0.0032380393773452833,
      0.0036204804519419423,
      0.004135783140580155,
      0.004709985733474563,
      0.00541584564106462,
      0.005986486655646346,
      0.006688538358225714,
      0.007553621542398053,
      0.008410928134417135,
      0.00926076763674166,
      0.010332447238640031,
      0.01159362824103639,
      0.012930997106107574,
      0.014287945037109579,
      0.0158507197585635,
      0.017525712028750424,
      0.019277186439039664,
      0.021211625635277502,
      0.023311208191370912,
      0.02551464884262464,
      0.027795495381540785,
      0.03020682850371326,
      0.03272340833995552,
      0.03547482892981659,
      0.038418189744438114,
      0.04157746470694318,
      0.04497355864154957,
      0.048395967540647865,
      0.05186323450213407,
      0.05586533450344374,
      0.059731983988462585,
      0.06301038966687572,
      0.06627625361831402,
      0.06903481269362637,
      0.07073378390817507,
      0.07238619250445913,
      0.0747570392214133,
      0.07534159092528503,
      0.07636678993762222,
      0.06803887270485576,
      0.04619370216842273,
      0.05765302729023869
   ],
   "Unweighted sigma^2": 0.031112235954029704,
   "Apparent r0": 33.01099843484062
}