{
   "log10 r": [
      0.0,
      0.05,
      0.1,
      0.15000000000000002,
      0.2,
      0.25,
      0.30000000000000004,
      0.35000000000000003,
      0.4,
      0.45,
      0.5,
      0.55,
      0.6000000000000001,
      0.65,
      0.7000000000000001,
      0.75,
      0.8,
      0.8500000000000001,
      0.9,
      0.9500000000000001,
      1.0,
      1.05,
      1.1,
      1.1500000000000001,
      1.2000000000000002,
      1.25,
      1.3,
      1.35,
      1.4000000000000001,
      1.4500000000000002,
      1.5,
      1.55,
      1.6,
      1.6500000000000001,
      1.7000000000000002,
      1.75,
      1.8,
      1.85,
      1.9000000000000001,
      1.9500000000000002,
      2.0,
      2.0500000000000003,
      2.1,
      2.15,
      2.2,
      2.25,
      2.3000000000000003,
      2.35,
      2.4000000000000004,
      2.45,
      2.5
   ],
   "Sum dv^2": [
      2.011359681720613,
      0.0,
      0.0,
      9.79681476345053,
      0.0,
      0.0,
      56.82747271463258,
      0.0,
      0.0,
      56.808742935568525,
      97.26324533520942,
      125.73361033210813,
      282.9487545962801,
      481.10834088061296,
      528.185724905676,
      900.7052272776157,
      2000.1500418132982,
      2104.2393054814906,
      3682.533401899855,
      6226.8860618095505,
      11724.495027434225,
      14994.212843863113,
      23450.574075712982,
      41120.756104422166,
      57033.763408330524,
      90829.7477417034,
      144337.45518379277,
      213301.01690582675,
      312208.1255147846,
      453348.00295893534,
      689667.9879349294,
      919308.8961757452,
      1345091.649543082,
      1780274.9410642355,
      2366250.906052001,
      3001068.0588366482,
      3685562.4946643226,
      4491158.278507088,
      5145279.383840637,
      5772341.729428836,
      6290843.120303566,
      6615926.678234713,
      7200982.063606166,
      7996602.646060146,
      8733509.254890354,
      9102783.717299331,
      8481078.562289106,
      5828956.742599358,
      2049334.030275681,
      541097.0746058988,
      45091.00541585998
   ],
   "Sum weights": [
      65280.0,
      0.0,
      0.0,
      130050.0,
      0.0,
      0.0,
      324104.0,
      0.0,
      0.0,
      193800.0,
      258060.0,
      257048.0,
      449570.0,
      575312.0,
      511036.0,
      700020.0,
      1203734.0,
      1007972.0,
      1445380.0,
      1937042.0,
      2859272.0,
      2897116.0,
      3674690.0,
      5155474.0,
      5773520.0,
      7491838.0,
      9701238.0,
      11757186.0,
      14320938.0,
      17540114.0,
      22734900.0,
      26303374.0,
      34062188.0,
      40733820.0,
      50149068.0,
      60431004.0,
      72289830.0,
      87731826.0,
      102476376.0,
      120332462.0,
      140368314.0,
      158782298.0,
      178392398.0,
      192781200.0,
      200564162.0,
      196929652.0,
      173862636.0,
      123283452.0,
      50816154.0,
      14282052.0,
      1557090.0
   ],
   "Sum w * dv^2": [
      2.011359681720613,
      0.0,
      0.0,
      9.79681476345053,
      0.0,
      0.0,
      56.82747271463258,
      0.0,
      0.0,
      56.808742935568525,
      97.26324533520942,
      125.73361033210813,
      282.9487545962801,
      481.10834088061296,
      528.185724905676,
      900.7052272776157,
      2000.1500418132982,
      2104.2393054814906,
      3682.533401899855,
      6226.8860618095505,
      11724.495027434225,
      14994.212843863113,
      23450.574075712982,
      41120.756104422166,
      57033.763408330524,
      90829.7477417034,
      144337.45518379277,
      213301.01690582675,
      312208.1255147846,
      453348.00295893534,
      689667.9879349294,
      919308.8961757452,
      1345091.649543082,
      1780274.9410642355,
      2366250.906052001,
      3001068.0588366482,
      3685562.4946643226,
      4491158.278507088,
      5145279.383840637,
      5772341.729428836,
      6290843.120303566,
      6615926.678234713,
      7200982.063606166,
      7996602.646060146,
      8733509.254890354,
      9102783.717299331,
      8481078.562289106,
      5828956.742599358,
      2049334.030275681,
      541097.0746058988,
      45091.00541585998
   ],
   "N pairs": [
      65280,
      0,
      0,
      130050,
      0,
      0,
      324104,
      0,
      0,
      193800,
      258060,
      257048,
      449570,
      575312,
      511036,
      700020,
      1203734,
      1007972,
      1445380,
      1937042,
      2859272,
      2897116,
      3674690,
      5155474,
      5773520,
      7491838,
      9701238,
      11757186,
      14320938,
      17540114,
      22734900,
      26303374,
      34062188,
      40733820,
      50149068,
      60431004,
      72289830,
      87731826,
      102476376,
      120332462,
      140368314,
      158782298,
      178392398,
      192781200,
      200564162,
      196929652,
      173862636,
      123283452,
      50816154,
      14282052,
      1557090
   ],
   "Unweighted B(r)": [
      3.081126963420057e-05,
      NaN,
      NaN,
      7.533114004960039e-05,
      NaN,
      NaN,
      0.00017533715324288677,
      NaN,
      NaN,
      0.0002931307685013856,
      0.0003769016714531869,
      0.000489144480144207,
      0.000629376414343217,
      0.0008362563980598579,
      0.0010335587412739534,
      0.0012866849908254273,
      0.0016616212899305811,
      0.00208759698233829,
      0.002547796013435813,
      0.003214636575670301,
      0.004100517553920797,
      0.005175565232411513,
      0.006381646907824329,
      0.007976134901353817,
      0.009878507982709079,
      0.012123826989011694,
      0.014878251124628915,
      0.018142182738780075,
      0.021800815387566414,
      0.025846354417020056,
      0.03033521097233458,
      0.03495022715244611,
      0.0394892908683107,
      0.04370508194576977,
      0.047184344603413184,
      0.04966106568139507,
      0.05098313960157774,
      0.05119189333306579,
      0.0502094198163354,
      0.047969946209767036,
      0.044816689329926454,
      0.041666651519520856,
      0.040365969314489325,
      0.04148019955296547,
      0.04354471490719441,
      0.04622353020407171,
      0.04878034037335719,
      0.04728093388072357,
      0.040328396955733425,
      0.03788650780755446,
      0.028958509409128554
   ],
   "Weighted B(r)": [
      3.081126963420057e-05,
      NaN,
      NaN,
      7.533114004960039e-05,
      NaN,
      NaN,
      0.00017533715324288677,
      NaN,
      NaN,
      0.0002931307685013856,
      0.0003769016714531869,
      0.000489144480144207,
      0.000629376414343217,
      0.0008362563980598579,
      0.0010335587412739534,
      0.0012866849908254273,
      0.0016616212899305811,
      0.00208759698233829,
      0.002547796013435813,
      0.003214636575670301,
      0.004100517553920797,
      0.005175565232411513,
      0.006381646907824329,
      0.007976134901353817,
      0.009878507982709079,
      0.012123826989011694,
      0.014878251124628915,
      0.018142182738780075,
      0.021800815387566414,
      0.025846354417020056,
      0.03033521097233458,
      0.03495022715244611,
      0.0394892908683107,
      0.04370508194576977,
      0.047184344603413184,
      0.04966106568139507,
      0.05098313960157774,
      0.05119189333306579,
      0.0502094198163354,
      0.047969946209767036,
      0.044816689329926454,
      0.041666651519520856,
      0.040365969314489325,
      0.04148019955296547,
      0.04354471490719441,
      0.04622353020407171,
      0.04878034037335719,
      0.04728093388072357,
      0.040328396955733425,
      0.03788650780755446,
      0.028958509409128554
   ],
   "Unweighted sigma^2": 0.02183392291897158,
   "Apparent r0": 25.143947109792215
}