{
   "log10 r": [
      0.0,
      0.05,
      0.1,
      0.15000000000000002,
      0.2,
      0.25,
      0.30000000000000004,
      0.35000000000000003,
      0.4,
      0.45,
      0.5,
      0.55,
      0.6000000000000001,
      0.65,
      0.7000000000000001,
      0.75,
      0.8,
      0.8500000000000001,
      0.9,
      0.9500000000000001,
      1.0,
      1.05,
      1.1,
      1.1500000000000001,
      1.2000000000000002,
      1.25,
      1.3,
      1.35,
      1.4000000000000001,
      1.4500000000000002,
      1.5,
      1.55,
      1.6,
      1.6500000000000001,
      1.7000000000000002,
      1.75,
      1.8,
      1.85,
      1.9000000000000001,
      1.9500000000000002,
      2.0,
      2.0500000000000003,
      2.1,
      2.15,
      2.2,
      2.25,
      2.3000000000000003,
      2.35,
      2.4000000000000004,
      2.45,
      2.5
   ],
   "Sum dv^2": [
      37.30774959054099,
      0.0,
      0.0,
      172.2304639679109,
      0.0,
      0.0,
      904.2433803547335,
      0.0,
      0.0,
      814.2471511353098,
      1321.4157706153217,
      1575.6228222433447,
      3236.5122659938106,
      4900.58277884264,
      4962.821362946767,
      7570.198024019716,
      14753.329483432331,
      13706.236778250783,
      21414.939187567026,
      31502.465534147344,
      51086.7722012161,
      56176.69554694968,
      76499.08518390039,
      115267.74902412965,
      138011.4606567325,
      190343.8736128463,
      262415.64925483137,
      336469.51962207427,
      432936.8831292694,
      557106.4347925913,
      755446.7590641034,
      911688.6066353496,
      1229239.3641746773,
      1519134.9362092419,
      1910743.8509406594,
      2345588.173509216,
      2855300.719423659,
      3499949.310547843,
      4117378.7971213595,
      4782603.367614907,
      5624924.0424101995,
      6467541.634721245,
      7239869.10615297,
      7894739.913236049,
      8689995.856758578,
      8975922.084439112,
      8422019.210125256,
      6253570.628716853,
      2363808.986017859,
      798260.6499103981,
      132925.588875206
   ],
   "Sum weights": [
      65280.0,
      0.0,
      0.0,
      130050.0,
      0.0,
      0.0,
      324104.0,
      0.0,
      0.0,
      193800.0,
      258060.0,
      257048.0,
      449570.0,
      575312.0,
      511036.0,
      700020.0,
      1203734.0,
      1007972.0,
      1445380.0,
      1937042.0,
      2859272.0,
      2897116.0,
      3674690.0,
      5155474.0,
      5773520.0,
      7491838.0,
      9701238.0,
      11757186.0,
      14320938.0,
      17540114.0,
      22734900.0,
      26303374.0,
      34062188.0,
      40733820.0,
      50149068.0,
      60431004.0,
      72289830.0,
      87731826.0,
      102476376.0,
      120332462.0,
      140368314.0,
      158782298.0,
      178392398.0,
      192781200.0,
      200564162.0,
      196929652.0,
      173862636.0,
      123283452.0,
      50816154.0,
      14282052.0,
      1557090.0
   ],
   "Sum w * dv^2": [
      37.30774959054099,
      0.0,
      0.0,
      172.2304639679109,
      0.0,
      0.0,
      904.2433803547335,
      0.0,
      0.0,
      814.2471511353098,
      1321.4157706153217,
      1575.6228222433447,
      3236.5122659938106,
      4900.58277884264,
      4962.821362946767,
      7570.198024019716,
      14753.329483432331,
      13706.236778250783,
      21414.939187567026,
      31502.465534147344,
      51086.7722012161,
      56176.69554694968,
      76499.08518390039,
      115267.74902412965,
      138011.4606567325,
      190343.8736128463,
      262415.64925483137,
      336469.51962207427,
      432936.8831292694,
      557106.4347925913,
      755446.7590641034,
      911688.6066353496,
      1229239.3641746773,
      1519134.9362092419,
      1910743.8509406594,
      2345588.173509216,
      2855300.719423659,
      3499949.310547843,
      4117378.7971213595,
      4782603.367614907,
      5624924.0424101995,
      6467541.634721245,
      7239869.10615297,
      7894739.913236049,
      8689995.856758578,
      8975922.084439112,
      8422019.210125256,
      6253570.628716853,
      2363808.986017859,
      798260.6499103981,
      132925.588875206
   ],
   "N pairs": [
      65280,
      0,
      0,
      130050,
      0,
      0,
      324104,
      0,
      0,
      193800,
      258060,
      257048,
      449570,
      575312,
      511036,
      700020,
      1203734,
      1007972,
      1445380,
      1937042,
      2859272,
      2897116,
      3674690,
      5155474,
      5773520,
      7491838,
      9701238,
      11757186,
      14320938,
      17540114,
      22734900,
      26303374,
      34062188,
      40733820,
      50149068,
      60431004,
      72289830,
      87731826,
      102476376,
      120332462,
      140368314,
      158782298,
      178392398,
      192781200,
      200564162,
      196929652,
      173862636,
      123283452,
      50816154,
      14282052,
      1557090
   ],
   "Unweighted B(r)": [
      0.0005715035170119637,
      NaN,
      NaN,
      0.0013243403611527176,
      NaN,
      NaN,
      0.002789979081883388,
      NaN,
      NaN,
      0.004201481688004694,
      0.005120575721209493,
      0.006129683258548383,
      0.00719912864736039,
      0.00851813064709695,
      0.009711295022164324,
      0.010814259626895969,
      0.012256303704499774,
      0.013597834838914953,
      0.014816130835881932,
      0.016263181456131228,
      0.017867055740487824,
      0.019390557902047995,
      0.020817833663220677,
      0.02235832224624344,
      0.023904214527139856,
      0.025406832557357262,
      0.027049707393513218,
      0.028618201636180143,
      0.03023104234717512,
      0.03176184800124966,
      0.0332285059122364,
      0.03466051946930267,
      0.036088091703758936,
      0.03729419279137684,
      0.03810128337660551,
      0.038814317457132035,
      0.0394979586952087,
      0.039893724662106576,
      0.04017880957384129,
      0.03974491411648261,
      0.04007260529189087,
      0.040732132713693595,
      0.04058395529922172,
      0.040951814353453804,
      0.043327759905374214,
      0.045579332483861354,
      0.048440650641724176,
      0.05072514216033514,
      0.04651688095123962,
      0.05589257411402774,
      0.08536795488713306
   ],
   "Weighted B(r)": [
      0.0005715035170119637,
      NaN,
      NaN,
      0.0013243403611527176,
      NaN,
      NaN,
      0.002789979081883388,
      NaN,
      NaN,
      0.004201481688004694,
      0.005120575721209493,
      0.006129683258548383,
      0.00719912864736039,
      0.00851813064709695,
      0.009711295022164324,
      0.010814259626895969,
      0.012256303704499774,
      0.013597834838914953,
      0.014816130835881932,
      0.016263181456131228,
      0.017867055740487824,
      0.019390557902047995,
      0.020817833663220677,
      0.02235832224624344,
      0.023904214527139856,
      0.025406832557357262,
      0.027049707393513218,
      0.028618201636180143,
      0.03023104234717512,
      0.03176184800124966,
      0.0332285059122364,
      0.03466051946930267,
      0.036088091703758936,
      0.03729419279137684,
      0.03810128337660551,
      0.038814317457132035,
      0.0394979586952087,
      0.039893724662106576,
      0.04017880957384129,
      0.03974491411648261,
      0.04007260529189087,
      0.040732132713693595,
      0.04058395529922172,
      0.040951814353453804,
      0.043327759905374214,
      0.045579332483861354,
      0.048440650641724176,
      0.05072514216033514,
      0.04651688095123962,
      0.05589257411402774,
      0.08536795488713306
   ],
   "Unweighted sigma^2": 0.020828494585248783,
   "Apparent r0": 12.599884816466185
}