{
   "log10 r": [
      0.0,
      0.05,
      0.1,
      0.15000000000000002,
      0.2,
      0.25,
      0.30000000000000004,
      0.35000000000000003,
      0.4,
      0.45,
      0.5,
      0.55,
      0.6000000000000001,
      0.65,
      0.7000000000000001,
      0.75,
      0.8,
      0.8500000000000001,
      0.9,
      0.9500000000000001,
      1.0,
      1.05,
      1.1,
      1.1500000000000001,
      1.2000000000000002,
      1.25,
      1.3,
      1.35,
      1.4000000000000001,
      1.4500000000000002,
      1.5,
      1.55,
      1.6,
      1.6500000000000001,
      1.7000000000000002,
      1.75,
      1.8,
      1.85,
      1.9000000000000001,
      1.9500000000000002,
      2.0,
      2.0500000000000003,
      2.1,
      2.15,
      2.2,
      2.25,
      2.3000000000000003,
      2.35,
      2.4000000000000004,
      2.45,
      2.5
   ],
   "Sum dv^2": [
      72.31395364032188,
      0.0,
      0.0,
      251.41970083969153,
      0.0,
      0.0,
      957.5520469479329,
      0.0,
      0.0,
      713.439297901566,
      1086.4005398156705,
      1198.9860723893587,
      2313.8005182327556,
      3294.9470558798434,
      3236.6168487932514,
      4757.4187402681855,
      8988.369008514446,
      8165.93906845766,
      12509.843914930592,
      18068.85070108415,
      28751.161918569407,
      31215.826004960167,
      42029.71535615167,
      62709.87172204327,
      74153.85420179664,
      100910.08242106043,
      136801.97743034078,
      172748.8838641839,
      218656.5055795057,
      275668.92066775396,
      364357.90205400804,
      426877.34533784754,
      560047.5902894423,
      674839.4271953693,
      835295.9933415323,
      1008519.8125791951,
      1203607.408174825,
      1451932.1894193534,
      1714101.490889129,
      2040566.948599998,
      2393458.249186905,
      2734029.625855559,
      3047082.214798807,
      3223034.3086133962,
      3346437.3522222685,
      3294322.644934342,
      2817526.7319563674,
      2148863.311101797,
      1023193.2291269023,
      273389.5472635974,
      19403.82968976094
   ],
   "Sum weights": [
      65280.0,
      0.0,
      0.0,
      130050.0,
      0.0,
      0.0,
      324104.0,
      0.0,
      0.0,
      193800.0,
      258060.0,
      257048.0,
      449570.0,
      575312.0,
      511036.0,
      700020.0,
      1203734.0,
      1007972.0,
      1445380.0,
      1937042.0,
      2859272.0,
      2897116.0,
      3674690.0,
      5155474.0,
      5773520.0,
      7491838.0,
      9701238.0,
      11757186.0,
      14320938.0,
      17540114.0,
      22734900.0,
      26303374.0,
      34062188.0,
      40733820.0,
      50149068.0,
      60431004.0,
      72289830.0,
      87731826.0,
      102476376.0,
      120332462.0,
      140368314.0,
      158782298.0,
      178392398.0,
      192781200.0,
      200564162.0,
      196929652.0,
      173862636.0,
      123283452.0,
      50816154.0,
      14282052.0,
      1557090.0
   ],
   "Sum w * dv^2": [
      72.31395364032188,
      0.0,
      0.0,
      251.41970083969153,
      0.0,
      0.0,
      957.5520469479329,
      0.0,
      0.0,
      713.439297901566,
      1086.4005398156705,
      1198.9860723893587,
      2313.8005182327556,
      3294.9470558798434,
      3236.6168487932514,
      4757.4187402681855,
      8988.369008514446,
      8165.93906845766,
      12509.843914930592,
      18068.85070108415,
      28751.161918569407,
      31215.826004960167,
      42029.71535615167,
      62709.87172204327,
      74153.85420179664,
      100910.08242106043,
      136801.97743034078,
      172748.8838641839,
      218656.5055795057,
      275668.92066775396,
      364357.90205400804,
      426877.34533784754,
      560047.5902894423,
      674839.4271953693,
      835295.9933415323,
      1008519.8125791951,
      1203607.408174825,
      1451932.1894193534,
      1714101.490889129,
      2040566.948599998,
      2393458.249186905,
      2734029.625855559,
      3047082.214798807,
      3223034.3086133962,
      3346437.3522222685,
      3294322.644934342,
      2817526.7319563674,
      2148863.311101797,
      1023193.2291269023,
      273389.5472635974,
      19403.82968976094
   ],
   "N pairs": [
      65280,
      0,
      0,
      130050,
      0,
      0,
      324104,
      0,
      0,
      193800,
      258060,
      257048,
      449570,
      575312,
      511036,
      700020,
      1203734,
      1007972,
      1445380,
      1937042,
      2859272,
      2897116,
      3674690,
      5155474,
      5773520,
      7491838,
      9701238,
      11757186,
      14320938,
      17540114,
      22734900,
      26303374,
      34062188,
      40733820,
      50149068,
      60431004,
      72289830,
      87731826,
      102476376,
      120332462,
      140368314,
      158782298,
      178392398,
      192781200,
      200564162,
      196929652,
      173862636,
      123283452,
      50816154,
      14282052,
      1557090
   ],
   "Unweighted B(r)": [
      0.0011077505153235584,
      NaN,
      NaN,
      0.0019332541394824416,
      NaN,
      NaN,
      0.002954459207377672,
      NaN,
      NaN,
      0.003681317326633467,
      0.004209875764611604,
      0.0046644442765139535,
      0.005146696884206587,
      0.005727235058333293,
      0.006333441966501874,
      0.0067961183112885135,
      0.007467072466603457,
      0.008101355065872524,
      0.008655055359096287,
      0.009328063460205897,
      0.010055413377450417,
      0.010774793278888441,
      0.011437622045982565,
      0.012163745122571325,
      0.012843785801694051,
      0.013469335885407618,
      0.014101496884247224,
      0.01469304677702504,
      0.015268308931964212,
      0.015716483978824424,
      0.016026369240859123,
      0.016228995768293737,
      0.016441914720494243,
      0.016567054776482276,
      0.016656261554881386,
      0.0166887813510296,
      0.01664974738735483,
      0.016549663396033195,
      0.016726796533955583,
      0.01695774286243722,
      0.017051271622361332,
      0.01721873067900528,
      0.01708078510609408,
      0.01671861316670607,
      0.016685121204366854,
      0.01672842363492493,
      0.01620547575245763,
      0.017430265589105966,
      0.020135196164725536,
      0.019142175596587756,
      0.012461598038495489
   ],
   "Weighted B(r)": [
      0.0011077505153235584,
      NaN,
      NaN,
      0.0019332541394824416,
      NaN,
      NaN,
      0.002954459207377672,
      NaN,
      NaN,
      0.003681317326633467,
      0.004209875764611604,
      0.0046644442765139535,
      0.005146696884206587,
      0.005727235058333293,
      0.006333441966501874,
      0.0067961183112885135,
      0.007467072466603457,
      0.008101355065872524,
      0.008655055359096287,
      0.009328063460205897,
      0.010055413377450417,
      0.010774793278888441,
      0.011437622045982565,
      0.012163745122571325,
      0.012843785801694051,
      0.013469335885407618,
      0.014101496884247224,
      0.01469304677702504,
      0.015268308931964212,
      0.015716483978824424,
      0.016026369240859123,
      0.016228995768293737,
      0.016441914720494243,
      0.016567054776482276,
      0.016656261554881386,
      0.0166887813510296,
      0.01664974738735483,
      0.016549663396033195,
      0.016726796533955583,
      0.01695774286243722,
      0.017051271622361332,
      0.01721873067900528,
      0.01708078510609408,
      0.01671861316670607,
      0.016685121204366854,
      0.01672842363492493,
      0.01620547575245763,
      0.017430265589105966,
      0.020135196164725536,
      0.019142175596587756,
      0.012461598038495489
   ],
   "Unweighted sigma^2": 0.008370302941795025,
   "Apparent r0": 7.499041810479697
}