{
   "log10 r": [
      0.0,
      0.05,
      0.1,
      0.15000000000000002,
      0.2,
      0.25,
      0.30000000000000004,
      0.35000000000000003,
      0.4,
      0.45,
      0.5,
      0.55,
      0.6000000000000001,
      0.65,
      0.7000000000000001,
      0.75,
      0.8,
      0.8500000000000001,
      0.9,
      0.9500000000000001,
      1.0,
      1.05,
      1.1,
      1.1500000000000001,
      1.2000000000000002,
      1.25,
      1.3,
      1.35,
      1.4000000000000001,
      1.4500000000000002,
      1.5,
      1.55,
      1.6,
      1.6500000000000001,
      1.7000000000000002,
      1.75,
      1.8,
      1.85,
      1.9000000000000001,
      1.9500000000000002,
      2.0,
      2.0500000000000003,
      2.1,
      2.15,
      2.2,
      2.25,
      2.3000000000000003,
      2.35,
      2.4000000000000004,
      2.45,
      2.5
   ],
   "Sum dv^2": [
      226.95046166246212,
      0.0,
      0.0,
      1037.4541181840314,
      0.0,
      0.0,
      5441.9218038712115,
      0.0,
      0.0,
      4890.916044868358,
      7905.669425185437,
      9426.762196677983,
      19269.088151617747,
      29127.498494964366,
      29344.850162313487,
      44663.9336462298,
      86822.39683611953,
      80658.05542588042,
      125156.6689736882,
      183161.78567638245,
      293751.67484436015,
      320548.32378467475,
      431629.4335127885,
      643840.9391358059,
      761423.3272185478,
      1039535.4517080389,
      1415910.3053949643,
      1797810.3288763252,
      2277437.709909922,
      2869010.465252701,
      3759657.7264351374,
      4349516.706180024,
      5636016.267260885,
      6705971.494928974,
      8211332.956005217,
      9756009.614340048,
      11473254.118708324,
      13958077.32260545,
      16449950.581148652,
      19334189.50194086,
      22990345.894292235,
      26671592.3347695,
      29642226.155586544,
      30678593.23612169,
      32675530.932429492,
      34622522.48029987,
      29429154.43199121,
      20681996.837177,
      9388441.702753397,
      2612191.7661554473,
      214943.31095497526
   ],
   "Sum weights": [
      65280.0,
      0.0,
      0.0,
      130050.0,
      0.0,
      0.0,
      324104.0,
      0.0,
      0.0,
      193800.0,
      258060.0,
      257048.0,
      449570.0,
      575312.0,
      511036.0,
      700020.0,
      1203734.0,
      1007972.0,
      1445380.0,
      1937042.0,
      2859272.0,
      2897116.0,
      3674690.0,
      5155474.0,
      5773520.0,
      7491838.0,
      9701238.0,
      11757186.0,
      14320938.0,
      17540114.0,
      22734900.0,
      26303374.0,
      34062188.0,
      40733820.0,
      50149068.0,
      60431004.0,
      72289830.0,
      87731826.0,
      102476376.0,
      120332462.0,
      140368314.0,
      158782298.0,
      178392398.0,
      192781200.0,
      200564162.0,
      196929652.0,
      173862636.0,
      123283452.0,
      50816154.0,
      14282052.0,
      1557090.0
   ],
   "Sum w * dv^2": [
      226.95046166246212,
      0.0,
      0.0,
      1037.4541181840314,
      0.0,
      0.0,
      5441.9218038712115,
      0.0,
      0.0,
      4890.916044868358,
      7905.669425185437,
      9426.762196677983,
      19269.088151617747,
      29127.498494964366,
      29344.850162313487,
      44663.9336462298,
      86822.39683611953,
      80658.05542588042,
      125156.6689736882,
      183161.78567638245,
      293751.67484436015,
      320548.32378467475,
      431629.4335127885,
      643840.9391358059,
      761423.3272185478,
      1039535.4517080389,
      1415910.3053949643,
      1797810.3288763252,
      2277437.709909922,
      2869010.465252701,
      3759657.7264351374,
      4349516.706180024,
      5636016.267260885,
      6705971.494928974,
      8211332.956005217,
      9756009.614340048,
      11473254.118708324,
      13958077.32260545,
      16449950.581148652,
      19334189.50194086,
      22990345.894292235,
      26671592.3347695,
      29642226.155586544,
      30678593.23612169,
      32675530.932429492,
      34622522.48029987,
      29429154.43199121,
      20681996.837177,
      9388441.702753397,
      2612191.7661554473,
      214943.31095497526
   ],
   "N pairs": [
      65280,
      0,
      0,
      130050,
      0,
      0,
      324104,
      0,
      0,
      193800,
      258060,
      257048,
      449570,
      575312,
      511036,
      700020,
      1203734,
      1007972,
      1445380,
      1937042,
      2859272,
      2897116,
      3674690,
      5155474,
      5773520,
      7491838,
      9701238,
      11757186,
      14320938,
      17540114,
      22734900,
      26303374,
      34062188,
      40733820,
      50149068,
      60431004,
      72289830,
      87731826,
      102476376,
      120332462,
      140368314,
      158782298,
      178392398,
      192781200,
      200564162,
      196929652,
      173862636,
      123283452,
      50816154,
      14282052,
      1557090
   ],
   "Unweighted B(r)": [
      0.003476569572035265,
      NaN,
      NaN,
      0.007977348082922194,
      NaN,
      NaN,
      0.01679066535393334,
      NaN,
      NaN,
      0.025236924896121556,
      0.030635005135183434,
      0.036673159085766016,
      0.04286115210449484,
      0.05062904736032686,
      0.057422275852021164,
      0.06380379652899888,
      0.07212756043787043,
      0.08002013491037491,
      0.08659084045281393,
      0.0945574673529962,
      0.1027365269356536,
      0.11064393824226394,
      0.11746009418829574,
      0.12488491633083708,
      0.13188199351843377,
      0.138755730130315,
      0.14595150695148024,
      0.15291161753129748,
      0.1590285294098698,
      0.16356851872528885,
      0.1653694419784181,
      0.16535964953317486,
      0.16546254360585658,
      0.164629084503466,
      0.163738495718509,
      0.16144046877559817,
      0.1587118702410605,
      0.1590993594799389,
      0.16052432007498638,
      0.16067309835263624,
      0.1637858661912277,
      0.1679758554367912,
      0.1661630567665027,
      0.159136851706088,
      0.16291809367432997,
      0.17581162678487783,
      0.16926669875171574,
      0.16775971553081592,
      0.1847530945130833,
      0.18290031195485407,
      0.13804167450499025
   ],
   "Weighted B(r)": [
      0.003476569572035265,
      NaN,
      NaN,
      0.007977348082922194,
      NaN,
      NaN,
      0.01679066535393334,
      NaN,
      NaN,
      0.025236924896121556,
      0.030635005135183434,
      0.036673159085766016,
      0.04286115210449484,
      0.05062904736032686,
      0.057422275852021164,
      0.06380379652899888,
      0.07212756043787043,
      0.08002013491037491,
      0.08659084045281393,
      0.0945574673529962,
      0.1027365269356536,
      0.11064393824226394,
      0.11746009418829574,
      0.12488491633083708,
      0.13188199351843377,
      0.138755730130315,
      0.14595150695148024,
      0.15291161753129748,
      0.1590285294098698,
      0.16356851872528885,
      0.1653694419784181,
      0.16535964953317486,
      0.16546254360585658,
      0.164629084503466,
      0.163738495718509,
      0.16144046877559817,
      0.1587118702410605,
      0.1590993594799389,
      0.16052432007498638,
      0.16067309835263624,
      0.1637858661912277,
      0.1679758554367912,
      0.1661630567665027,
      0.159136851706088,
      0.16291809367432997,
      0.17581162678487783,
      0.16926669875171574,
      0.16775971553081592,
      0.1847530945130833,
      0.18290031195485407,
      0.13804167450499025
   ],
   "Unweighted sigma^2": 0.082201437379995,
   "Apparent r0": 7.366224996990731
}