{
   "log10 r": [
      0.0,
      0.05,
      0.1,
      0.15000000000000002,
      0.2,
      0.25,
      0.30000000000000004,
      0.35000000000000003,
      0.4,
      0.45,
      0.5,
      0.55,
      0.6000000000000001,
      0.65,
      0.7000000000000001,
      0.75,
      0.8,
      0.8500000000000001,
      0.9,
      0.9500000000000001,
      1.0,
      1.05,
      1.1,
      1.1500000000000001,
      1.2000000000000002,
      1.25,
      1.3,
      1.35,
      1.4000000000000001,
      1.4500000000000002,
      1.5,
      1.55,
      1.6,
      1.6500000000000001,
      1.7000000000000002,
      1.75,
      1.8,
      1.85,
      1.9000000000000001,
      1.9500000000000002,
      2.0,
      2.0500000000000003,
      2.1,
      2.15,
      2.2,
      2.25,
      2.3000000000000003,
      2.35,
      2.4000000000000004,
      2.45,
      2.5
   ],
   "Sum dv^2": [
      102.21015356446092,
      0.0,
      0.0,
      356.5634607765782,
      0.0,
      0.0,
      1448.9531016448095,
      0.0,
      0.0,
      1137.741851343116,
      1718.8190140633685,
      1942.7332772303498,
      3843.054676614656,
      5608.547786721401,
      5510.775396002968,
      8324.89805941472,
      16003.192969874397,
      14754.388456405035,
      23067.757865112417,
      34075.11272879313,
      55811.176585144574,
      62292.67652943978,
      86333.93632620698,
      132919.35200875948,
      163199.69290937687,
      231968.24042515142,
      330575.88991403574,
      440992.5256685661,
      591334.4836230878,
      797514.9575341209,
      1141635.6507960425,
      1459023.4298128008,
      2083462.776549835,
      2737792.434115907,
      3686931.014579445,
      4857018.731585904,
      6328219.403989545,
      8286760.22899697,
      10338310.981135158,
      12869709.428263983,
      15833806.070400791,
      18710899.069512557,
      21466963.342155904,
      23570686.882790387,
      25572250.346768066,
      26548927.068269268,
      25528325.20305197,
      20516792.999185115,
      9213446.713118866,
      2723580.350177546,
      314628.8801747538
   ],
   "Sum weights": [
      65280.0,
      0.0,
      0.0,
      130050.0,
      0.0,
      0.0,
      324104.0,
      0.0,
      0.0,
      193800.0,
      258060.0,
      257048.0,
      449570.0,
      575312.0,
      511036.0,
      700020.0,
      1203734.0,
      1007972.0,
      1445380.0,
      1937042.0,
      2859272.0,
      2897116.0,
      3674690.0,
      5155474.0,
      5773520.0,
      7491838.0,
      9701238.0,
      11757186.0,
      14320938.0,
      17540114.0,
      22734900.0,
      26303374.0,
      34062188.0,
      40733820.0,
      50149068.0,
      60431004.0,
      72289830.0,
      87731826.0,
      102476376.0,
      120332462.0,
      140368314.0,
      158782298.0,
      178392398.0,
      192781200.0,
      200564162.0,
      196929652.0,
      173862636.0,
      123283452.0,
      50816154.0,
      14282052.0,
      1557090.0
   ],
   "Sum w * dv^2": [
      102.21015356446092,
      0.0,
      0.0,
      356.5634607765782,
      0.0,
      0.0,
      1448.9531016448095,
      0.0,
      0.0,
      1137.741851343116,
      1718.8190140633685,
      1942.7332772303498,
      3843.054676614656,
      5608.547786721401,
      5510.775396002968,
      8324.89805941472,
      16003.192969874397,
      14754.388456405035,
      23067.757865112417,
      34075.11272879313,
      55811.176585144574,
      62292.67652943978,
      86333.93632620698,
      132919.35200875948,
      163199.69290937687,
      231968.24042515142,
      330575.88991403574,
      440992.5256685661,
      591334.4836230878,
      797514.9575341209,
      1141635.6507960425,
      1459023.4298128008,
      2083462.776549835,
      2737792.434115907,
      3686931.014579445,
      4857018.731585904,
      6328219.403989545,
      8286760.22899697,
      10338310.981135158,
      12869709.428263983,
      15833806.070400791,
      18710899.069512557,
      21466963.342155904,
      23570686.882790387,
      25572250.346768066,
      26548927.068269268,
      25528325.20305197,
      20516792.999185115,
      9213446.713118866,
      2723580.350177546,
      314628.8801747538
   ],
   "N pairs": [
      65280,
      0,
      0,
      130050,
      0,
      0,
      324104,
      0,
      0,
      193800,
      258060,
      257048,
      449570,
      575312,
      511036,
      700020,
      1203734,
      1007972,
      1445380,
      1937042,
      2859272,
      2897116,
      3674690,
      5155474,
      5773520,
      7491838,
      9701238,
      11757186,
      14320938,
      17540114,
      22734900,
      26303374,
      34062188,
      40733820,
      50149068,
      60431004,
      72289830,
      87731826,
      102476376,
      120332462,
      140368314,
      158782298,
      178392398,
      192781200,
      200564162,
      196929652,
      173862636,
      123283452,
      50816154,
      14282052,
      1557090
   ],
   "Unweighted B(r)": [
      0.0015657192641614726,
      NaN,
      NaN,
      0.002741741336228975,
      NaN,
      NaN,
      0.0044706424531780215,
      NaN,
      NaN,
      0.00587070098732258,
      0.0066605402389497345,
      0.007557861867162358,
      0.008548289869463389,
      0.00974870641794609,
      0.010783536572771719,
      0.01189237173140013,
      0.013294625697931932,
      0.014637696738009623,
      0.0159596492722415,
      0.017591313316279736,
      0.019519365973277313,
      0.021501616272679373,
      0.023494209396223077,
      0.025782178711163995,
      0.02826693124980547,
      0.030962794500515284,
      0.034075639615689844,
      0.03750833963744098,
      0.041291602800255664,
      0.04546806010121262,
      0.050215116441947955,
      0.05546905996975144,
      0.061166439940670725,
      0.06721177719437821,
      0.07351943239661891,
      0.08037296106458705,
      0.08753955299091927,
      0.09445557680512623,
      0.10088482228465182,
      0.10695126829752709,
      0.11280185405946239,
      0.1178399563754428,
      0.12033563976283285,
      0.12226652226871908,
      0.12750159396257477,
      0.13481426894650314,
      0.14683042768920154,
      0.1664196829853946,
      0.18130940631829134,
      0.19069951223938592,
      0.20206210313774656
   ],
   "Weighted B(r)": [
      0.0015657192641614726,
      NaN,
      NaN,
      0.002741741336228975,
      NaN,
      NaN,
      0.0044706424531780215,
      NaN,
      NaN,
      0.00587070098732258,
      0.0066605402389497345,
      0.007557861867162358,
      0.008548289869463389,
      0.00974870641794609,
      0.010783536572771719,
      0.01189237173140013,
      0.013294625697931932,
      0.014637696738009623,
      0.0159596492722415,
      0.017591313316279736,
      0.019519365973277313,
      0.021501616272679373,
      0.023494209396223077,
      0.025782178711163995,
      0.02826693124980547,
      0.030962794500515284,
      0.034075639615689844,
      0.03750833963744098,
      0.041291602800255664,
      0.04546806010121262,
      0.050215116441947955,
      0.05546905996975144,
      0.061166439940670725,
      0.06721177719437821,
      0.07351943239661891,
      0.08037296106458705,
      0.08753955299091927,
      0.09445557680512623,
      0.10088482228465182,
      0.10695126829752709,
      0.11280185405946239,
      0.1178399563754428,
      0.12033563976283285,
      0.12226652226871908,
      0.12750159396257477,
      0.13481426894650314,
      0.14683042768920154,
      0.1664196829853946,
      0.18130940631829134,
      0.19069951223938592,
      0.20206210313774656
   ],
   "Unweighted sigma^2": 0.057657065690638755,
   "Apparent r0": 37.14398107975824
}