{
   "log10 r": [
      0.0,
      0.05,
      0.1,
      0.15000000000000002,
      0.2,
      0.25,
      0.30000000000000004,
      0.35000000000000003,
      0.4,
      0.45,
      0.5,
      0.55,
      0.6000000000000001,
      0.65,
      0.7000000000000001,
      0.75,
      0.8,
      0.8500000000000001,
      0.9,
      0.9500000000000001,
      1.0,
      1.05,
      1.1,
      1.1500000000000001,
      1.2000000000000002,
      1.25,
      1.3,
      1.35,
      1.4000000000000001,
      1.4500000000000002,
      1.5,
      1.55,
      1.6,
      1.6500000000000001,
      1.7000000000000002,
      1.75,
      1.8,
      1.85,
      1.9000000000000001,
      1.9500000000000002,
      2.0,
      2.0500000000000003,
      2.1,
      2.15,
      2.2,
      2.25,
      2.3000000000000003,
      2.35,
      2.4000000000000004,
      2.45,
      2.5
   ],
   "Sum dv^2": [
      950.929103976566,
      0.0,
      0.0,
      3323.8629248394973,
      0.0,
      0.0,
      12994.622532756692,
      0.0,
      0.0,
      9852.481643609251,
      14799.903237484647,
      16416.48703869552,
      31599.91970333209,
      44960.31597878075,
      43547.639266211096,
      63959.35790220534,
      119898.57455294314,
      108234.51649356596,
      164514.16904751543,
      235600.77498803003,
      370810.57598692714,
      397890.946561207,
      528856.1018998184,
      779558.9869198505,
      912193.8062623529,
      1233783.170668984,
      1667124.5170640557,
      2101441.177437296,
      2645828.8319731606,
      3319421.8545135506,
      4340817.002516474,
      5016607.784377956,
      6502138.13768485,
      7738354.102814415,
      9486160.13308597,
      11295778.866783772,
      13322902.001618221,
      16214376.61332867,
      19083341.75821892,
      22421407.587919537,
      26581674.176093206,
      30718980.91098075,
      34198378.42905044,
      35630840.37630936,
      37885722.784152195,
      39762532.99892885,
      34022847.9540997,
      23980300.18038701,
      10800269.272364898,
      3030605.6990701347,
      265333.61256565957
   ],
   "Sum weights": [
      65280.0,
      0.0,
      0.0,
      130050.0,
      0.0,
      0.0,
      324104.0,
      0.0,
      0.0,
      193800.0,
      258060.0,
      257048.0,
      449570.0,
      575312.0,
      511036.0,
      700020.0,
      1203734.0,
      1007972.0,
      1445380.0,
      1937042.0,
      2859272.0,
      2897116.0,
      3674690.0,
      5155474.0,
      5773520.0,
      7491838.0,
      9701238.0,
      11757186.0,
      14320938.0,
      17540114.0,
      22734900.0,
      26303374.0,
      34062188.0,
      40733820.0,
      50149068.0,
      60431004.0,
      72289830.0,
      87731826.0,
      102476376.0,
      120332462.0,
      140368314.0,
      158782298.0,
      178392398.0,
      192781200.0,
      200564162.0,
      196929652.0,
      173862636.0,
      123283452.0,
      50816154.0,
      14282052.0,
      1557090.0
   ],
   "Sum w * dv^2": [
      950.929103976566,
      0.0,
      0.0,
      3323.8629248394973,
      0.0,
      0.0,
      12994.622532756692,
      0.0,
      0.0,
      9852.481643609251,
      14799.903237484647,
      16416.48703869552,
      31599.91970333209,
      44960.31597878075,
      43547.639266211096,
      63959.35790220534,
      119898.57455294314,
      108234.51649356596,
      164514.16904751543,
      235600.77498803003,
      370810.57598692714,
      397890.946561207,
      528856.1018998184,
      779558.9869198505,
      912193.8062623529,
      1233783.170668984,
      1667124.5170640557,
      2101441.177437296,
      2645828.8319731606,
      3319421.8545135506,
      4340817.002516474,
      5016607.784377956,
      6502138.13768485,
      7738354.102814415,
      9486160.13308597,
      11295778.866783772,
      13322902.001618221,
      16214376.61332867,
      19083341.75821892,
      22421407.587919537,
      26581674.176093206,
      30718980.91098075,
      34198378.42905044,
      35630840.37630936,
      37885722.784152195,
      39762532.99892885,
      34022847.9540997,
      23980300.18038701,
      10800269.272364898,
      3030605.6990701347,
      265333.61256565957
   ],
   "N pairs": [
      65280,
      0,
      0,
      130050,
      0,
      0,
      324104,
      0,
      0,
      193800,
      258060,
      257048,
      449570,
      575312,
      511036,
      700020,
      1203734,
      1007972,
      1445380,
      1937042,
      2859272,
      2897116,
      3674690,
      5155474,
      5773520,
      7491838,
      9701238,
      11757186,
      14320938,
      17540114,
      22734900,
      26303374,
      34062188,
      40733820,
      50149068,
      60431004,
      72289830,
      87731826,
      102476376,
      120332462,
      140368314,
      158782298,
      178392398,
      192781200,
      200564162,
      196929652,
      173862636,
      123283452,
      50816154,
      14282052,
      1557090
   ],
   "Unweighted B(r)": [
      0.014566928676111611,
      NaN,
      NaN,
      0.02555834621176084,
      NaN,
      NaN,
      0.04009398999320185,
      NaN,
      NaN,
      0.050838398573835146,
      0.05735062868125493,
      0.06386545329547602,
      0.07028920902936604,
      0.0781494493053869,
      0.0852144257277591,
      0.09136790077741398,
      0.09960553955686484,
      0.10737849513038651,
      0.11382070393081088,
      0.12162915155584134,
      0.12968705879920733,
      0.13734035729366964,
      0.14391856235487033,
      0.15120995410312427,
      0.1579961282306726,
      0.1646836424745148,
      0.17184657433041595,
      0.1787367468233722,
      0.18475248143474685,
      0.1892474504164312,
      0.1909318713746915,
      0.1907210757212347,
      0.1908902075722455,
      0.1899736902361334,
      0.1891592508376421,
      0.18692025813080604,
      0.18429842761586548,
      0.18481749842216516,
      0.18622186403448657,
      0.18632883608680373,
      0.1893709015846212,
      0.19346603052048503,
      0.19170311522495728,
      0.18482528574523532,
      0.18889577483016232,
      0.20191237122040337,
      0.19568809456046496,
      0.19451353601282198,
      0.21253614101462495,
      0.21219679770596933,
      0.17040351717990582
   ],
   "Weighted B(r)": [
      0.014566928676111611,
      NaN,
      NaN,
      0.02555834621176084,
      NaN,
      NaN,
      0.04009398999320185,
      NaN,
      NaN,
      0.050838398573835146,
      0.05735062868125493,
      0.06386545329547602,
      0.07028920902936604,
      0.0781494493053869,
      0.0852144257277591,
      0.09136790077741398,
      0.09960553955686484,
      0.10737849513038651,
      0.11382070393081088,
      0.12162915155584134,
      0.12968705879920733,
      0.13734035729366964,
      0.14391856235487033,
      0.15120995410312427,
      0.1579961282306726,
      0.1646836424745148,
      0.17184657433041595,
      0.1787367468233722,
      0.18475248143474685,
      0.1892474504164312,
      0.1909318713746915,
      0.1907210757212347,
      0.1908902075722455,
      0.1899736902361334,
      0.1891592508376421,
      0.18692025813080604,
      0.18429842761586548,
      0.18481749842216516,
      0.18622186403448657,
      0.18632883608680373,
      0.1893709015846212,
      0.19346603052048503,
      0.19170311522495728,
      0.18482528574523532,
      0.18889577483016232,
      0.20191237122040337,
      0.19568809456046496,
      0.19451353601282198,
      0.21253614101462495,
      0.21219679770596933,
      0.17040351717990582
   ],
   "Unweighted sigma^2": 0.0951525617838519,
   "Apparent r0": 5.938659379557291
}