{
   "log10 r": [
      0.0,
      0.05,
      0.1,
      0.15000000000000002,
      0.2,
      0.25,
      0.30000000000000004,
      0.35000000000000003,
      0.4,
      0.45,
      0.5,
      0.55,
      0.6000000000000001,
      0.65,
      0.7000000000000001,
      0.75,
      0.8,
      0.8500000000000001,
      0.9,
      0.9500000000000001,
      1.0,
      1.05,
      1.1,
      1.1500000000000001,
      1.2000000000000002,
      1.25,
      1.3,
      1.35,
      1.4000000000000001,
      1.4500000000000002,
      1.5,
      1.55,
      1.6,
      1.6500000000000001,
      1.7000000000000002,
      1.75,
      1.8,
      1.85,
      1.9000000000000001,
      1.9500000000000002,
      2.0,
      2.0500000000000003,
      2.1,
      2.15,
      2.2,
      2.25,
      2.3000000000000003,
      2.35,
      2.4000000000000004,
      2.45,
      2.5
   ],
   "Sum dv^2": [
      39.748119073555706,
      0.0,
      0.0,
      183.2898949763394,
      0.0,
      0.0,
      967.2892525573398,
      0.0,
      0.0,
      875.6907445250195,
      1425.2750929258352,
      1711.1742000814584,
      3528.979640827799,
      5394.814977498803,
      5494.632573943721,
      8452.725464936622,
      16670.497795008283,
      15705.782342422792,
      24700.238172812693,
      36759.52495114644,
      60085.65475039038,
      66905.22403535845,
      91768.47700704834,
      140033.96257696603,
      169205.22712921433,
      236174.13577089278,
      328606.35824379063,
      426015.56041971676,
      551368.2699174319,
      712546.2397816154,
      971926.7525153616,
      1181892.2717408373,
      1601352.227562832,
      1989270.7884002689,
      2522825.3216738654,
      3085080.4039947744,
      3665973.084262597,
      4420917.172354213,
      5108665.7974863695,
      5938181.817849754,
      6822556.5431498075,
      7785966.504996467,
      9313090.921789564,
      10966022.851628251,
      11946010.13826959,
      10764024.3396863,
      8755726.0815668,
      6422713.816755451,
      3001644.4985183473,
      970125.3861537548,
      107414.16760924507
   ],
   "Sum weights": [
      65280.0,
      0.0,
      0.0,
      130050.0,
      0.0,
      0.0,
      324104.0,
      0.0,
      0.0,
      193800.0,
      258060.0,
      257048.0,
      449570.0,
      575312.0,
      511036.0,
      700020.0,
      1203734.0,
      1007972.0,
      1445380.0,
      1937042.0,
      2859272.0,
      2897116.0,
      3674690.0,
      5155474.0,
      5773520.0,
      7491838.0,
      9701238.0,
      11757186.0,
      14320938.0,
      17540114.0,
      22734900.0,
      26303374.0,
      34062188.0,
      40733820.0,
      50149068.0,
      60431004.0,
      72289830.0,
      87731826.0,
      102476376.0,
      120332462.0,
      140368314.0,
      158782298.0,
      178392398.0,
      192781200.0,
      200564162.0,
      196929652.0,
      173862636.0,
      123283452.0,
      50816154.0,
      14282052.0,
      1557090.0
   ],
   "Sum w * dv^2": [
      39.748119073555706,
      0.0,
      0.0,
      183.2898949763394,
      0.0,
      0.0,
      967.2892525573398,
      0.0,
      0.0,
      875.6907445250195,
      1425.2750929258352,
      1711.1742000814584,
      3528.979640827799,
      5394.814977498803,
      5494.632573943721,
      8452.725464936622,
      16670.497795008283,
      15705.782342422792,
      24700.238172812693,
      36759.52495114644,
      60085.65475039038,
      66905.22403535845,
      91768.47700704834,
      140033.96257696603,
      169205.22712921433,
      236174.13577089278,
      328606.35824379063,
      426015.56041971676,
      551368.2699174319,
      712546.2397816154,
      971926.7525153616,
      1181892.2717408373,
      1601352.227562832,
      1989270.7884002689,
      2522825.3216738654,
      3085080.4039947744,
      3665973.084262597,
      4420917.172354213,
      5108665.7974863695,
      5938181.817849754,
      6822556.5431498075,
      7785966.504996467,
      9313090.921789564,
      10966022.851628251,
      11946010.13826959,
      10764024.3396863,
      8755726.0815668,
      6422713.816755451,
      3001644.4985183473,
      970125.3861537548,
      107414.16760924507
   ],
   "N pairs": [
      65280,
      0,
      0,
      130050,
      0,
      0,
      324104,
      0,
      0,
      193800,
      258060,
      257048,
      449570,
      575312,
      511036,
      700020,
      1203734,
      1007972,
      1445380,
      1937042,
      2859272,
      2897116,
      3674690,
      5155474,
      5773520,
      7491838,
      9701238,
      11757186,
      14320938,
      17540114,
      22734900,
      26303374,
      34062188,
      40733820,
      50149068,
      60431004,
      72289830,
      87731826,
      102476376,
      120332462,
      140368314,
      158782298,
      178392398,
      192781200,
      200564162,
      196929652,
      173862636,
      123283452,
      50816154,
      14282052,
      1557090
   ],
   "Unweighted B(r)": [
      0.0006088866279650078,
      NaN,
      NaN,
      0.001409380199741172,
      NaN,
      NaN,
      0.0029845026675306067,
      NaN,
      NaN,
      0.004518528093524352,
      0.005523037638246281,
      0.006657022035111957,
      0.007849677782832036,
      0.009377198767796958,
      0.010751948148356907,
      0.012074977093421077,
      0.013848988061322754,
      0.015581566097493574,
      0.017089096412578487,
      0.018977143991274554,
      0.02101431929190031,
      0.023093733228271997,
      0.02497312072774801,
      0.02716218966034278,
      0.02930711717101774,
      0.03152419149625136,
      0.03387262102463527,
      0.03623448335509166,
      0.038500848891143295,
      0.040623808932006684,
      0.04275043006634565,
      0.04493310522600018,
      0.04701260610630274,
      0.048835851594578386,
      0.05030652457337523,
      0.05105128493305811,
      0.05071215528190614,
      0.05039125906662666,
      0.049852131748749286,
      0.049348128669134635,
      0.04860467685855233,
      0.04903548193386436,
      0.0522056490422286,
      0.05688325859382684,
      0.059562037500346596,
      0.05465923607931984,
      0.05036002146871165,
      0.05209712830522827,
      0.05906870674467704,
      0.06792619058898222,
      0.06898391718477742
   ],
   "Weighted B(r)": [
      0.0006088866279650078,
      NaN,
      NaN,
      0.001409380199741172,
      NaN,
      NaN,
      0.0029845026675306067,
      NaN,
      NaN,
      0.004518528093524352,
      0.005523037638246281,
      0.006657022035111957,
      0.007849677782832036,
      0.009377198767796958,
      0.010751948148356907,
      0.012074977093421077,
      0.013848988061322754,
      0.015581566097493574,
      0.017089096412578487,
      0.018977143991274554,
      0.02101431929190031,
      0.023093733228271997,
      0.02497312072774801,
      0.02716218966034278,
      0.02930711717101774,
      0.03152419149625136,
      0.03387262102463527,
      0.03623448335509166,
      0.038500848891143295,
      0.040623808932006684,
      0.04275043006634565,
      0.04493310522600018,
      0.04701260610630274,
      0.048835851594578386,
      0.05030652457337523,
      0.05105128493305811,
      0.05071215528190614,
      0.05039125906662666,
      0.049852131748749286,
      0.049348128669134635,
      0.04860467685855233,
      0.04903548193386436,
      0.0522056490422286,
      0.05688325859382684,
      0.059562037500346596,
      0.05465923607931984,
      0.05036002146871165,
      0.05209712830522827,
      0.05906870674467704,
      0.06792619058898222,
      0.06898391718477742
   ],
   "Unweighted sigma^2": 0.025765618766916323,
   "Apparent r0": 13.145368693624858
}