{
   "log10 r": [
      0.0,
      0.05,
      0.1,
      0.15000000000000002,
      0.2,
      0.25,
      0.30000000000000004,
      0.35000000000000003,
      0.4,
      0.45,
      0.5,
      0.55,
      0.6000000000000001,
      0.65,
      0.7000000000000001,
      0.75,
      0.8,
      0.8500000000000001,
      0.9,
      0.9500000000000001,
      1.0,
      1.05,
      1.1,
      1.1500000000000001,
      1.2000000000000002,
      1.25,
      1.3,
      1.35,
      1.4000000000000001,
      1.4500000000000002,
      1.5,
      1.55,
      1.6,
      1.6500000000000001,
      1.7000000000000002,
      1.75,
      1.8,
      1.85,
      1.9000000000000001,
      1.9500000000000002,
      2.0,
      2.0500000000000003,
      2.1,
      2.15,
      2.2,
      2.25,
      2.3000000000000003,
      2.35,
      2.4000000000000004,
      2.45,
      2.5
   ],
   "Sum dv^2": [
      0.219366323493001,
      0.0,
      0.0,
      1.5963876052078754,
      0.0,
      0.0,
      8.826091080187075,
      0.0,
      0.0,
      8.294458301435446,
      15.835623855069528,
      20.49457296635367,
      44.38154629247004,
      75.79736990086217,
      85.99716692383045,
      142.99605049477017,
      320.97010963937834,
      343.34873220775745,
      594.2056057292658,
      1008.4686178256107,
      1893.3621711347346,
      2439.5860039537865,
      3807.582248266762,
      6732.590756420013,
      9340.058157480364,
      14945.927816230633,
      23837.139845251986,
      35458.703810685874,
      52306.385397880265,
      76659.92204338723,
      117900.93492818357,
      159315.98714038014,
      236939.4727350954,
      319702.25276280666,
      434622.6703101522,
      565041.0294433302,
      712752.8348523659,
      895212.1494794524,
      1072234.552199433,
      1294764.1818168524,
      1577058.5945556788,
      1903773.7415285802,
      2361762.675919098,
      2878409.230036117,
      3336510.9473839654,
      3392805.3769539944,
      2662186.4062454975,
      1485647.8138456647,
      491793.1438657527,
      171613.70495679116,
      19990.747545554867
   ],
   "Sum weights": [
      65280.0,
      0.0,
      0.0,
      130050.0,
      0.0,
      0.0,
      324104.0,
      0.0,
      0.0,
      193800.0,
      258060.0,
      257048.0,
      449570.0,
      575312.0,
      511036.0,
      700020.0,
      1203734.0,
      1007972.0,
      1445380.0,
      1937042.0,
      2859272.0,
      2897116.0,
      3674690.0,
      5155474.0,
      5773520.0,
      7491838.0,
      9701238.0,
      11757186.0,
      14320938.0,
      17540114.0,
      22734900.0,
      26303374.0,
      34062188.0,
      40733820.0,
      50149068.0,
      60431004.0,
      72289830.0,
      87731826.0,
      102476376.0,
      120332462.0,
      140368314.0,
      158782298.0,
      178392398.0,
      192781200.0,
      200564162.0,
      196929652.0,
      173862636.0,
      123283452.0,
      50816154.0,
      14282052.0,
      1557090.0
   ],
   "Sum w * dv^2": [
      0.219366323493001,
      0.0,
      0.0,
      1.5963876052078754,
      0.0,
      0.0,
      8.826091080187075,
      0.0,
      0.0,
      8.294458301435446,
      15.835623855069528,
      20.49457296635367,
      44.38154629247004,
      75.79736990086217,
      85.99716692383045,
      142.99605049477017,
      320.97010963937834,
      343.34873220775745,
      594.2056057292658,
      1008.4686178256107,
      1893.3621711347346,
      2439.5860039537865,
      3807.582248266762,
      6732.590756420013,
      9340.058157480364,
      14945.927816230633,
      23837.139845251986,
      35458.703810685874,
      52306.385397880265,
      76659.92204338723,
      117900.93492818357,
      159315.98714038014,
      236939.4727350954,
      319702.25276280666,
      434622.6703101522,
      565041.0294433302,
      712752.8348523659,
      895212.1494794524,
      1072234.552199433,
      1294764.1818168524,
      1577058.5945556788,
      1903773.7415285802,
      2361762.675919098,
      2878409.230036117,
      3336510.9473839654,
      3392805.3769539944,
      2662186.4062454975,
      1485647.8138456647,
      491793.1438657527,
      171613.70495679116,
      19990.747545554867
   ],
   "N pairs": [
      65280,
      0,
      0,
      130050,
      0,
      0,
      324104,
      0,
      0,
      193800,
      258060,
      257048,
      449570,
      575312,
      511036,
      700020,
      1203734,
      1007972,
      1445380,
      1937042,
      2859272,
      2897116,
      3674690,
      5155474,
      5773520,
      7491838,
      9701238,
      11757186,
      14320938,
      17540114,
      22734900,
      26303374,
      34062188,
      40733820,
      50149068,
      60431004,
      72289830,
      87731826,
      102476376,
      120332462,
      140368314,
      158782298,
      178392398,
      192781200,
      200564162,
      196929652,
      173862636,
      123283452,
      50816154,
      14282052,
      1557090
   ],
   "Unweighted B(r)": [
      3.36039098488053e-06,
      NaN,
      NaN,
      1.2275183431048639e-05,
      NaN,
      NaN,
      2.7232280626549114e-05,
      NaN,
      NaN,
      4.279906244290736e-05,
      6.136411631042985e-05,
      7.973052879755403e-05,
      9.871999086342514e-05,
      0.00013175002416230177,
      0.0001682800564418758,
      0.00020427423572865085,
      0.0002666453798259236,
      0.0003406332043030535,
      0.00041110684092021877,
      0.0005206230003405247,
      0.0006621833009013254,
      0.0008420739811432426,
      0.0010361642065770886,
      0.0013059111066063011,
      0.0016177406776940867,
      0.0019949614255180947,
      0.002457123497563093,
      0.0030159175682587546,
      0.003652441299437248,
      0.0043705486773567845,
      0.005185900748548865,
      0.0060568650675909535,
      0.006956084933096353,
      0.00784857037132306,
      0.008666615106588865,
      0.009350184376273647,
      0.00985965570609816,
      0.010203961211059855,
      0.010463236445826628,
      0.010759891057633746,
      0.011235146662484518,
      0.011989836181414758,
      0.013239144169804241,
      0.014930964378456597,
      0.016635628788875877,
      0.017228514560895046,
      0.015312009914801347,
      0.012050666896037798,
      0.009677889906145843,
      0.012016039778933108,
      0.012838530557356908
   ],
   "Weighted B(r)": [
      3.36039098488053e-06,
      NaN,
      NaN,
      1.2275183431048639e-05,
      NaN,
      NaN,
      2.7232280626549114e-05,
      NaN,
      NaN,
      4.279906244290736e-05,
      6.136411631042985e-05,
      7.973052879755403e-05,
      9.871999086342514e-05,
      0.00013175002416230177,
      0.0001682800564418758,
      0.00020427423572865085,
      0.0002666453798259236,
      0.0003406332043030535,
      0.00041110684092021877,
      0.0005206230003405247,
      0.0006621833009013254,
      0.0008420739811432426,
      0.0010361642065770886,
      0.0013059111066063011,
      0.0016177406776940867,
      0.0019949614255180947,
      0.002457123497563093,
      0.0030159175682587546,
      0.003652441299437248,
      0.0043705486773567845,
      0.005185900748548865,
      0.0060568650675909535,
      0.006956084933096353,
      0.00784857037132306,
      0.008666615106588865,
      0.009350184376273647,
      0.00985965570609816,
      0.010203961211059855,
      0.010463236445826628,
      0.010759891057633746,
      0.011235146662484518,
      0.011989836181414758,
      0.013239144169804241,
      0.014930964378456597,
      0.016635628788875877,
      0.017228514560895046,
      0.015312009914801347,
      0.012050666896037798,
      0.009677889906145843,
      0.012016039778933108,
      0.012838530557356908
   ],
   "Unweighted sigma^2": 0.006151327974946228,
   "Apparent r0": 35.93613942441017
}