{
   "log10 r": [
      0.0,
      0.05,
      0.1,
      0.15000000000000002,
      0.2,
      0.25,
      0.30000000000000004,
      0.35000000000000003,
      0.4,
      0.45,
      0.5,
      0.55,
      0.6000000000000001,
      0.65,
      0.7000000000000001,
      0.75,
      0.8,
      0.8500000000000001,
      0.9,
      0.9500000000000001,
      1.0,
      1.05,
      1.1,
      1.1500000000000001,
      1.2000000000000002,
      1.25,
      1.3,
      1.35,
      1.4000000000000001,
      1.4500000000000002,
      1.5,
      1.55,
      1.6,
      1.6500000000000001,
      1.7000000000000002,
      1.75,
      1.8,
      1.85,
      1.9000000000000001,
      1.9500000000000002,
      2.0,
      2.0500000000000003,
      2.1,
      2.15,
      2.2,
      2.25,
      2.3000000000000003,
      2.35,
      2.4000000000000004,
      2.45,
      2.5
   ],
   "Sum dv^2": [
      6.051976371298922,
      0.0,
      0.0,
      35.11547217725675,
      0.0,
      0.0,
      197.59665509123755,
      0.0,
      0.0,
      190.34052643883703,
      341.66438011692446,
      438.69013919710585,
      959.605866476812,
      1613.2891867143546,
      1780.1782774165436,
      2949.7879206649422,
      6438.60362807137,
      6670.22861423483,
      11305.816942717189,
      18477.02337954521,
      33178.89324123505,
      40494.552251471825,
      59905.931883808415,
      98895.01281743022,
      127697.85056871406,
      189274.63965440652,
      277771.93282820476,
      379891.94603777654,
      516583.7014731171,
      702026.9111868736,
      1003751.0497998407,
      1268210.6493297906,
      1773588.7131588398,
      2269837.7815652243,
      2967396.5773523925,
      3770462.2745545898,
      4730620.635287732,
      5971572.422342538,
      7160472.62532304,
      8425873.329936037,
      9596732.575218404,
      10458746.625422413,
      11383371.427005948,
      11951910.445796411,
      12072288.524618117,
      12854142.521445286,
      11688471.005834648,
      8518476.607045807,
      3946628.8043476576,
      891096.9495987832,
      30256.269513994273
   ],
   "Sum weights": [
      65280.0,
      0.0,
      0.0,
      130050.0,
      0.0,
      0.0,
      324104.0,
      0.0,
      0.0,
      193800.0,
      258060.0,
      257048.0,
      449570.0,
      575312.0,
      511036.0,
      700020.0,
      1203734.0,
      1007972.0,
      1445380.0,
      1937042.0,
      2859272.0,
      2897116.0,
      3674690.0,
      5155474.0,
      5773520.0,
      7491838.0,
      9701238.0,
      11757186.0,
      14320938.0,
      17540114.0,
      22734900.0,
      26303374.0,
      34062188.0,
      40733820.0,
      50149068.0,
      60431004.0,
      72289830.0,
      87731826.0,
      102476376.0,
      120332462.0,
      140368314.0,
      158782298.0,
      178392398.0,
      192781200.0,
      200564162.0,
      196929652.0,
      173862636.0,
      123283452.0,
      50816154.0,
      14282052.0,
      1557090.0
   ],
   "Sum w * dv^2": [
      6.051976371298922,
      0.0,
      0.0,
      35.11547217725675,
      0.0,
      0.0,
      197.59665509123755,
      0.0,
      0.0,
      190.34052643883703,
      341.66438011692446,
      438.69013919710585,
      959.605866476812,
      1613.2891867143546,
      1780.1782774165436,
      2949.7879206649422,
      6438.60362807137,
      6670.22861423483,
      11305.816942717189,
      18477.02337954521,
      33178.89324123505,
      40494.552251471825,
      59905.931883808415,
      98895.01281743022,
      127697.85056871406,
      189274.63965440652,
      277771.93282820476,
      379891.94603777654,
      516583.7014731171,
      702026.9111868736,
      1003751.0497998407,
      1268210.6493297906,
      1773588.7131588398,
      2269837.7815652243,
      2967396.5773523925,
      3770462.2745545898,
      4730620.635287732,
      5971572.422342538,
      7160472.62532304,
      8425873.329936037,
      9596732.575218404,
      10458746.625422413,
      11383371.427005948,
      11951910.445796411,
      12072288.524618117,
      12854142.521445286,
      11688471.005834648,
      8518476.607045807,
      3946628.8043476576,
      891096.9495987832,
      30256.269513994273
   ],
   "N pairs": [
      65280,
      0,
      0,
      130050,
      0,
      0,
      324104,
      0,
      0,
      193800,
      258060,
      257048,
      449570,
      575312,
      511036,
      700020,
      1203734,
      1007972,
      1445380,
      1937042,
      2859272,
      2897116,
      3674690,
      5155474,
      5773520,
      7491838,
      9701238,
      11757186,
      14320938,
      17540114,
      22734900,
      26303374,
      34062188,
      40733820,
      50149068,
      60431004,
      72289830,
      87731826,
      102476376,
      120332462,
      140368314,
      158782298,
      178392398,
      192781200,
      200564162,
      196929652,
      173862636,
      123283452,
      50816154,
      14282052,
      1557090
   ],
   "Unweighted B(r)": [
      9.270797137406437e-05,
      NaN,
      NaN,
      0.000270015164761682,
      NaN,
      NaN,
      0.0006096705227064077,
      NaN,
      NaN,
      0.0009821492592303252,
      0.0013239726424743256,
      0.0017066467710198322,
      0.0021344971116329203,
      0.0028041987420988172,
      0.003483469417842468,
      0.004213862347739982,
      0.005348859156650365,
      0.006617474110624928,
      0.007822037763575799,
      0.009538783041124153,
      0.011603965359446407,
      0.01397753912907589,
      0.01630230900669401,
      0.019182525761439244,
      0.022117850214204517,
      0.025264112712315257,
      0.0286326273851033,
      0.03231146858081318,
      0.03607191801773858,
      0.04002407915860031,
      0.044150229374215005,
      0.048214751815861746,
      0.05206913640306488,
      0.055723666024085745,
      0.05917151994434657,
      0.062392845145425514,
      0.06543964255120993,
      0.06806620464439596,
      0.06987437402473172,
      0.07002161503132909,
      0.06836822571808053,
      0.06586846743723543,
      0.0638108549166201,
      0.0619972821301891,
      0.06019165340524853,
      0.0652727630953478,
      0.06722819390495523,
      0.06909667492962321,
      0.07766484658299126,
      0.062392781485376414,
      0.01943129139227294
   ],
   "Weighted B(r)": [
      9.270797137406437e-05,
      NaN,
      NaN,
      0.000270015164761682,
      NaN,
      NaN,
      0.0006096705227064077,
      NaN,
      NaN,
      0.0009821492592303252,
      0.0013239726424743256,
      0.0017066467710198322,
      0.0021344971116329203,
      0.0028041987420988172,
      0.003483469417842468,
      0.004213862347739982,
      0.005348859156650365,
      0.006617474110624928,
      0.007822037763575799,
      0.009538783041124153,
      0.011603965359446407,
      0.01397753912907589,
      0.01630230900669401,
      0.019182525761439244,
      0.022117850214204517,
      0.025264112712315257,
      0.0286326273851033,
      0.03231146858081318,
      0.03607191801773858,
      0.04002407915860031,
      0.044150229374215005,
      0.048214751815861746,
      0.05206913640306488,
      0.055723666024085745,
      0.05917151994434657,
      0.062392845145425514,
      0.06543964255120993,
      0.06806620464439596,
      0.06987437402473172,
      0.07002161503132909,
      0.06836822571808053,
      0.06586846743723543,
      0.0638108549166201,
      0.0619972821301891,
      0.06019165340524853,
      0.0652727630953478,
      0.06722819390495523,
      0.06909667492962321,
      0.07766484658299126,
      0.062392781485376414,
      0.01943129139227294
   ],
   "Unweighted sigma^2": 0.03159825227476635,
   "Apparent r0": 21.91521818563822
}