{
   "log10 r": [
      0.0,
      0.05,
      0.1,
      0.15000000000000002,
      0.2,
      0.25,
      0.30000000000000004,
      0.35000000000000003,
      0.4,
      0.45,
      0.5,
      0.55,
      0.6000000000000001,
      0.65,
      0.7000000000000001,
      0.75,
      0.8,
      0.8500000000000001,
      0.9,
      0.9500000000000001,
      1.0,
      1.05,
      1.1,
      1.1500000000000001,
      1.2000000000000002,
      1.25,
      1.3,
      1.35,
      1.4000000000000001,
      1.4500000000000002,
      1.5,
      1.55,
      1.6,
      1.6500000000000001,
      1.7000000000000002,
      1.75,
      1.8,
      1.85,
      1.9000000000000001,
      1.9500000000000002,
      2.0,
      2.0500000000000003,
      2.1,
      2.15,
      2.2,
      2.25,
      2.3000000000000003,
      2.35,
      2.4000000000000004,
      2.45,
      2.5
   ],
   "Sum dv^2": [
      1.354689719806326,
      0.0,
      0.0,
      8.728531536899558,
      0.0,
      0.0,
      48.39542827594547,
      0.0,
      0.0,
      45.69498127470885,
      84.45214279000399,
      107.9351942945015,
      233.55182161744204,
      390.60877086984954,
      435.1707155250873,
      711.8185250088519,
      1547.6961327545764,
      1595.9299095906358,
      2684.1177079631348,
      4345.591811554479,
      7717.920933082848,
      9285.329509500043,
      13542.813506728302,
      21955.812543470154,
      27832.36949442424,
      40289.98574858696,
      57704.09672126556,
      76467.18321006122,
      100843.0841661427,
      132603.41813308033,
      183611.05728735714,
      224843.8388355271,
      304201.48387794505,
      375944.7052120203,
      476527.94643713615,
      592386.4782216178,
      735780.0038272251,
      929431.1468954165,
      1118160.4143895213,
      1319098.386709189,
      1517187.129000269,
      1647388.47111489,
      1763309.0779328973,
      1825263.7485868824,
      1787690.9021588403,
      1964384.2776649087,
      1976972.1469576256,
      1498937.204233399,
      664480.0711992497,
      151929.34620559716,
      15177.280293189522
   ],
   "Sum weights": [
      65280.0,
      0.0,
      0.0,
      130050.0,
      0.0,
      0.0,
      324104.0,
      0.0,
      0.0,
      193800.0,
      258060.0,
      257048.0,
      449570.0,
      575312.0,
      511036.0,
      700020.0,
      1203734.0,
      1007972.0,
      1445380.0,
      1937042.0,
      2859272.0,
      2897116.0,
      3674690.0,
      5155474.0,
      5773520.0,
      7491838.0,
      9701238.0,
      11757186.0,
      14320938.0,
      17540114.0,
      22734900.0,
      26303374.0,
      34062188.0,
      40733820.0,
      50149068.0,
      60431004.0,
      72289830.0,
      87731826.0,
      102476376.0,
      120332462.0,
      140368314.0,
      158782298.0,
      178392398.0,
      192781200.0,
      200564162.0,
      196929652.0,
      173862636.0,
      123283452.0,
      50816154.0,
      14282052.0,
      1557090.0
   ],
   "Sum w * dv^2": [
      1.354689719806326,
      0.0,
      0.0,
      8.728531536899558,
      0.0,
      0.0,
      48.39542827594547,
      0.0,
      0.0,
      45.69498127470885,
      84.45214279000399,
      107.9351942945015,
      233.55182161744204,
      390.60877086984954,
      435.1707155250873,
      711.8185250088519,
      1547.6961327545764,
      1595.9299095906358,
      2684.1177079631348,
      4345.591811554479,
      7717.920933082848,
      9285.329509500043,
      13542.813506728302,
      21955.812543470154,
      27832.36949442424,
      40289.98574858696,
      57704.09672126556,
      76467.18321006122,
      100843.0841661427,
      132603.41813308033,
      183611.05728735714,
      224843.8388355271,
      304201.48387794505,
      375944.7052120203,
      476527.94643713615,
      592386.4782216178,
      735780.0038272251,
      929431.1468954165,
      1118160.4143895213,
      1319098.386709189,
      1517187.129000269,
      1647388.47111489,
      1763309.0779328973,
      1825263.7485868824,
      1787690.9021588403,
      1964384.2776649087,
      1976972.1469576256,
      1498937.204233399,
      664480.0711992497,
      151929.34620559716,
      15177.280293189522
   ],
   "N pairs": [
      65280,
      0,
      0,
      130050,
      0,
      0,
      324104,
      0,
      0,
      193800,
      258060,
      257048,
      449570,
      575312,
      511036,
      700020,
      1203734,
      1007972,
      1445380,
      1937042,
      2859272,
      2897116,
      3674690,
      5155474,
      5773520,
      7491838,
      9701238,
      11757186,
      14320938,
      17540114,
      22734900,
      26303374,
      34062188,
      40733820,
      50149068,
      60431004,
      72289830,
      87731826,
      102476376,
      120332462,
      140368314,
      158782298,
      178392398,
      192781200,
      200564162,
      196929652,
      173862636,
      123283452,
      50816154,
      14282052,
      1557090
   ],
   "Unweighted B(r)": [
      2.075198712938612e-05,
      NaN,
      NaN,
      6.711673615455254e-05,
      NaN,
      NaN,
      0.0001493206756965217,
      NaN,
      NaN,
      0.00023578421710376084,
      0.0003272577803224211,
      0.00041990287531706725,
      0.000519500459589034,
      0.0006789511966895346,
      0.0008515461054115313,
      0.0010168545541682408,
      0.0012857459644361432,
      0.0015833077799687252,
      0.0018570325505840228,
      0.0022434164109784295,
      0.002699260837402964,
      0.003205025104103544,
      0.003685430201385233,
      0.004258737905277023,
      0.0048206933542144555,
      0.005377850635396408,
      0.005948116799244133,
      0.006503867780101567,
      0.0070416535680932835,
      0.007560008910608011,
      0.008076176155925785,
      0.008548098766170725,
      0.00893076756777765,
      0.009229301479999183,
      0.0095022293622114,
      0.009802691317549808,
      0.010178195243054591,
      0.010594002077369467,
      0.010911396929078769,
      0.01096211583129737,
      0.010808615461465677,
      0.010375139369219168,
      0.009884440691990123,
      0.009468058859405805,
      0.008913311751871406,
      0.009975055852253823,
      0.011370885616606121,
      0.012158462307118062,
      0.01307615824682934,
      0.010637781336015102,
      0.009747208121039581
   ],
   "Weighted B(r)": [
      2.075198712938612e-05,
      NaN,
      NaN,
      6.711673615455254e-05,
      NaN,
      NaN,
      0.0001493206756965217,
      NaN,
      NaN,
      0.00023578421710376084,
      0.0003272577803224211,
      0.00041990287531706725,
      0.000519500459589034,
      0.0006789511966895346,
      0.0008515461054115313,
      0.0010168545541682408,
      0.0012857459644361432,
      0.0015833077799687252,
      0.0018570325505840228,
      0.0022434164109784295,
      0.002699260837402964,
      0.003205025104103544,
      0.003685430201385233,
      0.004258737905277023,
      0.0048206933542144555,
      0.005377850635396408,
      0.005948116799244133,
      0.006503867780101567,
      0.0070416535680932835,
      0.007560008910608011,
      0.008076176155925785,
      0.008548098766170725,
      0.00893076756777765,
      0.009229301479999183,
      0.0095022293622114,
      0.009802691317549808,
      0.010178195243054591,
      0.010594002077369467,
      0.010911396929078769,
      0.01096211583129737,
      0.010808615461465677,
      0.010375139369219168,
      0.009884440691990123,
      0.009468058859405805,
      0.008913311751871406,
      0.009975055852253823,
      0.011370885616606121,
      0.012158462307118062,
      0.01307615824682934,
      0.010637781336015102,
      0.009747208121039581
   ],
   "Unweighted sigma^2": 0.005041713964118706,
   "Apparent r0": 16.61608226437606
}