{
   "log10 r": [
      0.0,
      0.05,
      0.1,
      0.15000000000000002,
      0.2,
      0.25,
      0.30000000000000004,
      0.35000000000000003,
      0.4,
      0.45,
      0.5,
      0.55,
      0.6000000000000001,
      0.65,
      0.7000000000000001,
      0.75,
      0.8,
      0.8500000000000001,
      0.9,
      0.9500000000000001,
      1.0,
      1.05,
      1.1,
      1.1500000000000001,
      1.2000000000000002,
      1.25,
      1.3,
      1.35,
      1.4000000000000001,
      1.4500000000000002,
      1.5,
      1.55,
      1.6,
      1.6500000000000001,
      1.7000000000000002,
      1.75,
      1.8,
      1.85,
      1.9000000000000001,
      1.9500000000000002,
      2.0,
      2.0500000000000003,
      2.1,
      2.15,
      2.2,
      2.25,
      2.3000000000000003,
      2.35,
      2.4000000000000004,
      2.45,
      2.5
   ],
   "Sum dv^2": [
      1.1145529975275628,
      0.0,
      0.0,
      7.135857812029477,
      0.0,
      0.0,
      39.90307044580754,
      0.0,
      0.0,
      38.108626155856705,
      70.388990241006,
      90.8949698390429,
      198.42378813533878,
      337.2133040967096,
      377.7922917947706,
      629.7977008055224,
      1400.068613255546,
      1479.8972173444165,
      2548.886082372602,
      4272.591634923659,
      7909.773386622632,
      9991.94834270603,
      15299.63148269699,
      26303.72855965601,
      35415.830099620165,
      54659.07754836576,
      83556.17907084357,
      118279.07408938251,
      165338.78185888258,
      228735.00106657294,
      330685.5856650539,
      420095.5289557907,
      588324.1684038313,
      749867.0997768918,
      967035.8440999093,
      1196073.0943510314,
      1437257.821168612,
      1722325.3963003529,
      1985425.2935810236,
      2349559.447244896,
      2833730.9725320763,
      3337200.967592782,
      4012786.6956328205,
      4781055.586035112,
      5439926.24991433,
      5515769.53196062,
      4348798.719959054,
      2495762.137229816,
      903527.5461857084,
      287204.29298259894,
      26716.676557689592
   ],
   "Sum weights": [
      65280.0,
      0.0,
      0.0,
      130050.0,
      0.0,
      0.0,
      324104.0,
      0.0,
      0.0,
      193800.0,
      258060.0,
      257048.0,
      449570.0,
      575312.0,
      511036.0,
      700020.0,
      1203734.0,
      1007972.0,
      1445380.0,
      1937042.0,
      2859272.0,
      2897116.0,
      3674690.0,
      5155474.0,
      5773520.0,
      7491838.0,
      9701238.0,
      11757186.0,
      14320938.0,
      17540114.0,
      22734900.0,
      26303374.0,
      34062188.0,
      40733820.0,
      50149068.0,
      60431004.0,
      72289830.0,
      87731826.0,
      102476376.0,
      120332462.0,
      140368314.0,
      158782298.0,
      178392398.0,
      192781200.0,
      200564162.0,
      196929652.0,
      173862636.0,
      123283452.0,
      50816154.0,
      14282052.0,
      1557090.0
   ],
   "Sum w * dv^2": [
      1.1145529975275628,
      0.0,
      0.0,
      7.135857812029477,
      0.0,
      0.0,
      39.90307044580754,
      0.0,
      0.0,
      38.108626155856705,
      70.388990241006,
      90.8949698390429,
      198.42378813533878,
      337.2133040967096,
      377.7922917947706,
      629.7977008055224,
      1400.068613255546,
      1479.8972173444165,
      2548.886082372602,
      4272.591634923659,
      7909.773386622632,
      9991.94834270603,
      15299.63148269699,
      26303.72855965601,
      35415.830099620165,
      54659.07754836576,
      83556.17907084357,
      118279.07408938251,
      165338.78185888258,
      228735.00106657294,
      330685.5856650539,
      420095.5289557907,
      588324.1684038313,
      749867.0997768918,
      967035.8440999093,
      1196073.0943510314,
      1437257.821168612,
      1722325.3963003529,
      1985425.2935810236,
      2349559.447244896,
      2833730.9725320763,
      3337200.967592782,
      4012786.6956328205,
      4781055.586035112,
      5439926.24991433,
      5515769.53196062,
      4348798.719959054,
      2495762.137229816,
      903527.5461857084,
      287204.29298259894,
      26716.676557689592
   ],
   "N pairs": [
      65280,
      0,
      0,
      130050,
      0,
      0,
      324104,
      0,
      0,
      193800,
      258060,
      257048,
      449570,
      575312,
      511036,
      700020,
      1203734,
      1007972,
      1445380,
      1937042,
      2859272,
      2897116,
      3674690,
      5155474,
      5773520,
      7491838,
      9701238,
      11757186,
      14320938,
      17540114,
      22734900,
      26303374,
      34062188,
      40733820,
      50149068,
      60431004,
      72289830,
      87731826,
      102476376,
      120332462,
      140368314,
      158782298,
      178392398,
      192781200,
      200564162,
      196929652,
      173862636,
      123283452,
      50816154,
      14282052,
      1557090
   ],
   "Unweighted B(r)": [
      1.7073422143498205e-05,
      NaN,
      NaN,
      5.487011005020743e-05,
      NaN,
      NaN,
      0.0001231181054408694,
      NaN,
      NaN,
      0.00019663893785271778,
      0.00027276211052083236,
      0.00035361088138807887,
      0.00044136349875511887,
      0.0005861398755748351,
      0.0007392674719486897,
      0.0008996852958565789,
      0.0011631046504090988,
      0.0014681927844666484,
      0.0017634712548759508,
      0.002205729991876097,
      0.00276635919444622,
      0.0034489293292729838,
      0.004163516237477716,
      0.005102097025347429,
      0.00613418332310621,
      0.007295816800679054,
      0.008612939819726469,
      0.010060151645928075,
      0.011545248073756242,
      0.013040679271900566,
      0.014545284371827187,
      0.015971165104362302,
      0.01727206039740698,
      0.018408955992266173,
      0.019283226641418526,
      0.019792375025757165,
      0.019881881326441243,
      0.01963170578827748,
      0.019374468253844413,
      0.0195255661539186,
      0.02018782509941721,
      0.021017462334452307,
      0.022494157490011546,
      0.024800424450284114,
      0.027123122075589607,
      0.028008831965846463,
      0.025012842437055045,
      0.020244096808952235,
      0.01778032131644021,
      0.020109455768862833,
      0.017158081137050262
   ],
   "Weighted B(r)": [
      1.7073422143498205e-05,
      NaN,
      NaN,
      5.487011005020743e-05,
      NaN,
      NaN,
      0.0001231181054408694,
      NaN,
      NaN,
      0.00019663893785271778,
      0.00027276211052083236,
      0.00035361088138807887,
      0.00044136349875511887,
      0.0005861398755748351,
      0.0007392674719486897,
      0.0008996852958565789,
      0.0011631046504090988,
      0.0014681927844666484,
      0.0017634712548759508,
      0.002205729991876097,
      0.00276635919444622,
      0.0034489293292729838,
      0.004163516237477716,
      0.005102097025347429,
      0.00613418332310621,
      0.007295816800679054,
      0.008612939819726469,
      0.010060151645928075,
      0.011545248073756242,
      0.013040679271900566,
      0.014545284371827187,
      0.015971165104362302,
      0.01727206039740698,
      0.018408955992266173,
      0.019283226641418526,
      0.019792375025757165,
      0.019881881326441243,
      0.01963170578827748,
      0.019374468253844413,
      0.0195255661539186,
      0.02018782509941721,
      0.021017462334452307,
      0.022494157490011546,
      0.024800424450284114,
      0.027123122075589607,
      0.028008831965846463,
      0.025012842437055045,
      0.020244096808952235,
      0.01778032131644021,
      0.020109455768862833,
      0.017158081137050262
   ],
   "Unweighted sigma^2": 0.010864468193963835,
   "Apparent r0": 23.86665313333467
}