{
   "log10 r": [
      0.0,
      0.05,
      0.1,
      0.15000000000000002,
      0.2,
      0.25,
      0.30000000000000004,
      0.35000000000000003,
      0.4,
      0.45,
      0.5,
      0.55,
      0.6000000000000001,
      0.65,
      0.7000000000000001,
      0.75,
      0.8,
      0.8500000000000001,
      0.9,
      0.9500000000000001,
      1.0,
      1.05,
      1.1,
      1.1500000000000001,
      1.2000000000000002,
      1.25,
      1.3,
      1.35,
      1.4000000000000001,
      1.4500000000000002,
      1.5,
      1.55,
      1.6,
      1.6500000000000001,
      1.7000000000000002,
      1.75,
      1.8,
      1.85,
      1.9000000000000001,
      1.9500000000000002,
      2.0,
      2.0500000000000003,
      2.1,
      2.15,
      2.2,
      2.25,
      2.3000000000000003,
      2.35,
      2.4000000000000004,
      2.45,
      2.5
   ],
   "Sum dv^2": [
      575.9676902148983,
      0.0,
      0.0,
      2013.3090993938652,
      0.0,
      0.0,
      8096.013764640769,
      0.0,
      0.0,
      6288.8674178707715,
      9410.808939438668,
      10547.441372332909,
      20577.20078201247,
      29622.640813407263,
      28670.853360045043,
      42791.420533250195,
      80907.53519056317,
      73482.18316256325,
      113089.3820279202,
      163697.28608032764,
      260863.62836088674,
      282979.35775310686,
      381470.4090031945,
      568239.0919199205,
      674232.292131762,
      920560.831391648,
      1256259.593182472,
      1600005.9569157062,
      2035209.7621761924,
      2590322.7670063865,
      3488702.9547494194,
      4215039.973696526,
      5713274.301604047,
      7112338.313607025,
      9047089.013045859,
      11233117.842633145,
      13939495.81625452,
      17695780.659372658,
      21631701.717214614,
      26853335.708448026,
      33419685.524950746,
      40286874.72626553,
      49295744.75667739,
      58868612.73322662,
      67872080.39331561,
      73953227.70600425,
      76273751.61937237,
      62087876.30302853,
      27321783.20261596,
      7149049.540528855,
      734949.5686126295
   ],
   "Sum weights": [
      65280.0,
      0.0,
      0.0,
      130050.0,
      0.0,
      0.0,
      324104.0,
      0.0,
      0.0,
      193800.0,
      258060.0,
      257048.0,
      449570.0,
      575312.0,
      511036.0,
      700020.0,
      1203734.0,
      1007972.0,
      1445380.0,
      1937042.0,
      2859272.0,
      2897116.0,
      3674690.0,
      5155474.0,
      5773520.0,
      7491838.0,
      9701238.0,
      11757186.0,
      14320938.0,
      17540114.0,
      22734900.0,
      26303374.0,
      34062188.0,
      40733820.0,
      50149068.0,
      60431004.0,
      72289830.0,
      87731826.0,
      102476376.0,
      120332462.0,
      140368314.0,
      158782298.0,
      178392398.0,
      192781200.0,
      200564162.0,
      196929652.0,
      173862636.0,
      123283452.0,
      50816154.0,
      14282052.0,
      1557090.0
   ],
   "Sum w * dv^2": [
      575.9676902148983,
      0.0,
      0.0,
      2013.3090993938652,
      0.0,
      0.0,
      8096.013764640769,
      0.0,
      0.0,
      6288.8674178707715,
      9410.808939438668,
      10547.441372332909,
      20577.20078201247,
      29622.640813407263,
      28670.853360045043,
      42791.420533250195,
      80907.53519056317,
      73482.18316256325,
      113089.3820279202,
      163697.28608032764,
      260863.62836088674,
      282979.35775310686,
      381470.4090031945,
      568239.0919199205,
      674232.292131762,
      920560.831391648,
      1256259.593182472,
      1600005.9569157062,
      2035209.7621761924,
      2590322.7670063865,
      3488702.9547494194,
      4215039.973696526,
      5713274.301604047,
      7112338.313607025,
      9047089.013045859,
      11233117.842633145,
      13939495.81625452,
      17695780.659372658,
      21631701.717214614,
      26853335.708448026,
      33419685.524950746,
      40286874.72626553,
      49295744.75667739,
      58868612.73322662,
      67872080.39331561,
      73953227.70600425,
      76273751.61937237,
      62087876.30302853,
      27321783.20261596,
      7149049.540528855,
      734949.5686126295
   ],
   "N pairs": [
      65280,
      0,
      0,
      130050,
      0,
      0,
      324104,
      0,
      0,
      193800,
      258060,
      257048,
      449570,
      575312,
      511036,
      700020,
      1203734,
      1007972,
      1445380,
      1937042,
      2859272,
      2897116,
      3674690,
      5155474,
      5773520,
      7491838,
      9701238,
      11757186,
      14320938,
      17540114,
      22734900,
      26303374,
      34062188,
      40733820,
      50149068,
      60431004,
      72289830,
      87731826,
      102476376,
      120332462,
      140368314,
      158782298,
      178392398,
      192781200,
      200564162,
      196929652,
      173862636,
      123283452,
      50816154,
      14282052,
      1557090
   ],
   "Unweighted B(r)": [
      0.008823034470203711,
      NaN,
      NaN,
      0.015481038826557979,
      NaN,
      NaN,
      0.024979678635995758,
      NaN,
      NaN,
      0.03245029627384299,
      0.03646752282197422,
      0.041032964163630566,
      0.045770849438379946,
      0.05148969743966276,
      0.05610339263778881,
      0.06112885422309391,
      0.06721379905407936,
      0.07290101626093111,
      0.07824197237260803,
      0.08450889866111713,
      0.09123428213926019,
      0.09767622620326796,
      0.10381022861879355,
      0.11022053295582919,
      0.11678010851815912,
      0.12287516513192731,
      0.12949477099546183,
      0.13608749210191165,
      0.1421142778619803,
      0.14767992767928342,
      0.15345143170849307,
      0.1602471216695062,
      0.1677306901601285,
      0.1746052374564189,
      0.18040393119660486,
      0.18588335620955668,
      0.1928278959330036,
      0.20170309300723613,
      0.21108964389231147,
      0.2231595303721786,
      0.2380856802550948,
      0.2537239681860854,
      0.27633321435971386,
      0.30536490453024784,
      0.3384058234357722,
      0.37553119580998523,
      0.43870122629092295,
      0.5036188985284783,
      0.537659406546508,
      0.5005617918579806,
      0.4720019835800304
   ],
   "Weighted B(r)": [
      0.008823034470203711,
      NaN,
      NaN,
      0.015481038826557979,
      NaN,
      NaN,
      0.024979678635995758,
      NaN,
      NaN,
      0.03245029627384299,
      0.03646752282197422,
      0.041032964163630566,
      0.045770849438379946,
      0.05148969743966276,
      0.05610339263778881,
      0.06112885422309391,
      0.06721379905407936,
      0.07290101626093111,
      0.07824197237260803,
      0.08450889866111713,
      0.09123428213926019,
      0.09767622620326796,
      0.10381022861879355,
      0.11022053295582919,
      0.11678010851815912,
      0.12287516513192731,
      0.12949477099546183,
      0.13608749210191165,
      0.1421142778619803,
      0.14767992767928342,
      0.15345143170849307,
      0.1602471216695062,
      0.1677306901601285,
      0.1746052374564189,
      0.18040393119660486,
      0.18588335620955668,
      0.1928278959330036,
      0.20170309300723613,
      0.21108964389231147,
      0.2231595303721786,
      0.2380856802550948,
      0.2537239681860854,
      0.27633321435971386,
      0.30536490453024784,
      0.3384058234357722,
      0.37553119580998523,
      0.43870122629092295,
      0.5036188985284783,
      0.537659406546508,
      0.5005617918579806,
      0.4720019835800304
   ],
   "Unweighted sigma^2": 0.14690367481908342,
   "Apparent r0": 27.756352212241396
}