{
   "log10 r": [
      0.0,
      0.05,
      0.1,
      0.15000000000000002,
      0.2,
      0.25,
      0.30000000000000004,
      0.35000000000000003,
      0.4,
      0.45,
      0.5,
      0.55,
      0.6000000000000001,
      0.65,
      0.7000000000000001,
      0.75,
      0.8,
      0.8500000000000001,
      0.9,
      0.9500000000000001,
      1.0,
      1.05,
      1.1,
      1.1500000000000001,
      1.2000000000000002,
      1.25,
      1.3,
      1.35,
      1.4000000000000001,
      1.4500000000000002,
      1.5,
      1.55,
      1.6,
      1.6500000000000001,
      1.7000000000000002,
      1.75,
      1.8,
      1.85,
      1.9000000000000001,
      1.9500000000000002,
      2.0,
      2.0500000000000003,
      2.1,
      2.15,
      2.2,
      2.25,
      2.3000000000000003,
      2.35,
      2.4000000000000004,
      2.45,
      2.5
   ],
   "Sum dv^2": [
      1.6274135439688167,
      0.0,
      0.0,
      6.675365679699228,
      0.0,
      0.0,
      39.70679072315089,
      0.0,
      0.0,
      40.942684130398405,
      66.11919688360864,
      85.41361218209317,
      196.1876402035928,
      332.6589907522029,
      357.99820376175364,
      619.0409863808355,
      1364.8892040079188,
      1420.5291639317832,
      2499.2611103597924,
      4210.716406013225,
      7928.201500126766,
      10073.271641843312,
      15743.353507019809,
      27386.7820486179,
      37881.958999378105,
      59937.52003625586,
      94713.51484843787,
      138688.0707643829,
      201031.95184664166,
      288246.6809854482,
      431972.6671074238,
      565239.7245256712,
      808782.2186415427,
      1041290.5814216231,
      1339104.8498888288,
      1641536.5661057266,
      1959285.955768904,
      2362995.0817945986,
      2760016.9071546006,
      3269671.7072571786,
      3849451.381990143,
      4335210.877707974,
      4802313.649771613,
      5154349.250015967,
      5643062.800202174,
      6088858.925598664,
      5250722.4134481875,
      3446697.723896152,
      1628132.5858606556,
      513471.33649349323,
      26848.48438578237
   ],
   "Sum weights": [
      65280.0,
      0.0,
      0.0,
      130050.0,
      0.0,
      0.0,
      324104.0,
      0.0,
      0.0,
      193800.0,
      258060.0,
      257048.0,
      449570.0,
      575312.0,
      511036.0,
      700020.0,
      1203734.0,
      1007972.0,
      1445380.0,
      1937042.0,
      2859272.0,
      2897116.0,
      3674690.0,
      5155474.0,
      5773520.0,
      7491838.0,
      9701238.0,
      11757186.0,
      14320938.0,
      17540114.0,
      22734900.0,
      26303374.0,
      34062188.0,
      40733820.0,
      50149068.0,
      60431004.0,
      72289830.0,
      87731826.0,
      102476376.0,
      120332462.0,
      140368314.0,
      158782298.0,
      178392398.0,
      192781200.0,
      200564162.0,
      196929652.0,
      173862636.0,
      123283452.0,
      50816154.0,
      14282052.0,
      1557090.0
   ],
   "Sum w * dv^2": [
      1.6274135439688167,
      0.0,
      0.0,
      6.675365679699228,
      0.0,
      0.0,
      39.70679072315089,
      0.0,
      0.0,
      40.942684130398405,
      66.11919688360864,
      85.41361218209317,
      196.1876402035928,
      332.6589907522029,
      357.99820376175364,
      619.0409863808355,
      1364.8892040079188,
      1420.5291639317832,
      2499.2611103597924,
      4210.716406013225,
      7928.201500126766,
      10073.271641843312,
      15743.353507019809,
      27386.7820486179,
      37881.958999378105,
      59937.52003625586,
      94713.51484843787,
      138688.0707643829,
      201031.95184664166,
      288246.6809854482,
      431972.6671074238,
      565239.7245256712,
      808782.2186415427,
      1041290.5814216231,
      1339104.8498888288,
      1641536.5661057266,
      1959285.955768904,
      2362995.0817945986,
      2760016.9071546006,
      3269671.7072571786,
      3849451.381990143,
      4335210.877707974,
      4802313.649771613,
      5154349.250015967,
      5643062.800202174,
      6088858.925598664,
      5250722.4134481875,
      3446697.723896152,
      1628132.5858606556,
      513471.33649349323,
      26848.48438578237
   ],
   "N pairs": [
      65280,
      0,
      0,
      130050,
      0,
      0,
      324104,
      0,
      0,
      193800,
      258060,
      257048,
      449570,
      575312,
      511036,
      700020,
      1203734,
      1007972,
      1445380,
      1937042,
      2859272,
      2897116,
      3674690,
      5155474,
      5773520,
      7491838,
      9701238,
      11757186,
      14320938,
      17540114,
      22734900,
      26303374,
      34062188,
      40733820,
      50149068,
      60431004,
      72289830,
      87731826,
      102476376,
      120332462,
      140368314,
      158782298,
      178392398,
      192781200,
      200564162,
      196929652,
      173862636,
      123283452,
      50816154,
      14282052,
      1557090
   ],
   "Unweighted B(r)": [
      2.4929741788738e-05,
      NaN,
      NaN,
      5.1329224757395064e-05,
      NaN,
      NaN,
      0.00012251249822017282,
      NaN,
      NaN,
      0.00021126256001237568,
      0.0002562163717104884,
      0.0003322866242184074,
      0.0004363895282238423,
      0.0005782236260536941,
      0.0007005342163013049,
      0.0008843190000011935,
      0.0011338794152262201,
      0.0014092942700112535,
      0.0017291377425727437,
      0.002173786838908617,
      0.00277280423133118,
      0.0034769997617780275,
      0.004284267110156179,
      0.005312175378756231,
      0.006561328097829072,
      0.008000375880559064,
      0.009763033836345204,
      0.011796025916778292,
      0.014037624619744995,
      0.016433569416108025,
      0.019000420811502307,
      0.021489247901264347,
      0.023744282623345943,
      0.025563293141218357,
      0.02670248727032831,
      0.027163814225322595,
      0.027103203255131516,
      0.026934297273085352,
      0.026933201727924107,
      0.02717198379317776,
      0.02742393402253263,
      0.027302860157043286,
      0.02691994560088605,
      0.02673678372173203,
      0.02813594783798999,
      0.0309189543766556,
      0.03020040725396679,
      0.027957504985309398,
      0.03203966569096622,
      0.03595221026316759,
      0.017242731239544513
   ],
   "Weighted B(r)": [
      2.4929741788738e-05,
      NaN,
      NaN,
      5.1329224757395064e-05,
      NaN,
      NaN,
      0.00012251249822017282,
      NaN,
      NaN,
      0.00021126256001237568,
      0.0002562163717104884,
      0.0003322866242184074,
      0.0004363895282238423,
      0.0005782236260536941,
      0.0007005342163013049,
      0.0008843190000011935,
      0.0011338794152262201,
      0.0014092942700112535,
      0.0017291377425727437,
      0.002173786838908617,
      0.00277280423133118,
      0.0034769997617780275,
      0.004284267110156179,
      0.005312175378756231,
      0.006561328097829072,
      0.008000375880559064,
      0.009763033836345204,
      0.011796025916778292,
      0.014037624619744995,
      0.016433569416108025,
      0.019000420811502307,
      0.021489247901264347,
      0.023744282623345943,
      0.025563293141218357,
      0.02670248727032831,
      0.027163814225322595,
      0.027103203255131516,
      0.026934297273085352,
      0.026933201727924107,
      0.02717198379317776,
      0.02742393402253263,
      0.027302860157043286,
      0.02691994560088605,
      0.02673678372173203,
      0.02813594783798999,
      0.0309189543766556,
      0.03020040725396679,
      0.027957504985309398,
      0.03203966569096622,
      0.03595221026316759,
      0.017242731239544513
   ],
   "Unweighted sigma^2": 0.013500896043573298,
   "Apparent r0": 24.46479711499512
}