{
   "log10 r": [
      0.0,
      0.05,
      0.1,
      0.15000000000000002,
      0.2,
      0.25,
      0.30000000000000004,
      0.35000000000000003,
      0.4,
      0.45,
      0.5,
      0.55,
      0.6000000000000001,
      0.65,
      0.7000000000000001,
      0.75,
      0.8,
      0.8500000000000001,
      0.9,
      0.9500000000000001,
      1.0,
      1.05,
      1.1,
      1.1500000000000001,
      1.2000000000000002,
      1.25,
      1.3,
      1.35,
      1.4000000000000001,
      1.4500000000000002,
      1.5,
      1.55,
      1.6,
      1.6500000000000001,
      1.7000000000000002,
      1.75,
      1.8,
      1.85,
      1.9000000000000001,
      1.9500000000000002,
      2.0,
      2.0500000000000003,
      2.1,
      2.15,
      2.2,
      2.25,
      2.3000000000000003,
      2.35,
      2.4000000000000004,
      2.45,
      2.5
   ],
   "Sum dv^2": [
      6.246439875484241,
      0.0,
      0.0,
      33.62073526672167,
      0.0,
      0.0,
      190.8308712198415,
      0.0,
      0.0,
      185.8121052995589,
      326.72132287345175,
      418.7249344001558,
      923.0253586354822,
      1547.0040730085939,
      1698.678271128132,
      2822.8171234139327,
      6136.887775000965,
      6314.30927650497,
      10723.624312429658,
      17453.027142802704,
      31297.0390413534,
      37864.51602744978,
      55804.42983656912,
      91068.58615662971,
      116916.60413841852,
      170958.2489686353,
      248373.7869158018,
      332823.6560869384,
      444365.0874005653,
      588131.9726820101,
      816765.4557432649,
      999699.7182317041,
      1352992.0684379612,
      1670828.3059779678,
      2099289.227215616,
      2551874.513691595,
      3022688.1775184222,
      3579158.4259587876,
      4083941.359016283,
      4743297.01304834,
      5549913.634599881,
      6468712.4087720355,
      7744566.982703305,
      9094557.52885669,
      10326687.21247982,
      10740359.342061106,
      9694948.424616989,
      7141302.429229256,
      3592960.2617197437,
      1558420.7376659326,
      130371.79655419775
   ],
   "Sum weights": [
      65280.0,
      0.0,
      0.0,
      130050.0,
      0.0,
      0.0,
      324104.0,
      0.0,
      0.0,
      193800.0,
      258060.0,
      257048.0,
      449570.0,
      575312.0,
      511036.0,
      700020.0,
      1203734.0,
      1007972.0,
      1445380.0,
      1937042.0,
      2859272.0,
      2897116.0,
      3674690.0,
      5155474.0,
      5773520.0,
      7491838.0,
      9701238.0,
      11757186.0,
      14320938.0,
      17540114.0,
      22734900.0,
      26303374.0,
      34062188.0,
      40733820.0,
      50149068.0,
      60431004.0,
      72289830.0,
      87731826.0,
      102476376.0,
      120332462.0,
      140368314.0,
      158782298.0,
      178392398.0,
      192781200.0,
      200564162.0,
      196929652.0,
      173862636.0,
      123283452.0,
      50816154.0,
      14282052.0,
      1557090.0
   ],
   "Sum w * dv^2": [
      6.246439875484241,
      0.0,
      0.0,
      33.62073526672167,
      0.0,
      0.0,
      190.8308712198415,
      0.0,
      0.0,
      185.8121052995589,
      326.72132287345175,
      418.7249344001558,
      923.0253586354822,
      1547.0040730085939,
      1698.678271128132,
      2822.8171234139327,
      6136.887775000965,
      6314.30927650497,
      10723.624312429658,
      17453.027142802704,
      31297.0390413534,
      37864.51602744978,
      55804.42983656912,
      91068.58615662971,
      116916.60413841852,
      170958.2489686353,
      248373.7869158018,
      332823.6560869384,
      444365.0874005653,
      588131.9726820101,
      816765.4557432649,
      999699.7182317041,
      1352992.0684379612,
      1670828.3059779678,
      2099289.227215616,
      2551874.513691595,
      3022688.1775184222,
      3579158.4259587876,
      4083941.359016283,
      4743297.01304834,
      5549913.634599881,
      6468712.4087720355,
      7744566.982703305,
      9094557.52885669,
      10326687.21247982,
      10740359.342061106,
      9694948.424616989,
      7141302.429229256,
      3592960.2617197437,
      1558420.7376659326,
      130371.79655419775
   ],
   "N pairs": [
      65280,
      0,
      0,
      130050,
      0,
      0,
      324104,
      0,
      0,
      193800,
      258060,
      257048,
      449570,
      575312,
      511036,
      700020,
      1203734,
      1007972,
      1445380,
      1937042,
      2859272,
      2897116,
      3674690,
      5155474,
      5773520,
      7491838,
      9701238,
      11757186,
      14320938,
      17540114,
      22734900,
      26303374,
      34062188,
      40733820,
      50149068,
      60431004,
      72289830,
      87731826,
      102476376,
      120332462,
      140368314,
      158782298,
      178392398,
      192781200,
      200564162,
      196929652,
      173862636,
      123283452,
      50816154,
      14282052,
      1557090
   ],
   "Unweighted B(r)": [
      9.568688534749144e-05,
      NaN,
      NaN,
      0.00025852160912511856,
      NaN,
      NaN,
      0.0005887951744496875,
      NaN,
      NaN,
      0.0009587827930833793,
      0.001266067282312066,
      0.00162897565590923,
      0.0020531293427841764,
      0.0026889828006518095,
      0.003323989447178148,
      0.004032480676857708,
      0.005098209218150326,
      0.0062643697210884525,
      0.007419242214801407,
      0.009010143890944391,
      0.01094580684920966,
      0.013069727283080755,
      0.015186159876498186,
      0.017664444851555786,
      0.020250489153656438,
      0.022819266643063465,
      0.02560227745322832,
      0.02830810502504072,
      0.03102904903300086,
      0.03353068131039571,
      0.03592562341348609,
      0.03800652031301019,
      0.03972123189614129,
      0.041018208112520944,
      0.04186098188735264,
      0.042227901983749844,
      0.04181346362992446,
      0.04079657963529435,
      0.03985251546186882,
      0.039418266145409206,
      0.039538222526487574,
      0.04073950616820041,
      0.04341309982672751,
      0.04717554164439629,
      0.0514881976396153,
      0.05453906627561149,
      0.05576211570044865,
      0.05792587985960399,
      0.07070508054820016,
      0.10911742497968308,
      0.08372784909940835
   ],
   "Weighted B(r)": [
      9.568688534749144e-05,
      NaN,
      NaN,
      0.00025852160912511856,
      NaN,
      NaN,
      0.0005887951744496875,
      NaN,
      NaN,
      0.0009587827930833793,
      0.001266067282312066,
      0.00162897565590923,
      0.0020531293427841764,
      0.0026889828006518095,
      0.003323989447178148,
      0.004032480676857708,
      0.005098209218150326,
      0.0062643697210884525,
      0.007419242214801407,
      0.009010143890944391,
      0.01094580684920966,
      0.013069727283080755,
      0.015186159876498186,
      0.017664444851555786,
      0.020250489153656438,
      0.022819266643063465,
      0.02560227745322832,
      0.02830810502504072,
      0.03102904903300086,
      0.03353068131039571,
      0.03592562341348609,
      0.03800652031301019,
      0.03972123189614129,
      0.041018208112520944,
      0.04186098188735264,
      0.042227901983749844,
      0.04181346362992446,
      0.04079657963529435,
      0.03985251546186882,
      0.039418266145409206,
      0.039538222526487574,
      0.04073950616820041,
      0.04341309982672751,
      0.04717554164439629,
      0.0514881976396153,
      0.05453906627561149,
      0.05576211570044865,
      0.05792587985960399,
      0.07070508054820016,
      0.10911742497968308,
      0.08372784909940835
   ],
   "Unweighted sigma^2": 0.02316848257943293,
   "Apparent r0": 18.055067165389623
}