{
   "log10 r": [
      0.0,
      0.05,
      0.1,
      0.15000000000000002,
      0.2,
      0.25,
      0.30000000000000004,
      0.35000000000000003,
      0.4,
      0.45,
      0.5,
      0.55,
      0.6000000000000001,
      0.65,
      0.7000000000000001,
      0.75,
      0.8,
      0.8500000000000001,
      0.9,
      0.9500000000000001,
      1.0,
      1.05,
      1.1,
      1.1500000000000001,
      1.2000000000000002,
      1.25,
      1.3,
      1.35,
      1.4000000000000001,
      1.4500000000000002,
      1.5,
      1.55,
      1.6,
      1.6500000000000001,
      1.7000000000000002,
      1.75,
      1.8,
      1.85,
      1.9000000000000001,
      1.9500000000000002,
      2.0,
      2.0500000000000003,
      2.1,
      2.15,
      2.2,
      2.25,
      2.3000000000000003,
      2.35,
      2.4000000000000004,
      2.45,
      2.5
   ],
   "Sum dv^2": [
      4.411429689323429,
      0.0,
      0.0,
      22.726911026130555,
      0.0,
      0.0,
      129.29430865905863,
      0.0,
      0.0,
      126.45524524652113,
      219.03882144901047,
      280.2840398136479,
      618.4045451061036,
      1032.727495844637,
      1124.53407560548,
      1867.6175051222506,
      4032.642155149127,
      4119.710665926209,
      6960.334959375965,
      11237.919267429972,
      19963.47596109175,
      23922.68573114223,
      34936.08209166991,
      56450.14747601083,
      71762.0194587849,
      104160.94118704229,
      150150.25647064805,
      200434.38208505142,
      266546.2506960036,
      352877.1851005934,
      491842.32687678334,
      607233.6700836073,
      832741.8818734197,
      1044416.2787336912,
      1332595.0245663847,
      1652159.7808987116,
      2021549.544146476,
      2492431.2552306443,
      2925073.865978879,
      3407076.0518640843,
      4012292.798420948,
      4631855.4329600455,
      5178453.194735313,
      5648414.813583334,
      6292073.044096527,
      6604021.232063849,
      6296464.538328577,
      4679096.032453977,
      1712050.34909661,
      580978.8667628802,
      96925.09669703928
   ],
   "Sum weights": [
      65280.0,
      0.0,
      0.0,
      130050.0,
      0.0,
      0.0,
      324104.0,
      0.0,
      0.0,
      193800.0,
      258060.0,
      257048.0,
      449570.0,
      575312.0,
      511036.0,
      700020.0,
      1203734.0,
      1007972.0,
      1445380.0,
      1937042.0,
      2859272.0,
      2897116.0,
      3674690.0,
      5155474.0,
      5773520.0,
      7491838.0,
      9701238.0,
      11757186.0,
      14320938.0,
      17540114.0,
      22734900.0,
      26303374.0,
      34062188.0,
      40733820.0,
      50149068.0,
      60431004.0,
      72289830.0,
      87731826.0,
      102476376.0,
      120332462.0,
      140368314.0,
      158782298.0,
      178392398.0,
      192781200.0,
      200564162.0,
      196929652.0,
      173862636.0,
      123283452.0,
      50816154.0,
      14282052.0,
      1557090.0
   ],
   "Sum w * dv^2": [
      4.411429689323429,
      0.0,
      0.0,
      22.726911026130555,
      0.0,
      0.0,
      129.29430865905863,
      0.0,
      0.0,
      126.45524524652113,
      219.03882144901047,
      280.2840398136479,
      618.4045451061036,
      1032.727495844637,
      1124.53407560548,
      1867.6175051222506,
      4032.642155149127,
      4119.710665926209,
      6960.334959375965,
      11237.919267429972,
      19963.47596109175,
      23922.68573114223,
      34936.08209166991,
      56450.14747601083,
      71762.0194587849,
      104160.94118704229,
      150150.25647064805,
      200434.38208505142,
      266546.2506960036,
      352877.1851005934,
      491842.32687678334,
      607233.6700836073,
      832741.8818734197,
      1044416.2787336912,
      1332595.0245663847,
      1652159.7808987116,
      2021549.544146476,
      2492431.2552306443,
      2925073.865978879,
      3407076.0518640843,
      4012292.798420948,
      4631855.4329600455,
      5178453.194735313,
      5648414.813583334,
      6292073.044096527,
      6604021.232063849,
      6296464.538328577,
      4679096.032453977,
      1712050.34909661,
      580978.8667628802,
      96925.09669703928
   ],
   "N pairs": [
      65280,
      0,
      0,
      130050,
      0,
      0,
      324104,
      0,
      0,
      193800,
      258060,
      257048,
      449570,
      575312,
      511036,
      700020,
      1203734,
      1007972,
      1445380,
      1937042,
      2859272,
      2897116,
      3674690,
      5155474,
      5773520,
      7491838,
      9701238,
      11757186,
      14320938,
      17540114,
      22734900,
      26303374,
      34062188,
      40733820,
      50149068,
      60431004,
      72289830,
      87731826,
      102476376,
      120332462,
      140368314,
      158782298,
      178392398,
      192781200,
      200564162,
      196929652,
      173862636,
      123283452,
      50816154,
      14282052,
      1557090
   ],
   "Unweighted B(r)": [
      6.757704793693977e-05,
      NaN,
      NaN,
      0.0001747551789783203,
      NaN,
      NaN,
      0.00039892845709728553,
      NaN,
      NaN,
      0.0006525038454412855,
      0.0008487902869449371,
      0.0010903957230309043,
      0.001375546733781399,
      0.0017950737962090777,
      0.002200498742956426,
      0.002667948780209495,
      0.003350110701491465,
      0.004087128080865549,
      0.004815574422903295,
      0.005801587816593534,
      0.006982013589854953,
      0.008257413831942605,
      0.009507218865174997,
      0.010949555264173736,
      0.012429509113813566,
      0.013903255941605023,
      0.015477432516411621,
      0.01704781927283037,
      0.018612345832095888,
      0.02011829484692023,
      0.021633802078600887,
      0.0230857710529306,
      0.02444769202358403,
      0.025640027837646732,
      0.026572677772723208,
      0.027339605029542646,
      0.027964508204632327,
      0.028409658944413677,
      0.028543884748411467,
      0.02831385642108847,
      0.028584034986848583,
      0.029171107178207267,
      0.029028440969414586,
      0.029299614348200623,
      0.031371871132672875,
      0.033534925619346796,
      0.03621516780827237,
      0.03795396670474458,
      0.03369106503212758,
      0.040678949128800275,
      0.06224758793456979
   ],
   "Weighted B(r)": [
      6.757704793693977e-05,
      NaN,
      NaN,
      0.0001747551789783203,
      NaN,
      NaN,
      0.00039892845709728553,
      NaN,
      NaN,
      0.0006525038454412855,
      0.0008487902869449371,
      0.0010903957230309043,
      0.001375546733781399,
      0.0017950737962090777,
      0.002200498742956426,
      0.002667948780209495,
      0.003350110701491465,
      0.004087128080865549,
      0.004815574422903295,
      0.005801587816593534,
      0.006982013589854953,
      0.008257413831942605,
      0.009507218865174997,
      0.010949555264173736,
      0.012429509113813566,
      0.013903255941605023,
      0.015477432516411621,
      0.01704781927283037,
      0.018612345832095888,
      0.02011829484692023,
      0.021633802078600887,
      0.0230857710529306,
      0.02444769202358403,
      0.025640027837646732,
      0.026572677772723208,
      0.027339605029542646,
      0.027964508204632327,
      0.028409658944413677,
      0.028543884748411467,
      0.02831385642108847,
      0.028584034986848583,
      0.029171107178207267,
      0.029028440969414586,
      0.029299614348200623,
      0.031371871132672875,
      0.033534925619346796,
      0.03621516780827237,
      0.03795396670474458,
      0.03369106503212758,
      0.040678949128800275,
      0.06224758793456979
   ],
   "Unweighted sigma^2": 0.014924075530643448,
   "Apparent r0": 19.189881484256414
}