{
   "log10 r": [
      0.0,
      0.05,
      0.1,
      0.15000000000000002,
      0.2,
      0.25,
      0.30000000000000004,
      0.35000000000000003,
      0.4,
      0.45,
      0.5,
      0.55,
      0.6000000000000001,
      0.65,
      0.7000000000000001,
      0.75,
      0.8,
      0.8500000000000001,
      0.9,
      0.9500000000000001,
      1.0,
      1.05,
      1.1,
      1.1500000000000001,
      1.2000000000000002,
      1.25,
      1.3,
      1.35,
      1.4000000000000001,
      1.4500000000000002,
      1.5,
      1.55,
      1.6,
      1.6500000000000001,
      1.7000000000000002,
      1.75,
      1.8,
      1.85,
      1.9000000000000001,
      1.9500000000000002,
      2.0,
      2.0500000000000003,
      2.1,
      2.15,
      2.2,
      2.25,
      2.3000000000000003,
      2.35,
      2.4000000000000004,
      2.45,
      2.5
   ],
   "Sum dv^2": [
      237.62397430536507,
      0.0,
      0.0,
      1055.217420382638,
      0.0,
      0.0,
      5556.6190707574715,
      0.0,
      0.0,
      5024.80719906282,
      8027.387523663434,
      9585.426213885747,
      19647.693886097906,
      29695.749053648593,
      29740.622855525806,
      45369.23059121165,
      87868.88793839108,
      81314.10644121487,
      125945.4010763467,
      183862.42223985802,
      294670.73528895655,
      321605.6207878894,
      433373.73619775823,
      646439.8830187728,
      763805.0133824621,
      1040681.8123835683,
      1409805.1086300826,
      1790241.1792351513,
      2280867.7055972484,
      2926026.493852578,
      3970747.9063815107,
      4775648.873079131,
      6407674.757892458,
      7953642.881651201,
      10126128.534343895,
      12541732.027253445,
      15370594.800495937,
      18988673.41931723,
      22496548.33047577,
      26329050.70673148,
      29902747.390792105,
      32999036.639572956,
      36841125.66063559,
      40432350.028181784,
      42637708.45754134,
      43895639.37171303,
      37844672.66481611,
      26954814.172752805,
      12304208.714149484,
      3438746.409278304,
      322535.00027780083
   ],
   "Sum weights": [
      65280.0,
      0.0,
      0.0,
      130050.0,
      0.0,
      0.0,
      324104.0,
      0.0,
      0.0,
      193800.0,
      258060.0,
      257048.0,
      449570.0,
      575312.0,
      511036.0,
      700020.0,
      1203734.0,
      1007972.0,
      1445380.0,
      1937042.0,
      2859272.0,
      2897116.0,
      3674690.0,
      5155474.0,
      5773520.0,
      7491838.0,
      9701238.0,
      11757186.0,
      14320938.0,
      17540114.0,
      22734900.0,
      26303374.0,
      34062188.0,
      40733820.0,
      50149068.0,
      60431004.0,
      72289830.0,
      87731826.0,
      102476376.0,
      120332462.0,
      140368314.0,
      158782298.0,
      178392398.0,
      192781200.0,
      200564162.0,
      196929652.0,
      173862636.0,
      123283452.0,
      50816154.0,
      14282052.0,
      1557090.0
   ],
   "Sum w * dv^2": [
      237.62397430536507,
      0.0,
      0.0,
      1055.217420382638,
      0.0,
      0.0,
      5556.6190707574715,
      0.0,
      0.0,
      5024.80719906282,
      8027.387523663434,
      9585.426213885747,
      19647.693886097906,
      29695.749053648593,
      29740.622855525806,
      45369.23059121165,
      87868.88793839108,
      81314.10644121487,
      125945.4010763467,
      183862.42223985802,
      294670.73528895655,
      321605.6207878894,
      433373.73619775823,
      646439.8830187728,
      763805.0133824621,
      1040681.8123835683,
      1409805.1086300826,
      1790241.1792351513,
      2280867.7055972484,
      2926026.493852578,
      3970747.9063815107,
      4775648.873079131,
      6407674.757892458,
      7953642.881651201,
      10126128.534343895,
      12541732.027253445,
      15370594.800495937,
      18988673.41931723,
      22496548.33047577,
      26329050.70673148,
      29902747.390792105,
      32999036.639572956,
      36841125.66063559,
      40432350.028181784,
      42637708.45754134,
      43895639.37171303,
      37844672.66481611,
      26954814.172752805,
      12304208.714149484,
      3438746.409278304,
      322535.00027780083
   ],
   "N pairs": [
      65280,
      0,
      0,
      130050,
      0,
      0,
      324104,
      0,
      0,
      193800,
      258060,
      257048,
      449570,
      575312,
      511036,
      700020,
      1203734,
      1007972,
      1445380,
      1937042,
      2859272,
      2897116,
      3674690,
      5155474,
      5773520,
      7491838,
      9701238,
      11757186,
      14320938,
      17540114,
      22734900,
      26303374,
      34062188,
      40733820,
      50149068,
      60431004,
      72289830,
      87731826,
      102476376,
      120332462,
      140368314,
      158782298,
      178392398,
      192781200,
      200564162,
      196929652,
      173862636,
      123283452,
      50816154,
      14282052,
      1557090
   ],
   "Unweighted B(r)": [
      0.003640073135805225,
      NaN,
      NaN,
      0.008113936335122168,
      NaN,
      NaN,
      0.01714455566965379,
      NaN,
      NaN,
      0.02592779772478235,
      0.031106671020938673,
      0.037290413517653304,
      0.04370330290299154,
      0.051616773252858614,
      0.0581967275407717,
      0.06481133480645074,
      0.07299693116451897,
      0.08067099725112888,
      0.08713653231423342,
      0.09491917172671424,
      0.10305795856041557,
      0.11100888635038755,
      0.11793477441573527,
      0.12538902979993166,
      0.1322945124261217,
      0.138908744741086,
      0.14532218554271967,
      0.15226782830816415,
      0.15926803855985192,
      0.1668191263667145,
      0.1746542938997537,
      0.18156031515497334,
      0.1881169453322393,
      0.19525894899253743,
      0.20192057276805014,
      0.20753803837602045,
      0.21262458080889024,
      0.21643996580348426,
      0.2195291169398474,
      0.21880255975092971,
      0.21303060882238783,
      0.2078256647952844,
      0.2065173520490239,
      0.2097318100944583,
      0.21258886947879221,
      0.22290010125906803,
      0.21766995793631078,
      0.21864097521176487,
      0.24213183693810209,
      0.24077397346531884,
      0.20713960032997503
   ],
   "Weighted B(r)": [
      0.003640073135805225,
      NaN,
      NaN,
      0.008113936335122168,
      NaN,
      NaN,
      0.01714455566965379,
      NaN,
      NaN,
      0.02592779772478235,
      0.031106671020938673,
      0.037290413517653304,
      0.04370330290299154,
      0.051616773252858614,
      0.0581967275407717,
      0.06481133480645074,
      0.07299693116451897,
      0.08067099725112888,
      0.08713653231423342,
      0.09491917172671424,
      0.10305795856041557,
      0.11100888635038755,
      0.11793477441573527,
      0.12538902979993166,
      0.1322945124261217,
      0.138908744741086,
      0.14532218554271967,
      0.15226782830816415,
      0.15926803855985192,
      0.1668191263667145,
      0.1746542938997537,
      0.18156031515497334,
      0.1881169453322393,
      0.19525894899253743,
      0.20192057276805014,
      0.20753803837602045,
      0.21262458080889024,
      0.21643996580348426,
      0.2195291169398474,
      0.21880255975092971,
      0.21303060882238783,
      0.2078256647952844,
      0.2065173520490239,
      0.2097318100944583,
      0.21258886947879221,
      0.22290010125906803,
      0.21766995793631078,
      0.21864097521176487,
      0.24213183693810209,
      0.24077397346531884,
      0.20713960032997503
   ],
   "Unweighted sigma^2": 0.10494835291268176,
   "Apparent r0": 10.290108277898844
}