{
   "log10 r": [
      0.0,
      0.05,
      0.1,
      0.15000000000000002,
      0.2,
      0.25,
      0.30000000000000004,
      0.35000000000000003,
      0.4,
      0.45,
      0.5,
      0.55,
      0.6000000000000001,
      0.65,
      0.7000000000000001,
      0.75,
      0.8,
      0.8500000000000001,
      0.9,
      0.9500000000000001,
      1.0,
      1.05,
      1.1,
      1.1500000000000001,
      1.2000000000000002,
      1.25,
      1.3,
      1.35,
      1.4000000000000001,
      1.4500000000000002,
      1.5,
      1.55,
      1.6,
      1.6500000000000001,
      1.7000000000000002,
      1.75,
      1.8,
      1.85,
      1.9000000000000001,
      1.9500000000000002,
      2.0,
      2.0500000000000003,
      2.1,
      2.15,
      2.2,
      2.25,
      2.3000000000000003,
      2.35,
      2.4000000000000004,
      2.45,
      2.5
   ],
   "Sum dv^2": [
      26.97213665601735,
      0.0,
      0.0,
      134.7512940967895,
      0.0,
      0.0,
      770.0455569933996,
      0.0,
      0.0,
      757.2074346480068,
      1297.6328398138585,
      1660.9076829440148,
      3670.9552388005886,
      6125.825493289994,
      6626.572105736036,
      11017.531721977608,
      23698.948605745314,
      24133.065068474738,
      40590.751176414175,
      65191.75628560454,
      114843.44123227097,
      136743.03236453843,
      197856.46837765598,
      316878.0826307054,
      397477.4127978928,
      570870.0549800536,
      810407.9557205111,
      1071538.2845889295,
      1410296.3184986988,
      1859318.6421767555,
      2583981.6330571747,
      3184462.139981691,
      4365484.684345179,
      5507388.984968355,
      7116634.615693361,
      8936449.121109933,
      11065189.3254719,
      13775370.993765283,
      16362983.6280281,
      19126874.89071592,
      21557024.941639,
      23539736.61105347,
      26235971.628915522,
      28873018.79981624,
      30437022.608158965,
      31615828.558470156,
      26753414.5181552,
      18706185.289885245,
      8756002.915510485,
      2277025.1566233286,
      165090.95888315313
   ],
   "Sum weights": [
      65280.0,
      0.0,
      0.0,
      130050.0,
      0.0,
      0.0,
      324104.0,
      0.0,
      0.0,
      193800.0,
      258060.0,
      257048.0,
      449570.0,
      575312.0,
      511036.0,
      700020.0,
      1203734.0,
      1007972.0,
      1445380.0,
      1937042.0,
      2859272.0,
      2897116.0,
      3674690.0,
      5155474.0,
      5773520.0,
      7491838.0,
      9701238.0,
      11757186.0,
      14320938.0,
      17540114.0,
      22734900.0,
      26303374.0,
      34062188.0,
      40733820.0,
      50149068.0,
      60431004.0,
      72289830.0,
      87731826.0,
      102476376.0,
      120332462.0,
      140368314.0,
      158782298.0,
      178392398.0,
      192781200.0,
      200564162.0,
      196929652.0,
      173862636.0,
      123283452.0,
      50816154.0,
      14282052.0,
      1557090.0
   ],
   "Sum w * dv^2": [
      26.97213665601735,
      0.0,
      0.0,
      134.7512940967895,
      0.0,
      0.0,
      770.0455569933996,
      0.0,
      0.0,
      757.2074346480068,
      1297.6328398138585,
      1660.9076829440148,
      3670.9552388005886,
      6125.825493289994,
      6626.572105736036,
      11017.531721977608,
      23698.948605745314,
      24133.065068474738,
      40590.751176414175,
      65191.75628560454,
      114843.44123227097,
      136743.03236453843,
      197856.46837765598,
      316878.0826307054,
      397477.4127978928,
      570870.0549800536,
      810407.9557205111,
      1071538.2845889295,
      1410296.3184986988,
      1859318.6421767555,
      2583981.6330571747,
      3184462.139981691,
      4365484.684345179,
      5507388.984968355,
      7116634.615693361,
      8936449.121109933,
      11065189.3254719,
      13775370.993765283,
      16362983.6280281,
      19126874.89071592,
      21557024.941639,
      23539736.61105347,
      26235971.628915522,
      28873018.79981624,
      30437022.608158965,
      31615828.558470156,
      26753414.5181552,
      18706185.289885245,
      8756002.915510485,
      2277025.1566233286,
      165090.95888315313
   ],
   "N pairs": [
      65280,
      0,
      0,
      130050,
      0,
      0,
      324104,
      0,
      0,
      193800,
      258060,
      257048,
      449570,
      575312,
      511036,
      700020,
      1203734,
      1007972,
      1445380,
      1937042,
      2859272,
      2897116,
      3674690,
      5155474,
      5773520,
      7491838,
      9701238,
      11757186,
      14320938,
      17540114,
      22734900,
      26303374,
      34062188,
      40733820,
      50149068,
      60431004,
      72289830,
      87731826,
      102476376,
      120332462,
      140368314,
      158782298,
      178392398,
      192781200,
      200564162,
      196929652,
      173862636,
      123283452,
      50816154,
      14282052,
      1557090
   ],
   "Unweighted B(r)": [
      0.0004131761129904619,
      NaN,
      NaN,
      0.00103614989693802,
      NaN,
      NaN,
      0.0023759211765155617,
      NaN,
      NaN,
      0.003907159105510871,
      0.005028415251545603,
      0.0064614689977903535,
      0.008165480879063524,
      0.010647831947343343,
      0.012966937956887649,
      0.015738881349072323,
      0.019687861774898202,
      0.02394219786707839,
      0.028083100068088788,
      0.03365531376480455,
      0.04016527326965429,
      0.04719970907776507,
      0.05384303665823675,
      0.06146439350304266,
      0.06884490099590766,
      0.07619893208850133,
      0.08353655025477276,
      0.09113900933343484,
      0.0984779292039878,
      0.10600379462623535,
      0.11365704854902264,
      0.12106667912571561,
      0.12816219217465358,
      0.13520433352355254,
      0.1419096086829243,
      0.14787854792400823,
      0.15306702651634263,
      0.15701680475412974,
      0.1596756663997183,
      0.15895024977313205,
      0.15357472300792185,
      0.14825164333528837,
      0.14706888815360575,
      0.14977092579471565,
      0.15175703527811196,
      0.16054376899254438,
      0.15387673357348153,
      0.15173314006396613,
      0.17230746969773597,
      0.15943263311345796,
      0.10602531573843074
   ],
   "Weighted B(r)": [
      0.0004131761129904619,
      NaN,
      NaN,
      0.00103614989693802,
      NaN,
      NaN,
      0.0023759211765155617,
      NaN,
      NaN,
      0.003907159105510871,
      0.005028415251545603,
      0.0064614689977903535,
      0.008165480879063524,
      0.010647831947343343,
      0.012966937956887649,
      0.015738881349072323,
      0.019687861774898202,
      0.02394219786707839,
      0.028083100068088788,
      0.03365531376480455,
      0.04016527326965429,
      0.04719970907776507,
      0.05384303665823675,
      0.06146439350304266,
      0.06884490099590766,
      0.07619893208850133,
      0.08353655025477276,
      0.09113900933343484,
      0.0984779292039878,
      0.10600379462623535,
      0.11365704854902264,
      0.12106667912571561,
      0.12816219217465358,
      0.13520433352355254,
      0.1419096086829243,
      0.14787854792400823,
      0.15306702651634263,
      0.15701680475412974,
      0.1596756663997183,
      0.15895024977313205,
      0.15357472300792185,
      0.14825164333528837,
      0.14706888815360575,
      0.14977092579471565,
      0.15175703527811196,
      0.16054376899254438,
      0.15387673357348153,
      0.15173314006396613,
      0.17230746969773597,
      0.15943263311345796,
      0.10602531573843074
   ],
   "Unweighted sigma^2": 0.0743157723618959,
   "Apparent r0": 17.287586598492954
}