{
   "log10 r": [
      0.0,
      0.05,
      0.1,
      0.15000000000000002,
      0.2,
      0.25,
      0.30000000000000004,
      0.35000000000000003,
      0.4,
      0.45,
      0.5,
      0.55,
      0.6000000000000001,
      0.65,
      0.7000000000000001,
      0.75,
      0.8,
      0.8500000000000001,
      0.9,
      0.9500000000000001,
      1.0,
      1.05,
      1.1,
      1.1500000000000001,
      1.2000000000000002,
      1.25,
      1.3,
      1.35,
      1.4000000000000001,
      1.4500000000000002,
      1.5,
      1.55,
      1.6,
      1.6500000000000001,
      1.7000000000000002,
      1.75,
      1.8,
      1.85,
      1.9000000000000001,
      1.9500000000000002,
      2.0,
      2.0500000000000003,
      2.1,
      2.15,
      2.2,
      2.25,
      2.3000000000000003,
      2.35,
      2.4000000000000004,
      2.45,
      2.5
   ],
   "Sum dv^2": [
      7.015743984796371,
      0.0,
      0.0,
      34.81396687229796,
      0.0,
      0.0,
      200.83317125688365,
      0.0,
      0.0,
      199.68306333608686,
      342.825942165855,
      442.2120419229794,
      989.5884397445233,
      1675.5344136930087,
      1832.7775309010751,
      3105.10670018627,
      6839.925717072017,
      7135.019129805271,
      12353.353435771007,
      20592.982581146138,
      38044.13161268073,
      47605.58289441244,
      72646.7969999736,
      123395.91112855595,
      164963.84513773277,
      251653.74968845272,
      379989.75866013387,
      528664.9109084393,
      724273.0152785629,
      976589.7397473332,
      1367217.8379973494,
      1668954.2114433995,
      2227328.316953962,
      2679227.463777933,
      3237983.283837066,
      3765764.8173436914,
      4333942.468607266,
      5144990.067374175,
      6035215.158428682,
      7291089.396903327,
      8859340.498840224,
      10306651.868758589,
      11290305.205850936,
      11432638.54816478,
      12438022.380354267,
      13766970.727545505,
      11416536.5394151,
      7657055.32328948,
      3614949.6361144762,
      951076.4081789935,
      58771.93898140423
   ],
   "Sum weights": [
      65280.0,
      0.0,
      0.0,
      130050.0,
      0.0,
      0.0,
      324104.0,
      0.0,
      0.0,
      193800.0,
      258060.0,
      257048.0,
      449570.0,
      575312.0,
      511036.0,
      700020.0,
      1203734.0,
      1007972.0,
      1445380.0,
      1937042.0,
      2859272.0,
      2897116.0,
      3674690.0,
      5155474.0,
      5773520.0,
      7491838.0,
      9701238.0,
      11757186.0,
      14320938.0,
      17540114.0,
      22734900.0,
      26303374.0,
      34062188.0,
      40733820.0,
      50149068.0,
      60431004.0,
      72289830.0,
      87731826.0,
      102476376.0,
      120332462.0,
      140368314.0,
      158782298.0,
      178392398.0,
      192781200.0,
      200564162.0,
      196929652.0,
      173862636.0,
      123283452.0,
      50816154.0,
      14282052.0,
      1557090.0
   ],
   "Sum w * dv^2": [
      7.015743984796371,
      0.0,
      0.0,
      34.81396687229796,
      0.0,
      0.0,
      200.83317125688365,
      0.0,
      0.0,
      199.68306333608686,
      342.825942165855,
      442.2120419229794,
      989.5884397445233,
      1675.5344136930087,
      1832.7775309010751,
      3105.10670018627,
      6839.925717072017,
      7135.019129805271,
      12353.353435771007,
      20592.982581146138,
      38044.13161268073,
      47605.58289441244,
      72646.7969999736,
      123395.91112855595,
      164963.84513773277,
      251653.74968845272,
      379989.75866013387,
      528664.9109084393,
      724273.0152785629,
      976589.7397473332,
      1367217.8379973494,
      1668954.2114433995,
      2227328.316953962,
      2679227.463777933,
      3237983.283837066,
      3765764.8173436914,
      4333942.468607266,
      5144990.067374175,
      6035215.158428682,
      7291089.396903327,
      8859340.498840224,
      10306651.868758589,
      11290305.205850936,
      11432638.54816478,
      12438022.380354267,
      13766970.727545505,
      11416536.5394151,
      7657055.32328948,
      3614949.6361144762,
      951076.4081789935,
      58771.93898140423
   ],
   "N pairs": [
      65280,
      0,
      0,
      130050,
      0,
      0,
      324104,
      0,
      0,
      193800,
      258060,
      257048,
      449570,
      575312,
      511036,
      700020,
      1203734,
      1007972,
      1445380,
      1937042,
      2859272,
      2897116,
      3674690,
      5155474,
      5773520,
      7491838,
      9701238,
      11757186,
      14320938,
      17540114,
      22734900,
      26303374,
      34062188,
      40733820,
      50149068,
      60431004,
      72289830,
      87731826,
      102476376,
      120332462,
      140368314,
      158782298,
      178392398,
      192781200,
      200564162,
      196929652,
      173862636,
      123283452,
      50816154,
      14282052,
      1557090
   ],
   "Unweighted B(r)": [
      0.00010747156839455225,
      NaN,
      NaN,
      0.00026769678486964984,
      NaN,
      NaN,
      0.0006196565647350346,
      NaN,
      NaN,
      0.0010303563639632964,
      0.0013284737741837364,
      0.0017203481136712964,
      0.0022011887798218813,
      0.002912392603827156,
      0.0035863961264980845,
      0.004435739979123839,
      0.005682256808457696,
      0.007078588621316139,
      0.008546785921882832,
      0.010631149237417741,
      0.013305530782898839,
      0.01643205963945263,
      0.01976950354995213,
      0.023934930353359547,
      0.02857249046296415,
      0.03359038859201877,
      0.039169202802790105,
      0.044965258770971156,
      0.05057441176538596,
      0.055677502423720465,
      0.06013740275951728,
      0.06345019507548345,
      0.06539005412552952,
      0.06577402914280892,
      0.06456716770563047,
      0.062315112576049395,
      0.05995231235994422,
      0.05864451137007197,
      0.05889372159714822,
      0.06059120935216406,
      0.06311495982519405,
      0.06491058511294873,
      0.06328916104289901,
      0.059303700506920694,
      0.06201517886507694,
      0.06990806406109683,
      0.06566411738641245,
      0.062109352058778176,
      0.07113780464602804,
      0.0665924202053734,
      0.03774472829534852
   ],
   "Weighted B(r)": [
      0.00010747156839455225,
      NaN,
      NaN,
      0.00026769678486964984,
      NaN,
      NaN,
      0.0006196565647350346,
      NaN,
      NaN,
      0.0010303563639632964,
      0.0013284737741837364,
      0.0017203481136712964,
      0.0022011887798218813,
      0.002912392603827156,
      0.0035863961264980845,
      0.004435739979123839,
      0.005682256808457696,
      0.007078588621316139,
      0.008546785921882832,
      0.010631149237417741,
      0.013305530782898839,
      0.01643205963945263,
      0.01976950354995213,
      0.023934930353359547,
      0.02857249046296415,
      0.03359038859201877,
      0.039169202802790105,
      0.044965258770971156,
      0.05057441176538596,
      0.055677502423720465,
      0.06013740275951728,
      0.06345019507548345,
      0.06539005412552952,
      0.06577402914280892,
      0.06456716770563047,
      0.062315112576049395,
      0.05995231235994422,
      0.05864451137007197,
      0.05889372159714822,
      0.06059120935216406,
      0.06311495982519405,
      0.06491058511294873,
      0.06328916104289901,
      0.059303700506920694,
      0.06201517886507694,
      0.06990806406109683,
      0.06566411738641245,
      0.062109352058778176,
      0.07113780464602804,
      0.0665924202053734,
      0.03774472829534852
   ],
   "Unweighted sigma^2": 0.031055131217350037,
   "Apparent r0": 16.805723977274152
}