{
   "0": [
      1.0,
      1.499999999982721,
      -0.006305960910220065,
      0.6586664862297842
   ],
   "1": [
      1.2857142857142856,
      1.499999999318266,
      -0.007096559399294877,
      0.7292557142045545
   ],
   "2": [
      1.5714285714285714,
      0.5000000027264534,
      0.9711308349754882,
      -0.0009752968080701807
   ],
   "3": [
      1.8571428571428572,
      0.5000000010122255,
      0.9367956512414018,
      -0.005090575738932013
   ],
   "4": [
      2.142857142857143,
      1.27054477009235,
      0.20182313100610827,
      0.4992537343473822
   ],
   "5": [
      2.4285714285714284,
      1.3663726556794409,
      0.12303555624689833,
      0.3592421663948375
   ],
   "6": [
      2.7142857142857144,
      0.8927991740485157,
      0.26273096110747307,
      0.07271970017275653
   ],
   "7": [
      3.0,
      1.0248475020291803,
      0.10972113851445253,
      0.060125287301802666
   ],
   "8": [
      3.2857142857142856,
      1.1713576973930468,
      0.0740143457379916,
      0.04888427123606309
   ],
   "9": [
      3.571428571428571,
      1.3359405042028694,
      0.057928521332194505,
      0.04133737406239746
   ],
   "10": [
      3.8571428571428568,
      1.4974295330047784,
      0.0019441725707569635,
      0.043794236596517155
   ],
   "11": [
      4.142857142857142,
      1.4999998913422585,
      -5.639855734629329e-05,
      0.007737298434869588
   ],
   "12": [
      4.428571428571429,
      1.4999990765397924,
      -2.2342341050807235e-05,
      0.0033234463850395635
   ],
   "13": [
      4.7142857142857135,
      1.4999967673408379,
      -1.0713167964082615e-05,
      0.0020729020125302977
   ],
   "14": [
      5.0,
      1.4987473484039655,
      0.0012414998831455915,
      0.0004079644129044713
   ]
}