{
   "0": [
      1.0,
      1.499999999839346,
      -0.005677033392033515,
      0.6187756470456595
   ],
   "1": [
      1.2857142857142856,
      1.499999999900947,
      -0.006139740829850915,
      0.6503427562222222
   ],
   "2": [
      1.5714285714285714,
      1.499999999657011,
      -0.006822211166929382,
      0.7009867065259653
   ],
   "3": [
      1.8571428571428572,
      1.3346540513396015,
      0.1565632269667867,
      0.6642090494972603
   ],
   "4": [
      2.142857142857143,
      0.5000000007082352,
      0.9805180524233899,
      -0.019724192648743477
   ],
   "5": [
      2.4285714285714284,
      0.5000000000039699,
      0.3434090615987828,
      -0.0016247294333084916
   ],
   "6": [
      2.7142857142857144,
      1.1440987970103471,
      0.2849810073821981,
      0.43432069592427536
   ],
   "7": [
      3.0,
      0.8428957409990653,
      0.3344575730514475,
      0.165432453412941
   ],
   "8": [
      3.2857142857142856,
      0.8270996385658937,
      0.12786632018893163,
      0.0631197712738063
   ],
   "9": [
      3.571428571428571,
      1.007317428289805,
      0.07894696313798355,
      0.05118201078117923
   ],
   "10": [
      3.8571428571428568,
      1.213756466160732,
      0.05959142717860444,
      0.043508552548658486
   ],
   "11": [
      4.142857142857142,
      1.4193540927385218,
      0.050008004159687314,
      0.03851202576941337
   ],
   "12": [
      4.428571428571429,
      1.4999999158342043,
      -8.044389097383586e-05,
      0.011386014120930987
   ],
   "13": [
      4.7142857142857135,
      1.4999995001538167,
      -2.697504543625051e-05,
      0.0037881104699535317
   ],
   "14": [
      5.0,
      1.49999877072479,
      -1.437135801296563e-05,
      0.0022528178299952017
   ]
}