{
   "0": [
      1.0,
      0.017532624561515595,
      2.939113425651705,
      -0.00043779697531300815
   ],
   "1": [
      1.2105263157894737,
      0.02735844415580871,
      2.9251642320846445,
      0.006124195172619067
   ],
   "2": [
      1.4210526315789473,
      0.0421218349604853,
      2.7809668003078434,
      0.01444809296581602
   ],
   "3": [
      1.631578947368421,
      0.23935533490911087,
      0.06994614250340186,
      0.19273727946298277
   ],
   "4": [
      1.8421052631578947,
      0.09938297864991409,
      0.1622815108094136,
      0.026259358143672196
   ],
   "5": [
      2.052631578947368,
      1.1363667880438937,
      0.432038579102517,
      0.41721822969396216
   ],
   "6": [
      2.263157894736842,
      1.062149061841415,
      0.5871252368753661,
      0.26164379152245676
   ],
   "7": [
      2.473684210526316,
      0.8567545479637453,
      0.3446793810653226,
      0.15851279995671597
   ],
   "8": [
      2.6842105263157894,
      0.7271067910702291,
      0.1933152884082704,
      0.06596758686781379
   ],
   "9": [
      2.894736842105263,
      0.805754329394926,
      0.12142462689283395,
      0.056409575587534566
   ],
   "10": [
      3.1052631578947367,
      0.900533158322864,
      0.08767983633586685,
      0.051028950675086615
   ],
   "11": [
      3.3157894736842106,
      1.0085245075085625,
      0.06882370908299973,
      0.04591102360411603
   ],
   "12": [
      3.526315789473684,
      1.1262420247272886,
      0.057033068632749595,
      0.041859788151314525
   ],
   "13": [
      3.7368421052631575,
      1.250009891895222,
      0.048822227424943465,
      0.038053656040796247
   ],
   "14": [
      3.9473684210526314,
      1.3753549637510192,
      0.04370786470747068,
      0.0352074678128369
   ],
   "15": [
      4.157894736842105,
      1.4973393766551126,
      0.04025703472768982,
      0.03292841849506778
   ],
   "16": [
      4.368421052631579,
      1.6119208827116729,
      0.037472401280420176,
      0.03131891156604816
   ],
   "17": [
      4.578947368421052,
      1.7168728233434432,
      0.03552418020776438,
      0.029884920185194064
   ],
   "18": [
      4.789473684210526,
      1.8115841850512888,
      0.03395473562784068,
      0.0286161025505256
   ],
   "19": [
      5.0,
      1.8965525740654734,
      0.032774755141270484,
      0.02719594650124546
   ]
}