{
   "0": [
      1.0,
      1.5298866625709668,
      1.4248296964954728,
      1.5137282479685394
   ],
   "1": [
      1.2105263157894737,
      0.015000001994413936,
      2.8942527309265293,
      -0.000948176375877817
   ],
   "2": [
      1.4210526315789473,
      0.01500000444400843,
      2.9179074724998397,
      -0.0012129146712639548
   ],
   "3": [
      1.631578947368421,
      1.529886728736994,
      1.446323418967219,
      1.5052429050745402
   ],
   "4": [
      1.8421052631578947,
      0.021075838044005982,
      2.9386678026039608,
      0.001801462847279861
   ],
   "5": [
      2.052631578947368,
      0.03503116975259817,
      2.897693095126421,
      0.010431928391499628
   ],
   "6": [
      2.263157894736842,
      0.21214957484273128,
      0.2893266454212517,
      0.17011030518932235
   ],
   "7": [
      2.473684210526316,
      0.6038547463202004,
      -0.2986652557387861,
      0.5300197438643092
   ],
   "8": [
      2.6842105263157894,
      1.1223209904714513,
      0.37372451428508535,
      0.4492056071096209
   ],
   "9": [
      2.894736842105263,
      0.9521287123091525,
      0.4902877070532764,
      0.22670108336236283
   ],
   "10": [
      3.1052631578947367,
      0.7422776124689999,
      0.2367823919397446,
      0.09039906130132369
   ],
   "11": [
      3.3157894736842106,
      0.8441889856491358,
      0.11973351900794127,
      0.061112222533547644
   ],
   "12": [
      3.526315789473684,
      0.9764975832658457,
      0.08497705371969333,
      0.0526156561539739
   ],
   "13": [
      3.7368421052631575,
      1.1253173450144867,
      0.06664044262135205,
      0.04620682083458183
   ],
   "14": [
      3.9473684210526314,
      1.2800816875513124,
      0.05638888836339695,
      0.04143694649643659
   ],
   "15": [
      4.157894736842105,
      1.4297002650933337,
      0.05014048737453414,
      0.038552745324480275
   ],
   "16": [
      4.368421052631579,
      1.565551443341256,
      0.04541127526161293,
      0.03624365864592116
   ],
   "17": [
      4.578947368421052,
      1.682438946249409,
      0.04268333443910022,
      0.034438672067286014
   ],
   "18": [
      4.789473684210526,
      1.7788003308590565,
      0.03988704648814645,
      0.03287213008302792
   ],
   "19": [
      5.0,
      1.8567717534070558,
      0.03816106399387764,
      0.03133376815450073
   ]
}