{
   "0": [
      1.0,
      0.01753225640956045,
      2.9406156840872355,
      0.003929624355612754
   ],
   "1": [
      1.1666666666666667,
      0.02497377566719936,
      2.9304875156691046,
      0.008089123966944892
   ],
   "2": [
      1.3333333333333333,
      0.035222872686404345,
      2.8842543746648808,
      0.013346642742370449
   ],
   "3": [
      1.5,
      0.049450189383845725,
      1.9070565461200366,
      0.016541268761557072
   ],
   "4": [
      1.6666666666666665,
      0.26076512551893394,
      0.043800273017108315,
      0.21026724348100506
   ],
   "5": [
      1.8333333333333333,
      0.0975984986028933,
      0.18625944455172308,
      0.02575401019119014
   ],
   "6": [
      2.0,
      0.13847153600601408,
      1.2821620664013378,
      0.03411374434502441
   ],
   "7": [
      2.1666666666666665,
      1.1669425084841094,
      0.5117744020268111,
      0.36186378474510317
   ],
   "8": [
      2.333333333333333,
      0.9900649731851238,
      0.5211888131165064,
      0.22167798627498925
   ],
   "9": [
      2.5,
      0.8334562667844376,
      0.3195409356593564,
      0.14896991211934485
   ],
   "10": [
      2.6666666666666665,
      0.7111870472996987,
      0.21815926464956403,
      0.05770946267235599
   ],
   "11": [
      2.833333333333333,
      0.7810852059876947,
      0.13515287831638156,
      0.057855867470246625
   ],
   "12": [
      3.0,
      0.8512750743394749,
      0.10229876475075483,
      0.05354896159201805
   ],
   "13": [
      3.1666666666666665,
      0.9308194348537877,
      0.08095708648485811,
      0.049396613140944456
   ],
   "14": [
      3.333333333333333,
      1.01800076249664,
      0.06743459881554448,
      0.045654004301838635
   ],
   "15": [
      3.5,
      1.111088250393946,
      0.057908328045827684,
      0.04213921451503744
   ],
   "16": [
      3.6666666666666665,
      1.2083357187170678,
      0.0517811789701208,
      0.03915991769944949
   ]
}