{
   "0": [
      1.0,
      0.04520703019757219,
      2.5441535897049894,
      0.015721577348308445
   ],
   "1": [
      1.2105263157894737,
      0.26388626015941713,
      0.008559129034176827,
      0.21385064913016255
   ],
   "2": [
      1.4210526315789473,
      1.115187454146607,
      0.48057245775101287,
      1.0319972905874946
   ],
   "3": [
      1.631578947368421,
      1.507836667386867,
      0.6356533716834571,
      0.5269980251139851
   ],
   "4": [
      1.8421052631578947,
      1.4494697496654585,
      0.8059872581048941,
      0.3807534194405404
   ],
   "5": [
      2.052631578947368,
      1.1652769430091232,
      0.475888222781399,
      0.23372316232537893
   ],
   "6": [
      2.263157894736842,
      0.9143766137688003,
      0.2737283946071125,
      0.13430277587496808
   ],
   "7": [
      2.473684210526316,
      0.8783072864014546,
      0.1610417533754266,
      0.061550264401306065
   ],
   "8": [
      2.6842105263157894,
      0.938753332076872,
      0.11386731757322566,
      0.0550847897182275
   ],
   "9": [
      2.894736842105263,
      1.0144645010551931,
      0.08603971707153857,
      0.049055626152156084
   ],
   "10": [
      3.1052631578947367,
      1.1036145274345666,
      0.06929480656627396,
      0.04418307665318277
   ],
   "11": [
      3.3157894736842106,
      1.2030853018062277,
      0.05780290314904324,
      0.04061995380141714
   ],
   "12": [
      3.526315789473684,
      1.30912762039975,
      0.05055177057280602,
      0.03743631127234415
   ],
   "13": [
      3.7368421052631575,
      1.4177591073760882,
      0.04504472750260069,
      0.03507852946486478
   ],
   "14": [
      3.9473684210526314,
      1.5252818009759053,
      0.0410411065479388,
      0.033123677327788315
   ],
   "15": [
      4.157894736842105,
      1.628296640665976,
      0.03825980545596286,
      0.031070418839433067
   ],
   "16": [
      4.368421052631579,
      1.7242699983601575,
      0.03614445622155471,
      0.02959769022279035
   ],
   "17": [
      4.578947368421052,
      1.811594510256099,
      0.03441168308550102,
      0.028727713677180855
   ],
   "18": [
      4.789473684210526,
      1.8892661032447822,
      0.03322260450193815,
      0.027589799771395418
   ],
   "19": [
      5.0,
      2.8929442482624137,
      -0.9032937755300179,
      0.9627156392941123
   ]
}