{
   "0": [
      1.0,
      1.4466645230877173,
      0.044945819355672656,
      0.7792219805530008
   ],
   "1": [
      1.2857142857142856,
      0.5000000006562726,
      0.9835802980580717,
      -0.024619528941761448
   ],
   "2": [
      1.5714285714285714,
      0.5000000000018985,
      0.5563470114171094,
      -0.0020938623252656496
   ],
   "3": [
      1.8571428571428572,
      1.3562694883460433,
      0.12450214086051448,
      0.5053457738368099
   ],
   "4": [
      2.142857142857143,
      1.3232241444883446,
      0.163613188860678,
      0.34344067541217993
   ],
   "5": [
      2.4285714285714284,
      0.9525059397625958,
      0.2932855528877799,
      0.1519405315485115
   ],
   "6": [
      2.7142857142857144,
      0.9441375266197817,
      0.13423566969368717,
      0.06419099311204879
   ],
   "7": [
      3.0,
      1.0470738747475714,
      0.08656178529382297,
      0.05339699079521132
   ],
   "8": [
      3.2857142857142856,
      1.1714124909274424,
      0.06263517043277789,
      0.04427673514582531
   ],
   "9": [
      3.571428571428571,
      1.3124052576838563,
      0.04987622355702359,
      0.03829720400619352
   ],
   "10": [
      3.8571428571428568,
      1.4606456231914413,
      0.034577053074239084,
      0.034027514429744166
   ],
   "11": [
      4.142857142857142,
      1.4999997230367108,
      -5.5433367715629345e-05,
      0.008027634556347252
   ],
   "12": [
      4.428571428571429,
      1.4999993776293905,
      -1.982054960225632e-05,
      0.0028010759433987342
   ],
   "13": [
      4.7142857142857135,
      1.4987474183792713,
      0.0012401005243063423,
      0.0005199064608245596
   ],
   "14": [
      5.0,
      1.4985733420299125,
      0.0014160540576539926,
      8.728507010236086e-05
   ]
}