{
   "0": [
      1.0,
      1.4999999975015674,
      -0.007280633752575705,
      0.7700225222727838
   ],
   "1": [
      1.2857142857142856,
      0.5000000015512007,
      0.9885795174045557,
      -0.06599185339784108
   ],
   "2": [
      1.5714285714285714,
      0.5000000008909378,
      0.9493578782291454,
      -0.006249713727488393
   ],
   "3": [
      1.8571428571428572,
      0.8437888683820465,
      0.3852365021562716,
      0.3309646479992273
   ],
   "4": [
      2.142857142857143,
      1.1937907073954017,
      0.26755735353575716,
      0.40131056413102373
   ],
   "5": [
      2.4285714285714284,
      0.8979399393148133,
      0.38191673865049647,
      0.17576715311715763
   ],
   "6": [
      2.7142857142857144,
      0.7375711205702182,
      0.17315526049147423,
      0.062770929225899
   ],
   "7": [
      3.0,
      0.8512774341407272,
      0.10135726792304112,
      0.0534791757409806
   ],
   "8": [
      3.2857142857142856,
      0.9924211042655946,
      0.07058051659369058,
      0.04683770489637251
   ],
   "9": [
      3.571428571428571,
      1.1523794589692045,
      0.05527555792067518,
      0.04092810091578869
   ],
   "10": [
      3.8571428571428568,
      1.321751034456704,
      0.045926043635361014,
      0.03633909443555461
   ],
   "11": [
      4.142857142857142,
      1.4886365773717511,
      0.010447081619159304,
      0.035913055376971315
   ],
   "12": [
      4.428571428571429,
      1.4999993116150228,
      -4.0744327497233e-05,
      0.005763742794588689
   ],
   "13": [
      4.7142857142857135,
      1.4999999066733771,
      -1.7857298134860145e-05,
      0.0024610672918090604
   ],
   "14": [
      5.0,
      1.4987474450044078,
      0.0012409225722564976,
      0.00043640715466408686
   ]
}