{
   "0": [
      1.0,
      0.2500000000000914,
      2.2376689363911155,
      -1.0675495807094821
   ],
   "1": [
      1.1666666666666667,
      0.2500000000781044,
      2.2370721590915803,
      -1.0503447241794617
   ],
   "2": [
      1.3333333333333333,
      0.2500000001162369,
      2.2367315172672826,
      -1.0392810830333157
   ],
   "3": [
      1.5,
      0.2500000000931655,
      2.236403622056426,
      -0.9975652356956048
   ],
   "4": [
      1.6666666666666665,
      0.25000000000004574,
      2.235702615018954,
      -0.9217068819765057
   ],
   "5": [
      1.8333333333333333,
      0.25000000017859125,
      2.234465978650817,
      -0.7980810769209626
   ],
   "6": [
      2.0,
      1.6533294878007745,
      0.827487489590206,
      1.1834111211805278
   ],
   "7": [
      2.1666666666666665,
      0.25000000000001,
      2.2035583692273155,
      -0.006442596105764309
   ],
   "8": [
      2.333333333333333,
      0.2581594984967268,
      0.4117216558980844,
      0.006364142909322579
   ],
   "9": [
      2.5,
      0.7003697062413419,
      0.04643516044786278,
      0.4487731313885695
   ],
   "10": [
      2.6666666666666665,
      1.0823286295479175,
      0.3762006649073404,
      0.4328944208346738
   ],
   "11": [
      2.833333333333333,
      1.0176456210828306,
      0.5775793653527528,
      0.27021755021644467
   ],
   "12": [
      3.0,
      0.8429064778773029,
      0.3329822930770959,
      0.1663060827320938
   ],
   "13": [
      3.1666666666666665,
      0.7644048721321486,
      0.16759155066547526,
      0.07303048259334721
   ],
   "14": [
      3.333333333333333,
      0.8543907885758153,
      0.11576824870657143,
      0.061124486359118824
   ],
   "15": [
      3.5,
      0.9588761264886656,
      0.08812405846024651,
      0.05328058592936025
   ],
   "16": [
      3.6666666666666665,
      1.0744801258403518,
      0.07113988736893484,
      0.04781281653242475
   ],
   "17": [
      3.833333333333333,
      1.1962164177088,
      0.06086113893076739,
      0.043863119827669106
   ],
   "18": [
      4.0,
      1.3183784855024974,
      0.05444829542966412,
      0.04077966037297642
   ],
   "19": [
      4.166666666666666,
      1.435692234120252,
      0.049997184025571295,
      0.03815277150658525
   ],
   "20": [
      4.333333333333333,
      1.5441355751623371,
      0.046109365102517286,
      0.03645015384048489
   ],
   "21": [
      4.5,
      1.6410181082183504,
      0.043417511813344634,
      0.03492616609438248
   ],
   "22": [
      4.666666666666666,
      1.7250287032224945,
      0.0414355901986736,
      0.033734761490969545
   ],
   "23": [
      4.833333333333333,
      1.7964312783290277,
      0.039789468937797334,
      0.03257390281332029
   ],
   "24": [
      5.0,
      1.8567481018764203,
      0.03786434912585257,
      0.031327972540780236
   ]
}