{
   "log10 r": [
      0.0,
      0.15,
      0.3,
      0.44999999999999996,
      0.6,
      0.75,
      0.8999999999999999,
      1.05,
      1.2,
      1.3499999999999999,
      1.5,
      1.65,
      1.7999999999999998,
      1.95,
      2.1,
      2.25,
      2.4,
      2.55,
      2.6999999999999997
   ],
   "Sum dv^2": [
      486617.7808465618,
      6340225.378814891,
      17507579.534724258,
      53898568.49452848,
      158825457.1119262,
      469074707.9382898,
      1526131463.119826,
      4286141891.369735,
      12087592558.360353,
      32219200080.580246,
      85540117386.83664,
      215612479402.5259,
      517232431380.653,
      1145045461051.396,
      2306532310673.9233,
      4512768938412.137,
      8237244336152.026,
      11444142196849.354,
      4621823928959.453
   ],
   "Sum weights": [
      1.4081948142874446e+16,
      2.803617877897921e+16,
      6.992343730595999e+16,
      1.529242088743817e+17,
      3.308750629289622e+17,
      6.250949521910298e+17,
      1.3311420077924754e+18,
      2.478462709760196e+18,
      4.798042854332273e+18,
      9.011534105020899e+18,
      1.705719311975344e+19,
      3.1118186900886385e+19,
      5.440547992761367e+19,
      9.067854404458929e+19,
      1.4714262193902023e+20,
      2.2749582708781705e+20,
      3.090522075419492e+20,
      3.400726155715301e+20,
      1.62009636705854e+20
   ],
   "Sum w * dv^2": [
      NaN,
      NaN,
      NaN,
      NaN,
      NaN,
      NaN,
      NaN,
      NaN,
      NaN,
      NaN,
      NaN,
      NaN,
      NaN,
      NaN,
      NaN,
      NaN,
      NaN,
      NaN,
      NaN
   ],
   "N pairs": [
      362380,
      722996,
      1804726,
      3958085,
      8604232,
      16396102,
      35403486,
      67312760,
      134030250,
      260972500,
      516865457,
      997537443,
      1891518935,
      3499610406,
      6250732354,
      10452417791,
      15592346515,
      17974794168,
      7911828104
   ],
   "Unweighted B(r)": [
      1.3428384040139132,
      8.769378224519764,
      9.700962658444693,
      13.617334770357,
      18.458992866757452,
      28.608916188633728,
      43.10681335504154,
      63.67502820222696,
      90.18555556197465,
      123.45821908660969,
      165.4978413208926,
      216.1447481651332,
      273.44819119172763,
      327.1922666272344,
      369.0019313013643,
      431.7440259896455,
      528.2876652483134,
      636.6772320109804,
      584.1663732080816
   ],
   "Weighted B(r)": [
      NaN,
      NaN,
      NaN,
      NaN,
      NaN,
      NaN,
      NaN,
      NaN,
      NaN,
      NaN,
      NaN,
      NaN,
      NaN,
      NaN,
      NaN,
      NaN,
      NaN,
      NaN,
      NaN
   ],
   "Unweighted mean velocity": 265.5564256804925,
   "Unweighted sigma^2": 252.11363212022405,
   "Weighted mean velocity": 262.790913021741,
   "Weighted sigma^2": 195.8367323746578
}