{
   "sfdata": "{\"('s', 'count')\":{\"0\":432.0,\"1\":319.0,\"2\":493.0,\"3\":1057.0,\"4\":1572.0,\"5\":2789.0,\"6\":4428.0,\"7\":6828.0,\"8\":10482.0,\"9\":16514.0,\"10\":24572.0,\"11\":35722.0,\"12\":47980.0,\"13\":61722.0,\"14\":63991.0,\"15\":51477.0,\"16\":26797.0,\"17\":7126.0,\"18\":515.0,\"19\":6.0},\"('s', 'mean')\":{\"0\":8.5394939935,\"1\":15.6950991477,\"2\":20.8620265033,\"3\":27.8853197338,\"4\":37.3591974431,\"5\":49.4559129204,\"6\":66.022316689,\"7\":88.1016795078,\"8\":117.2292718278,\"9\":155.8175565649,\"10\":207.911837362,\"11\":276.8866828658,\"12\":369.3893522458,\"13\":490.8397716882,\"14\":649.4885743292,\"15\":859.3752468695,\"16\":1135.3785411285,\"17\":1475.5517735984,\"18\":1909.5293474337,\"19\":2447.2228745904},\"('s', 'std')\":{\"0\":3.254621214,\"1\":1.2760286861,\"2\":1.6258661508,\"3\":2.2536536922,\"4\":3.000692439,\"5\":3.9986114011,\"6\":5.4235817147,\"7\":7.2271664972,\"8\":9.4990457916,\"9\":12.7613954807,\"10\":17.0842557294,\"11\":22.8198404267,\"12\":30.5380778474,\"13\":40.6376751583,\"14\":54.1605803602,\"15\":70.2963296755,\"16\":91.7937175317,\"17\":110.3251524031,\"18\":121.1711075758,\"19\":84.1288115535},\"('s', 'min')\":{\"0\":0.2044307919,\"1\":13.3365041997,\"2\":17.8441856016,\"3\":23.7290155059,\"4\":31.6260419325,\"5\":42.1803111244,\"6\":56.2505308872,\"7\":74.9924235348,\"8\":100.0010784624,\"9\":133.3523430404,\"10\":177.8401413756,\"11\":237.1482971109,\"12\":316.2301713442,\"13\":421.6967292456,\"14\":562.3490891972,\"15\":749.90675381,\"16\":1000.0073663631,\"17\":1333.5502986701,\"18\":1778.4590129982,\"19\":2372.1198178767},\"('s', '25%')\":{\"0\":6.3825871921,\"1\":14.5863624863,\"2\":19.5408077319,\"3\":26.0673901295,\"4\":35.0112659634,\"5\":46.2146483024,\"6\":61.248105224,\"7\":82.23096657,\"8\":109.2549767555,\"9\":144.8665199137,\"10\":193.2019156246,\"11\":257.6370397878,\"12\":343.0743451603,\"13\":455.2550290548,\"14\":601.7422842988,\"15\":797.6526114013,\"16\":1056.2959967033,\"17\":1384.8332888134,\"18\":1818.558245179,\"19\":2385.5180897619},\"('s', '50%')\":{\"0\":9.0187610673,\"1\":15.7367569751,\"2\":20.9579016305,\"3\":28.027325441,\"4\":37.5414483654,\"5\":49.5495574025,\"6\":66.2257412922,\"7\":88.3971141064,\"8\":117.5858489682,\"9\":155.7845270306,\"10\":208.1439666126,\"11\":276.3631110026,\"12\":369.7679442666,\"13\":490.7591629439,\"14\":645.487761227,\"15\":852.9663985726,\"16\":1122.3734955317,\"17\":1449.8069208237,\"18\":1872.0613222598,\"19\":2419.1598443645},\"('s', '75%')\":{\"0\":11.4066487609,\"1\":16.8351445363,\"2\":22.1215429188,\"3\":29.8935294393,\"4\":39.8974889021,\"5\":52.8358187732,\"6\":70.7201700037,\"7\":94.4418898754,\"8\":125.3010989765,\"9\":166.8331187196,\"10\":222.7468674136,\"11\":296.9625814689,\"12\":395.7856509923,\"13\":525.5035369468,\"14\":695.4395001897,\"15\":916.7117328111,\"16\":1205.547469234,\"17\":1548.7225234347,\"18\":1965.7252655407,\"19\":2488.0077681114},\"('s', 'max')\":{\"0\":13.3187426234,\"1\":17.7660595275,\"2\":23.7076229093,\"3\":31.6178563243,\"4\":42.1664726909,\"5\":56.2322995977,\"6\":74.9880615931,\"7\":99.9970415198,\"8\":133.3456049259,\"9\":177.8259214489,\"10\":237.1363933706,\"11\":316.2259299451,\"12\":421.6899675737,\"13\":562.3377672514,\"14\":749.8925197429,\"15\":999.9887134478,\"16\":1333.4859308494,\"17\":1778.0381333367,\"18\":2367.2092842479,\"19\":2587.6364933491},\"('dV2', 'count')\":{\"0\":432.0,\"1\":319.0,\"2\":493.0,\"3\":1057.0,\"4\":1572.0,\"5\":2789.0,\"6\":4428.0,\"7\":6828.0,\"8\":10482.0,\"9\":16514.0,\"10\":24572.0,\"11\":35722.0,\"12\":47980.0,\"13\":61722.0,\"14\":63991.0,\"15\":51477.0,\"16\":26797.0,\"17\":7126.0,\"18\":515.0,\"19\":6.0},\"('dV2', 'mean')\":{\"0\":14.4550809881,\"1\":17.7989203394,\"2\":17.0957891057,\"3\":21.4328227888,\"4\":22.2437575276,\"5\":25.2080309265,\"6\":29.0040791702,\"7\":29.3139135997,\"8\":30.7428228177,\"9\":33.3739338238,\"10\":36.8589669975,\"11\":39.0993435858,\"12\":39.4354001925,\"13\":38.4579514523,\"14\":35.7525982681,\"15\":33.9609718688,\"16\":32.7441589939,\"17\":29.8755880298,\"18\":28.7332352513,\"19\":19.0422595172},\"('dV2', 'std')\":{\"0\":33.1282997726,\"1\":31.4861641553,\"2\":29.7558839774,\"3\":41.088376111,\"4\":46.8471614092,\"5\":39.2420257103,\"6\":46.8712535348,\"7\":44.4760227319,\"8\":45.861997319,\"9\":48.8865362124,\"10\":53.0166280584,\"11\":55.308042478,\"12\":53.4713776056,\"13\":52.8676276961,\"14\":52.2606417524,\"15\":48.0311508797,\"16\":45.9433064714,\"17\":41.9102394495,\"18\":44.0085017662,\"19\":32.0134738365},\"('dV2', 'min')\":{\"0\":0.0002581224,\"1\":0.0000293013,\"2\":0.0000285095,\"3\":0.000066132,\"4\":0.0000002558,\"5\":0.0000004608,\"6\":0.0000006536,\"7\":0.0000000451,\"8\":0.0000000298,\"9\":0.0000002746,\"10\":0.0000000011,\"11\":0.000000001,\"12\":0.0,\"13\":0.0000000003,\"14\":0.0000000089,\"15\":0.0000000489,\"16\":0.0000000238,\"17\":0.0000053543,\"18\":0.0000295431,\"19\":0.0217725623},\"('dV2', '25%')\":{\"0\":0.7036673953,\"1\":1.096273892,\"2\":1.0216605646,\"3\":1.4822849048,\"4\":1.3663644213,\"5\":1.8279807304,\"6\":2.2344696319,\"7\":2.7473409003,\"8\":2.6750010791,\"9\":3.1346848558,\"10\":3.3617153458,\"11\":3.6996945294,\"12\":4.0607705432,\"13\":3.8994010549,\"14\":3.49030635,\"15\":3.5224284243,\"16\":3.424057484,\"17\":4.4568231324,\"18\":2.9764543116,\"19\":3.5252299015},\"('dV2', '50%')\":{\"0\":2.9437810005,\"1\":5.9734675285,\"2\":6.1325905901,\"3\":5.8327380937,\"4\":6.7393394261,\"5\":9.6718458768,\"6\":10.6674156992,\"7\":12.3542569581,\"8\":12.9719388267,\"9\":14.1939547191,\"10\":16.088676314,\"11\":17.9130371055,\"12\":18.3686241085,\"13\":17.7659617281,\"14\":15.5284923863,\"15\":15.2366717744,\"16\":15.2805234758,\"17\":16.0261798261,\"18\":13.4040491599,\"19\":7.0229343266},\"('dV2', '75%')\":{\"0\":10.7122938426,\"1\":18.6297205488,\"2\":17.2824414705,\"3\":23.3047385372,\"4\":21.8597132463,\"5\":30.3100364433,\"6\":35.2958992308,\"7\":36.4761612258,\"8\":38.3644371733,\"9\":42.5214509737,\"10\":48.1064998684,\"11\":51.8981785726,\"12\":53.7451585154,\"13\":51.6368034742,\"14\":45.932743733,\"15\":43.790504008,\"16\":43.1425422993,\"17\":38.2275794363,\"18\":31.9655345166,\"19\":12.3823391574},\"('dV2', 'max')\":{\"0\":244.3981589701,\"1\":193.8248633059,\"2\":196.8534856298,\"3\":426.9336946126,\"4\":656.6131284211,\"5\":377.9983613889,\"6\":538.2069955635,\"7\":448.4415803657,\"8\":363.8056858826,\"9\":432.9585976533,\"10\":489.0736657486,\"11\":639.5056494159,\"12\":614.363428301,\"13\":522.0220895087,\"14\":545.2176419333,\"15\":497.9895669073,\"16\":618.7397035219,\"17\":492.3822256996,\"18\":266.2185733046,\"19\":83.6577800267}}",
   "sig2": 17.887221714554784
}