{
   "s": [
      0.11926416555294585,
      0.13381659468732976,
      0.1501446887310301,
      0.16846511157163982,
      0.18902096408941912,
      0.21208500995827695,
      0.23796329505400246,
      0.2669992084970939,
      0.29957803921775694,
      0.3361320885059206,
      0.3771464063867038,
      0.42316522793954964,
      0.4747991949670715,
      0.5327334588407702,
      0.5977367720434597,
      0.6706716890476475,
      0.7525060118893286,
      0.8443256323129994,
      0.9473489408953595,
      1.0629429943480133,
      1.1926416555294586,
      1.3381659468732978,
      1.501446887310301,
      1.6846511157163986,
      1.890209640894192,
      2.1208500995827695,
      2.3796329505400244,
      2.6699920849709393,
      2.9957803921775703,
      3.361320885059208
   ],
   "b2": [
      6.922432431927976,
      NaN,
      NaN,
      7.344940106855303,
      NaN,
      NaN,
      7.4111210348892715,
      NaN,
      NaN,
      7.4653106410829615,
      8.476381124398884,
      8.251766969238929,
      8.657635171407817,
      8.63164952580828,
      9.058017173575132,
      9.150535898725137,
      9.217407044288807,
      9.133772485297943,
      9.103540245260142,
      9.139371183744005,
      9.090217209025765,
      8.977707803778879,
      9.037606962677177,
      9.115677226270067,
      8.665960907241644,
      8.307605344627582,
      7.755421805302299,
      6.155942008878197,
      3.9162210722891535,
      2.595504881746031
   ],
   "pc": 0.11926416555294585,
   "pix": 1.0,
   "box_size": 2.7404818820239205,
   "results": {
      "sig2": 7.614219888888889,
      "r0": 0.3361320885059206,
      "r1": NaN,
      "r2": NaN
   },
   "SF": {
      "log10 r": [
         0.0,
         0.05,
         0.1,
         0.15000000000000002,
         0.2,
         0.25,
         0.30000000000000004,
         0.35000000000000003,
         0.4,
         0.45,
         0.5,
         0.55,
         0.6000000000000001,
         0.65,
         0.7000000000000001,
         0.75,
         0.8,
         0.8500000000000001,
         0.9,
         0.9500000000000001,
         1.0,
         1.05,
         1.1,
         1.1500000000000001,
         1.2000000000000002,
         1.25,
         1.3,
         1.35,
         1.4000000000000001,
         1.4500000000000002
      ],
      "Sum dv^2": [
         3502.7508105555557,
         0.0,
         0.0,
         7095.212143222222,
         0.0,
         0.0,
         17253.089769222224,
         0.0,
         0.0,
         10018.446880333335,
         14884.525254444441,
         13829.961440444444,
         25159.087808111115,
         30435.196227999997,
         27971.157032000006,
         37004.76717444445,
         60539.92946688888,
         46801.45021466666,
         64234.57997055556,
         79622.20175277778,
         106846.41307488884,
         93763.18030266662,
         105414.6476126666,
         123608.58318822211,
         104563.48430677767,
         93743.01870877764,
         64649.19616899996,
         23035.534997222214,
         3900.556187999997,
         363.37068344444435
      ],
      "Sum weights": [
         506.0,
         0.0,
         0.0,
         966.0,
         0.0,
         0.0,
         2328.0,
         0.0,
         0.0,
         1342.0,
         1756.0,
         1676.0,
         2906.0,
         3526.0,
         3088.0,
         4044.0,
         6568.0,
         5124.0,
         7056.0,
         8712.0,
         11754.0,
         10444.0,
         11664.0,
         13560.0,
         12066.0,
         11284.0,
         8336.0,
         3742.0,
         996.0,
         140.0
      ],
      "Sum w * dv^2": [
         3502.7508105555557,
         0.0,
         0.0,
         7095.212143222222,
         0.0,
         0.0,
         17253.089769222224,
         0.0,
         0.0,
         10018.446880333335,
         14884.525254444441,
         13829.961440444444,
         25159.087808111115,
         30435.196227999997,
         27971.157032000006,
         37004.76717444445,
         60539.92946688888,
         46801.45021466666,
         64234.57997055556,
         79622.20175277778,
         106846.41307488884,
         93763.18030266662,
         105414.6476126666,
         123608.58318822211,
         104563.48430677767,
         93743.01870877764,
         64649.19616899996,
         23035.534997222214,
         3900.556187999997,
         363.37068344444435
      ],
      "N pairs": [
         506,
         0,
         0,
         966,
         0,
         0,
         2328,
         0,
         0,
         1342,
         1756,
         1676,
         2906,
         3526,
         3088,
         4044,
         6568,
         5124,
         7056,
         8712,
         11754,
         10444,
         11664,
         13560,
         12066,
         11284,
         8336,
         3742,
         996,
         140
      ],
      "Unweighted B(r)": [
         6.922432431927976,
         NaN,
         NaN,
         7.344940106855303,
         NaN,
         NaN,
         7.4111210348892715,
         NaN,
         NaN,
         7.4653106410829615,
         8.476381124398884,
         8.251766969238929,
         8.657635171407817,
         8.63164952580828,
         9.058017173575132,
         9.150535898725137,
         9.217407044288807,
         9.133772485297943,
         9.103540245260142,
         9.139371183744005,
         9.090217209025765,
         8.977707803778879,
         9.037606962677177,
         9.115677226270067,
         8.665960907241644,
         8.307605344627582,
         7.755421805302299,
         6.155942008878197,
         3.9162210722891535,
         2.595504881746031
      ],
      "Weighted B(r)": [
         6.922432431927976,
         NaN,
         NaN,
         7.344940106855303,
         NaN,
         NaN,
         7.4111210348892715,
         NaN,
         NaN,
         7.4653106410829615,
         8.476381124398884,
         8.251766969238929,
         8.657635171407817,
         8.63164952580828,
         9.058017173575132,
         9.150535898725137,
         9.217407044288807,
         9.133772485297943,
         9.103540245260142,
         9.139371183744005,
         9.090217209025765,
         8.977707803778879,
         9.037606962677177,
         9.115677226270067,
         8.665960907241644,
         8.307605344627582,
         7.755421805302299,
         6.155942008878197,
         3.9162210722891535,
         2.595504881746031
      ],
      "Unweighted mean velocity": -1.170333333333333,
      "Unweighted sigma^2": 7.614219888888889
   },
   "VF": {
      "name": "Hanel-EON-O",
      "pc": 0.11926416555294585,
      "s0": 0.045578661994756374,
      "pix": 1.0,