{
   "s": [
      0.11926416555294585,
      0.13381659468732976,
      0.1501446887310301,
      0.16846511157163982,
      0.18902096408941912,
      0.21208500995827695,
      0.23796329505400246,
      0.2669992084970939,
      0.29957803921775694,
      0.3361320885059206,
      0.3771464063867038,
      0.42316522793954964,
      0.4747991949670715,
      0.5327334588407702,
      0.5977367720434597,
      0.6706716890476475,
      0.7525060118893286,
      0.8443256323129994,
      0.9473489408953595,
      1.0629429943480133,
      1.1926416555294586,
      1.3381659468732978,
      1.501446887310301,
      1.6846511157163986,
      1.890209640894192,
      2.1208500995827695,
      2.3796329505400244,
      2.6699920849709393,
      2.9957803921775703,
      3.361320885059208,
      3.7714640638670383
   ],
   "b2": [
      5.8767002266084045,
      NaN,
      NaN,
      6.908295412597087,
      NaN,
      NaN,
      7.600952476634913,
      NaN,
      NaN,
      7.998692135080096,
      8.213630000785999,
      8.304429431888847,
      8.991404788456805,
      9.386761697101338,
      9.72905007737275,
      10.320214887233854,
      11.05997882117895,
      11.476080889680427,
      11.773111297253433,
      11.863433537161661,
      12.208534745347906,
      12.395788520426493,
      12.678570244291555,
      12.94914357943516,
      12.95644730087103,
      12.401103844862382,
      10.803889277389656,
      8.201177550837595,
      5.638786084356051,
      3.315133349300751,
      3.9669120091929315
   ],
   "pc": 0.11926416555294585,
   "pix": 1.0,
   "box_size": 3.091680526242516,
   "results": {
      "sig2": 10.235104362626533,
      "r0": 0.6601711840364031,
      "r1": NaN,
      "r2": NaN
   },
   "SF": {
      "log10 r": [
         0.0,
         0.05,
         0.1,
         0.15000000000000002,
         0.2,
         0.25,
         0.30000000000000004,
         0.35000000000000003,
         0.4,
         0.45,
         0.5,
         0.55,
         0.6000000000000001,
         0.65,
         0.7000000000000001,
         0.75,
         0.8,
         0.8500000000000001,
         0.9,
         0.9500000000000001,
         1.0,
         1.05,
         1.1,
         1.1500000000000001,
         1.2000000000000002,
         1.25,
         1.3,
         1.35,
         1.4000000000000001,
         1.4500000000000002,
         1.5
      ],
      "Sum dv^2": [
         3808.101746842246,
         0.0,
         0.0,
         8580.102902445582,
         0.0,
         0.0,
         22863.66504971782,
         0.0,
         0.0,
         13949.719083579686,
         18759.93092179522,
         18203.309314700353,
         34257.25224402043,
         43704.76246170383,
         39733.44051599032,
         55605.317812416004,
         97571.1331604407,
         79735.81002149961,
         113539.88535071211,
         143144.1890593926,
         202173.33538296132,
         186581.40880945956,
         219009.6223998923,
         270300.4230771295,
         255915.7470868046,
         251965.62791991388,
         203696.52843590456,
         108944.44258532663,
         38558.019244826675,
         6948.519500134374,
         1150.4044826659501
      ],
      "Sum weights": [
         648.0,
         0.0,
         0.0,
         1242.0,
         0.0,
         0.0,
         3008.0,
         0.0,
         0.0,
         1744.0,
         2284.0,
         2192.0,
         3810.0,
         4656.0,
         4084.0,
         5388.0,
         8822.0,
         6948.0,
         9644.0,
         12066.0,
         16560.0,
         15052.0,
         17274.0,
         20874.0,
         19752.0,
         20318.0,
         18854.0,
         13284.0,
         6838.0,
         2096.0,
         290.0
      ],
      "Sum w * dv^2": [
         3808.101746842246,
         0.0,
         0.0,
         8580.102902445582,
         0.0,
         0.0,
         22863.66504971782,
         0.0,
         0.0,
         13949.719083579686,
         18759.93092179522,
         18203.309314700353,
         34257.25224402043,
         43704.76246170383,
         39733.44051599032,
         55605.317812416004,
         97571.1331604407,
         79735.81002149961,
         113539.88535071211,
         143144.1890593926,
         202173.33538296132,
         186581.40880945956,
         219009.6223998923,
         270300.4230771295,
         255915.7470868046,
         251965.62791991388,
         203696.52843590456,
         108944.44258532663,
         38558.019244826675,
         6948.519500134374,
         1150.4044826659501
      ],
      "N pairs": [
         648,
         0,
         0,
         1242,
         0,
         0,
         3008,
         0,
         0,
         1744,
         2284,
         2192,
         3810,
         4656,
         4084,
         5388,
         8822,
         6948,
         9644,
         12066,
         16560,
         15052,
         17274,
         20874,
         19752,
         20318,
         18854,
         13284,
         6838,
         2096,
         290
      ],
      "Unweighted B(r)": [
         5.8767002266084045,
         NaN,
         NaN,
         6.908295412597087,
         NaN,
         NaN,
         7.600952476634913,
         NaN,
         NaN,
         7.998692135080096,
         8.213630000785999,
         8.304429431888847,
         8.991404788456805,
         9.386761697101338,
         9.72905007737275,
         10.320214887233854,
         11.05997882117895,
         11.476080889680427,
         11.773111297253433,
         11.863433537161661,
         12.208534745347906,
         12.395788520426493,
         12.678570244291555,
         12.94914357943516,
         12.95644730087103,
         12.401103844862382,
         10.803889277389656,
         8.201177550837595,
         5.638786084356051,
         3.315133349300751,
         3.9669120091929315
      ],
      "Weighted B(r)": [
         5.8767002266084045,
         NaN,
         NaN,
         6.908295412597087,
         NaN,
         NaN,
         7.600952476634913,
         NaN,
         NaN,
         7.998692135080096,
         8.213630000785999,
         8.304429431888847,
         8.991404788456805,
         9.386761697101338,
         9.72905007737275,
         10.320214887233854,
         11.05997882117895,
         11.476080889680427,
         11.773111297253433,
         11.863433537161661,
         12.208534745347906,
         12.395788520426493,
         12.678570244291555,
         12.94914357943516,
         12.95644730087103,
         12.401103844862382,
         10.803889277389656,
         8.201177550837595,
         5.638786084356051,
         3.315133349300751,
         3.9669120091929315
      ],
      "Unweighted mean velocity": -1.2262295081967216,
      "Unweighted sigma^2": 10.235104362626533
   },
   "VF": {
      "name": "Hanel-EON-H",
      "pc": 0.11926416555294585,
      "s0": 0.045578661994756374,
      "pix": 1.0,